{
"type": "FeatureCollection",
"name": "ff1d6760b5e84abe6de443d40f9c0d96",
"crs": { "type": "name", "properties": { "name": "urn:ogc:def:crs:OGC:1.3:CRS84" } },
"features": [
{ "type": "Feature", "properties": { "tessellate": -1, "extrude": 0, "visibility": -1 }, "geometry": { "type": "LineString", "coordinates": [ [ 36.589794, 48.424675 ], [ 36.588081, 48.422657 ], [ 36.580527, 48.415816 ], [ 36.574457, 48.411821 ], [ 36.572545, 48.409035 ], [ 36.572202, 48.400322 ], [ 36.559153, 48.399243 ], [ 36.561298, 48.389913 ], [ 36.546364, 48.38796 ], [ 36.549454, 48.380155 ], [ 36.55014, 48.375191 ], [ 36.54645, 48.372285 ], [ 36.539265, 48.371778 ], [ 36.537011, 48.368239 ], [ 36.528769, 48.367778 ], [ 36.522503, 48.366581 ], [ 36.516666, 48.361623 ], [ 36.513318, 48.354783 ], [ 36.501475, 48.354042 ], [ 36.490403, 48.355524 ], [ 36.48148, 48.354327 ] ] } },
{ "type": "Feature", "properties": { "tessellate": -1, "extrude": 0, "visibility": -1 }, "geometry": { "type": "LineString", "coordinates": [ [ 36.482103, 48.351634 ], [ 36.477699, 48.351144 ], [ 36.475639, 48.356674 ], [ 36.462765, 48.354828 ], [ 36.457529, 48.354096 ], [ 36.451864, 48.354153 ], [ 36.446199, 48.355749 ], [ 36.437316, 48.360618 ], [ 36.438732, 48.361901 ], [ 36.433582, 48.367373 ], [ 36.430922, 48.370051 ], [ 36.428729, 48.371956 ], [ 36.425171, 48.37325 ], [ 36.42148, 48.37325 ] ] } },
{ "type": "Feature", "properties": { "tessellate": -1, "extrude": 0, "visibility": -1 }, "geometry": { "type": "LineString", "coordinates": [ [ 37.092073, 48.634985 ], [ 37.086708, 48.633057 ], [ 37.079928, 48.631043 ], [ 37.07761, 48.630021 ], [ 37.065981, 48.625399 ], [ 37.062503, 48.624548 ], [ 37.062074, 48.623867 ], [ 37.062074, 48.622364 ], [ 37.059714, 48.620747 ], [ 37.058169, 48.619216 ], [ 37.050102, 48.621286 ], [ 37.04624, 48.62208 ], [ 37.034093, 48.625145 ], [ 37.031433, 48.625513 ], [ 37.021992, 48.627782 ], [ 37.015942, 48.626336 ], [ 37.013152, 48.62591 ], [ 37.013152, 48.627045 ], [ 37.010921, 48.628491 ], [ 37.007144, 48.629908 ], [ 37.005985, 48.628831 ], [ 37.001863, 48.624014 ], [ 37.000146, 48.620951 ], [ 36.996157, 48.61632 ], [ 36.992724, 48.616888 ], [ 36.989672, 48.617377 ], [ 36.985467, 48.615789 ], [ 36.984094, 48.615902 ], [ 36.982549, 48.617604 ], [ 36.975426, 48.61715 ], [ 36.967787, 48.617094 ], [ 36.963668, 48.616413 ], [ 36.960578, 48.612839 ], [ 36.95989, 48.610283 ], [ 36.958517, 48.609432 ], [ 36.952595, 48.600294 ], [ 36.951393, 48.597116 ], [ 36.948904, 48.595754 ], [ 36.944956, 48.59513 ], [ 36.935778, 48.59218 ], [ 36.927109, 48.591612 ], [ 36.918011, 48.59252 ], [ 36.905737, 48.593258 ], [ 36.895008, 48.594089 ] ] } },
{ "type": "Feature", "properties": { "tessellate": -1, "extrude": 0, "visibility": -1 }, "geometry": { "type": "LineString", "coordinates": [ [ 36.63741, 48.668986 ], [ 36.635333, 48.670691 ], [ 36.63219, 48.67373 ], [ 36.627532, 48.675212 ], [ 36.625848, 48.675175 ], [ 36.623996, 48.673545 ], [ 36.623726, 48.666999 ], [ 36.621434, 48.666105 ], [ 36.604979, 48.647736 ], [ 36.595189, 48.636037 ], [ 36.58752, 48.63194 ], [ 36.584516, 48.63296 ] ] } },
{ "type": "Feature", "properties": { "tessellate": -1, "extrude": 0, "visibility": -1 }, "geometry": { "type": "LineString", "coordinates": [ [ 37.202797, 48.507339 ], [ 37.202539, 48.50893 ], [ 37.206917, 48.51126 ], [ 37.211809, 48.512454 ], [ 37.214642, 48.513816 ], [ 37.228027, 48.512159 ], [ 37.244501, 48.516154 ], [ 37.258034, 48.52122 ], [ 37.270356, 48.528429 ], [ 37.282271, 48.533859 ], [ 37.304845, 48.540929 ], [ 37.310979, 48.546836 ] ] } },
{ "type": "Feature", "properties": { "tessellate": -1, "extrude": 0, "visibility": -1 }, "geometry": { "type": "LineString", "coordinates": [ [ 37.71143, 48.888355 ], [ 37.697697, 48.890955 ], [ 37.694778, 48.891744 ], [ 37.684221, 48.895636 ], [ 37.671003, 48.900768 ], [ 37.665167, 48.902912 ], [ 37.65873, 48.903589 ], [ 37.642508, 48.905192 ], [ 37.639246, 48.905249 ], [ 37.63401, 48.904877 ], [ 37.630191, 48.904426 ], [ 37.627487, 48.90561 ], [ 37.622938, 48.905949 ], [ 37.606544, 48.905301 ], [ 37.605429, 48.903781 ], [ 37.599764, 48.903612 ], [ 37.59264, 48.90307 ], [ 37.579594, 48.900928 ], [ 37.570817, 48.899599 ], [ 37.568994, 48.899218 ], [ 37.565088, 48.898446 ] ] } },
{ "type": "Feature", "properties": { "tessellate": -1, "extrude": 0, "visibility": -1 }, "geometry": { "type": "LineString", "coordinates": [ [ 37.567577, 48.884136 ], [ 37.573328, 48.883691 ], [ 37.57822, 48.884706 ], [ 37.58749, 48.887019 ], [ 37.586975, 48.888993 ], [ 37.585173, 48.892998 ], [ 37.586117, 48.895592 ], [ 37.600451, 48.899938 ], [ 37.606459, 48.898359 ], [ 37.611694, 48.899318 ], [ 37.614784, 48.90011 ], [ 37.618904, 48.899772 ], [ 37.634096, 48.899941 ], [ 37.640216, 48.901021 ], [ 37.639811, 48.900289 ], [ 37.639811, 48.893769 ], [ 37.638388, 48.893399 ], [ 37.638302, 48.889789 ], [ 37.639503, 48.887984 ], [ 37.639332, 48.886179 ], [ 37.635641, 48.883133 ], [ 37.630577, 48.878384 ], [ 37.631092, 48.877707 ] ] } },
{ "type": "Feature", "properties": { "tessellate": -1, "extrude": 0, "visibility": -1 }, "geometry": { "type": "LineString", "coordinates": [ [ 37.718468, 48.796784 ], [ 37.72176, 48.799139 ], [ 37.725506, 48.804807 ], [ 37.722502, 48.81362 ], [ 37.724648, 48.819382 ], [ 37.724991, 48.824578 ], [ 37.727909, 48.827353 ], [ 37.736235, 48.829499 ], [ 37.738037, 48.830572 ] ] } },
{ "type": "Feature", "properties": { "tessellate": -1, "extrude": 0, "visibility": -1 }, "geometry": { "type": "LineString", "coordinates": [ [ 35.513021, 47.832157 ], [ 35.522404, 47.833962 ], [ 35.533819, 47.834999 ], [ 35.547466, 47.838108 ], [ 35.553131, 47.839145 ], [ 35.557313, 47.84002 ], [ 35.575447, 47.843831 ], [ 35.626774, 47.853901 ], [ 35.643253, 47.850102 ], [ 35.662222, 47.856163 ], [ 35.675337, 47.862425 ], [ 35.680059, 47.865246 ], [ 35.691216, 47.86611 ], [ 35.699301, 47.866937 ], [ 35.707111, 47.882352 ], [ 35.741529, 47.882158 ], [ 35.744019, 47.881469 ], [ 35.755777, 47.880549 ], [ 35.764102, 47.880495 ], [ 35.768565, 47.878222 ], [ 35.777749, 47.876582 ], [ 35.782616, 47.876075 ], [ 35.782616, 47.87238 ], [ 35.783809, 47.866363 ], [ 35.784376, 47.860907 ], [ 35.785704, 47.858411 ], [ 35.78597, 47.854965 ], [ 35.78411, 47.850033 ], [ 35.789307, 47.844379 ], [ 35.791122, 47.827974 ], [ 35.792234, 47.822597 ], [ 35.792012, 47.819983 ], [ 35.799012, 47.808791 ], [ 35.801572, 47.805084 ], [ 35.805331, 47.803419 ], [ 35.80795, 47.798619 ], [ 35.810433, 47.791588 ], [ 35.806264, 47.790516 ], [ 35.782371, 47.779214 ], [ 35.769079, 47.77791 ], [ 35.766441, 47.777169 ], [ 35.762987, 47.777201 ], [ 35.734848, 47.774247 ], [ 35.739754, 47.747795 ], [ 35.70749, 47.744175 ], [ 35.704717, 47.745355 ], [ 35.701668, 47.745728 ], [ 35.69372, 47.749333 ], [ 35.6903, 47.75654 ], [ 35.654611, 47.752464 ], [ 35.581514, 47.743289 ], [ 35.583922, 47.73422 ], [ 35.579311, 47.726136 ], [ 35.578555, 47.722678 ], [ 35.580885, 47.714622 ], [ 35.582121, 47.713342 ], [ 35.582502, 47.710269 ], [ 35.582312, 47.705148 ] ] } },
{ "type": "Feature", "properties": { "tessellate": -1, "extrude": 0, "visibility": -1 }, "geometry": { "type": "LineString", "coordinates": [ [ 35.20586, 48.340446 ], [ 35.210838, 48.341358 ], [ 35.223198, 48.342385 ], [ 35.226288, 48.3421 ], [ 35.228004, 48.339249 ] ] } },
{ "type": "Feature", "properties": { "tessellate": -1, "extrude": 0, "visibility": -1 }, "geometry": { "type": "LineString", "coordinates": [ [ 32.471294, 46.827705 ], [ 32.464771, 46.827118 ], [ 32.447605, 46.826179 ], [ 32.446575, 46.823714 ], [ 32.44297, 46.816411 ], [ 32.44297, 46.813828 ], [ 32.441597, 46.806313 ], [ 32.444172, 46.7968 ], [ 32.445717, 46.784701 ], [ 32.450008, 46.764584 ], [ 32.435246, 46.760705 ], [ 32.429409, 46.7533 ], [ 32.425804, 46.748951 ], [ 32.426662, 46.740251 ], [ 32.430096, 46.732373 ], [ 32.430782, 46.721318 ], [ 32.435932, 46.713201 ], [ 32.437759, 46.706486 ], [ 32.461331, 46.704196 ], [ 32.473903, 46.715106 ], [ 32.480392, 46.716301 ], [ 32.48778, 46.715343 ], [ 32.499959, 46.716301 ], [ 32.507143, 46.727265 ], [ 32.512008, 46.731075 ], [ 32.527181, 46.725756 ], [ 32.535407, 46.722005 ], [ 32.542418, 46.721568 ], [ 32.550916, 46.717344 ], [ 32.563238, 46.715014 ] ] } },
{ "type": "Feature", "properties": { "tessellate": -1, "extrude": 0, "visibility": -1 }, "geometry": { "type": "LineString", "coordinates": [ [ 32.511635, 46.835788 ], [ 32.505798, 46.842947 ], [ 32.502279, 46.841832 ], [ 32.494984, 46.841832 ] ] } },
{ "type": "Feature", "properties": { "tessellate": -1, "extrude": 0, "visibility": -1 }, "geometry": { "type": "LineString", "coordinates": [ [ 32.502751, 46.938283 ], [ 32.503996, 46.938283 ], [ 32.505026, 46.9343 ], [ 32.507772, 46.919153 ], [ 32.508373, 46.91569 ], [ 32.513866, 46.893877 ], [ 32.517471, 46.881322 ], [ 32.516785, 46.879974 ], [ 32.513523, 46.873465 ], [ 32.514124, 46.867706 ], [ 32.518759, 46.864482 ], [ 32.520218, 46.863421 ], [ 32.521076, 46.861251 ], [ 32.518158, 46.855972 ], [ 32.513008, 46.850105 ], [ 32.505798, 46.842947 ] ] } },
{ "type": "Feature", "properties": { "tessellate": -1, "extrude": 0, "visibility": -1 }, "geometry": { "type": "LineString", "coordinates": [ [ 35.405624, 47.735103 ], [ 35.407726, 47.74113 ], [ 35.408279, 47.74418 ], [ 35.409164, 47.746486 ], [ 35.416355, 47.746412 ], [ 35.429852, 47.747379 ], [ 35.438813, 47.748569 ], [ 35.446557, 47.748495 ], [ 35.448327, 47.749908 ], [ 35.447774, 47.751544 ], [ 35.445499, 47.761268 ], [ 35.458412, 47.775615 ], [ 35.462594, 47.781293 ], [ 35.473714, 47.79908 ], [ 35.478238, 47.805716 ], [ 35.478885, 47.807948 ], [ 35.475394, 47.813199 ], [ 35.472177, 47.81864 ], [ 35.47027, 47.82072 ], [ 35.47097, 47.829807 ], [ 35.468626, 47.832214 ], [ 35.468212, 47.836193 ], [ 35.46904, 47.837489 ], [ 35.465869, 47.846002 ], [ 35.461378, 47.860238 ], [ 35.455885, 47.865821 ], [ 35.454597, 47.871806 ], [ 35.450048, 47.878719 ], [ 35.454254, 47.883724 ], [ 35.46464, 47.891145 ], [ 35.464211, 47.90462 ], [ 35.467815, 47.907552 ], [ 35.472965, 47.910542 ], [ 35.469275, 47.929932 ], [ 35.479231, 47.931081 ], [ 35.478802, 47.935679 ], [ 35.484072, 47.936138 ], [ 35.488928, 47.936688 ], [ 35.491505, 47.937117 ], [ 35.49159, 47.939646 ], [ 35.494509, 47.942404 ], [ 35.491333, 47.950855 ], [ 35.49087, 47.952749 ], [ 35.490272, 47.955151 ], [ 35.480412, 47.956351 ], [ 35.469656, 47.959252 ], [ 35.467558, 47.959767 ], [ 35.465155, 47.962697 ], [ 35.459146, 47.965282 ], [ 35.454512, 47.964765 ], [ 35.452709, 47.964822 ], [ 35.448761, 47.962927 ], [ 35.446358, 47.962582 ], [ 35.439491, 47.960686 ], [ 35.435286, 47.961376 ], [ 35.420179, 47.962122 ], [ 35.389881, 47.959366 ], [ 35.386877, 47.96994 ], [ 35.385504, 47.976889 ] ] } },
{ "type": "Feature", "properties": { "tessellate": -1, "extrude": 0, "visibility": -1 }, "geometry": { "type": "LineString", "coordinates": [ [ 36.653309, 49.752555 ], [ 36.657429, 49.747511 ], [ 36.67202, 49.74923 ], [ 36.677942, 49.752334 ], [ 36.688585, 49.753719 ], [ 36.700344, 49.757266 ], [ 36.706095, 49.758713 ], [ 36.722918, 49.767856 ], [ 36.730042, 49.768022 ], [ 36.739826, 49.768912 ], [ 36.744804, 49.769252 ] ] } },
{ "type": "Feature", "properties": { "tessellate": -1, "extrude": 0, "visibility": -1 }, "geometry": { "type": "LineString", "coordinates": [ [ 36.745749, 49.771025 ], [ 36.764803, 49.776897 ], [ 36.775446, 49.779833 ], [ 36.788578, 49.782935 ], [ 36.791239, 49.785538 ], [ 36.797161, 49.793685 ], [ 36.796474, 49.796288 ], [ 36.797333, 49.797783 ], [ 36.798191, 49.800722 ], [ 36.800852, 49.804985 ], [ 36.802139, 49.808313 ], [ 36.802311, 49.814236 ] ] } },
{ "type": "Feature", "properties": { "tessellate": -1, "extrude": 0, "visibility": -1 }, "geometry": { "type": "LineString", "coordinates": [ [ 36.786089, 50.103405 ], [ 36.778278, 50.1039 ], [ 36.774416, 50.10445 ], [ 36.77227, 50.10467 ] ] } },
{ "type": "Feature", "properties": { "tessellate": -1, "extrude": 0, "visibility": -1 }, "geometry": { "type": "LineString", "coordinates": [ [ 36.773901, 50.103295 ], [ 36.768579, 50.10313 ], [ 36.761799, 50.100764 ], [ 36.755877, 50.099883 ], [ 36.754246, 50.098508 ], [ 36.749783, 50.098232 ], [ 36.746178, 50.098122 ], [ 36.741371, 50.098507 ], [ 36.73811, 50.097021 ], [ 36.73605, 50.097296 ], [ 36.733646, 50.096361 ], [ 36.731586, 50.096581 ], [ 36.729527, 50.096031 ], [ 36.728239, 50.096306 ], [ 36.72575, 50.09482 ], [ 36.725922, 50.092343 ], [ 36.721716, 50.084528 ], [ 36.722231, 50.0815 ], [ 36.731071, 50.082491 ] ] } },
{ "type": "Feature", "properties": { "tessellate": -1, "extrude": 0, "visibility": -1 }, "geometry": { "type": "LineString", "coordinates": [ [ 36.67305, 50.090038 ], [ 36.653996, 50.087231 ], [ 36.640177, 50.08921 ], [ 36.631937, 50.089814 ], [ 36.623011, 50.092456 ], [ 36.616831, 50.095703 ], [ 36.615286, 50.095978 ], [ 36.612024, 50.094217 ], [ 36.604986, 50.094657 ], [ 36.599407, 50.096033 ], [ 36.593056, 50.096255 ], [ 36.590052, 50.096695 ], [ 36.581297, 50.092293 ], [ 36.580524, 50.089156 ] ] } },
{ "type": "Feature", "properties": { "tessellate": -1, "extrude": 0, "visibility": -1 }, "geometry": { "type": "LineString", "coordinates": [ [ 36.57443, 50.087166 ], [ 36.572328, 50.084882 ], [ 36.570053, 50.083809 ], [ 36.568723, 50.082267 ], [ 36.56692, 50.081607 ], [ 36.564989, 50.081442 ], [ 36.562157, 50.081992 ], [ 36.560225, 50.081304 ], [ 36.552887, 50.081117 ], [ 36.55323, 50.077201 ], [ 36.55014, 50.069656 ], [ 36.548338, 50.061561 ], [ 36.552458, 50.054394 ], [ 36.560183, 50.039796 ], [ 36.566706, 50.033445 ], [ 36.569452, 50.027769 ], [ 36.566019, 50.022092 ], [ 36.553316, 50.006041 ], [ 36.551256, 49.997604 ], [ 36.557262, 49.990199 ], [ 36.547135, 49.986669 ], [ 36.54868, 49.98253 ], [ 36.547218, 49.974301 ], [ 36.553998, 49.962766 ], [ 36.555199, 49.957245 ], [ 36.553908, 49.950891 ], [ 36.552363, 49.931451 ], [ 36.546012, 49.917088 ], [ 36.546356, 49.907583 ], [ 36.550475, 49.899514 ], [ 36.546356, 49.890227 ] ] } },
{ "type": "Feature", "properties": { "tessellate": -1, "extrude": 0, "visibility": -1 }, "geometry": { "type": "LineString", "coordinates": [ [ 36.398864, 50.09628 ], [ 36.404486, 50.097134 ], [ 36.405001, 50.096473 ], [ 36.410494, 50.096913 ], [ 36.412039, 50.095208 ], [ 36.41736, 50.094877 ], [ 36.423197, 50.09141 ], [ 36.431093, 50.089429 ], [ 36.450834, 50.081938 ], [ 36.467314, 50.081387 ], [ 36.469374, 50.082158 ], [ 36.485939, 50.081609 ], [ 36.504993, 50.081609 ], [ 36.508942, 50.082215 ], [ 36.513147, 50.08216 ], [ 36.514263, 50.082875 ], [ 36.52422, 50.082435 ], [ 36.532202, 50.080839 ], [ 36.533232, 50.081554 ], [ 36.536665, 50.08227 ], [ 36.542673, 50.081279 ], [ 36.552887, 50.081117 ] ] } },
{ "type": "Feature", "properties": { "tessellate": -1, "extrude": 0, "visibility": -1 }, "geometry": { "type": "LineString", "coordinates": [ [ 36.491518, 50.090633 ], [ 36.484437, 50.086808 ], [ 36.481433, 50.084276 ], [ 36.477442, 50.085046 ], [ 36.470905, 50.082107 ], [ 36.470146, 50.079958 ], [ 36.459503, 50.077316 ], [ 36.454525, 50.07627 ], [ 36.45195, 50.075444 ], [ 36.448946, 50.076049 ], [ 36.442423, 50.076655 ], [ 36.436543, 50.077113 ], [ 36.435642, 50.077031 ], [ 36.431522, 50.077526 ], [ 36.417875, 50.079205 ], [ 36.408262, 50.080556 ], [ 36.400709, 50.082757 ] ] } },
{ "type": "Feature", "properties": { "tessellate": -1, "extrude": 0, "visibility": -1 }, "geometry": { "type": "LineString", "coordinates": [ [ 36.375303, 50.070694 ], [ 36.374531, 50.070143 ], [ 36.386161, 50.062902 ], [ 36.4047, 50.058717 ], [ 36.408176, 50.058882 ], [ 36.419334, 50.059024 ], [ 36.427059, 50.058253 ], [ 36.427402, 50.056491 ], [ 36.428003, 50.055995 ], [ 36.426373, 50.048717 ] ] } },
{ "type": "Feature", "properties": { "tessellate": -1, "extrude": 0, "visibility": -1 }, "geometry": { "type": "LineString", "coordinates": [ [ 36.425042, 50.047168 ], [ 36.421909, 50.042568 ], [ 36.42118, 50.041301 ], [ 36.413412, 50.037527 ], [ 36.410837, 50.03907 ] ] } },
{ "type": "Feature", "properties": { "tessellate": -1, "extrude": 0, "visibility": -1 }, "geometry": { "type": "LineString", "coordinates": [ [ 36.43281, 49.983386 ], [ 36.43281, 49.984159 ], [ 36.431351, 49.988769 ], [ 36.430664, 49.98899 ], [ 36.429548, 49.992133 ], [ 36.427102, 49.996738 ], [ 36.424828, 49.997951 ], [ 36.424398, 50.001357 ], [ 36.425171, 50.002019 ], [ 36.424828, 50.004114 ], [ 36.429892, 50.007587 ], [ 36.435385, 50.01299 ], [ 36.438131, 50.013376 ], [ 36.440277, 50.015195 ], [ 36.438217, 50.017245 ], [ 36.428003, 50.023969 ], [ 36.429548, 50.02678 ], [ 36.420493, 50.032204 ], [ 36.413412, 50.037527 ] ] } },
{ "type": "Feature", "properties": { "tessellate": -1, "extrude": 0, "visibility": -1 }, "geometry": { "type": "LineString", "coordinates": [ [ 36.462936, 49.986009 ], [ 36.463108, 49.98987 ], [ 36.463366, 49.990587 ], [ 36.463795, 49.998032 ] ] } },
{ "type": "Feature", "properties": { "tessellate": -1, "extrude": 0, "visibility": -1 }, "geometry": { "type": "LineString", "coordinates": [ [ 36.367536, 50.074253 ], [ 36.363416, 50.075657 ], [ 36.358652, 50.078052 ], [ 36.356936, 50.07863 ], [ 36.353073, 50.079979 ], [ 36.348953, 50.082181 ] ] } },
{ "type": "Feature", "properties": { "tessellate": -1, "extrude": 0, "visibility": -1 }, "geometry": { "type": "LineString", "coordinates": [ [ 36.372685, 50.085787 ], [ 36.360712, 50.083006 ], [ 36.356936, 50.07863 ] ] } },
{ "type": "Feature", "properties": { "tessellate": -1, "extrude": 0, "visibility": -1 }, "geometry": { "type": "LineString", "coordinates": [ [ 36.384273, 50.109329 ], [ 36.384745, 50.111365 ], [ 36.39174, 50.116481 ], [ 36.392126, 50.118241 ], [ 36.391783, 50.119781 ], [ 36.396847, 50.123525 ] ] } },
{ "type": "Feature", "properties": { "tessellate": -1, "extrude": 0, "visibility": -1 }, "geometry": { "type": "LineString", "coordinates": [ [ 36.393682, 50.13346 ], [ 36.395269, 50.135357 ], [ 36.395441, 50.137419 ], [ 36.391364, 50.139756 ], [ 36.386086, 50.140498 ] ] } },
{ "type": "Feature", "properties": { "tessellate": -1, "extrude": 0, "visibility": -1 }, "geometry": { "type": "LineString", "coordinates": [ [ 36.396557, 50.139233 ], [ 36.395441, 50.137419 ] ] } },
{ "type": "Feature", "properties": { "tessellate": -1, "extrude": 0, "visibility": -1 }, "geometry": { "type": "LineString", "coordinates": [ [ 36.405113, 50.142052 ], [ 36.406701, 50.143619 ], [ 36.403997, 50.145117 ], [ 36.40198, 50.145378 ], [ 36.401358, 50.145749 ] ] } },
{ "type": "Feature", "properties": { "tessellate": -1, "extrude": 0, "visibility": -1 }, "geometry": { "type": "LineString", "coordinates": [ [ 36.400488, 50.147954 ], [ 36.397398, 50.148806 ], [ 36.397098, 50.150648 ], [ 36.396497, 50.151692 ], [ 36.396626, 50.155897 ], [ 36.395939, 50.159964 ], [ 36.395253, 50.161096 ], [ 36.386026, 50.161838 ], [ 36.380404, 50.163157 ] ] } },
{ "type": "Feature", "properties": { "tessellate": -1, "extrude": 0, "visibility": -1 }, "geometry": { "type": "LineString", "coordinates": [ [ 36.307497, 50.144356 ], [ 36.302347, 50.148095 ], [ 36.292562, 50.150898 ] ] } },
{ "type": "Feature", "properties": { "tessellate": -1, "extrude": 0, "visibility": -1 }, "geometry": { "type": "LineString", "coordinates": [ [ 36.295137, 50.153594 ], [ 36.288185, 50.152549 ], [ 36.279516, 50.152494 ], [ 36.274538, 50.15167 ], [ 36.261148, 50.153099 ] ] } },
{ "type": "Feature", "properties": { "tessellate": -1, "extrude": 0, "visibility": -1 }, "geometry": { "type": "LineString", "coordinates": [ [ 36.289988, 50.160464 ], [ 36.284151, 50.160244 ], [ 36.27883, 50.160629 ], [ 36.271367, 50.160396 ], [ 36.268304, 50.164229 ], [ 36.260789, 50.164229 ], [ 36.257965, 50.161592 ], [ 36.251864, 50.158109 ], [ 36.244411, 50.155369 ] ] } },
{ "type": "Feature", "properties": { "tessellate": -1, "extrude": 0, "visibility": -1 }, "geometry": { "type": "LineString", "coordinates": [ [ 36.256514, 50.153266 ], [ 36.246471, 50.152332 ], [ 36.239519, 50.152827 ], [ 36.231537, 50.153816 ], [ 36.215658, 50.15492 ], [ 36.203985, 50.154646 ], [ 36.190809, 50.154734 ], [ 36.181704, 50.157288 ], [ 36.180692, 50.157669 ], [ 36.174529, 50.156868 ], [ 36.153901, 50.155494 ], [ 36.142533, 50.152132 ], [ 36.131329, 50.154693 ], [ 36.130467, 50.155295 ] ] } },
{ "type": "Feature", "properties": { "tessellate": -1, "extrude": 0, "visibility": -1 }, "geometry": { "type": "LineString", "coordinates": [ [ 36.130257, 50.153045 ], [ 36.133947, 50.15156 ], [ 36.142702, 50.150186 ], [ 36.152229, 50.153154 ], [ 36.180124, 50.15613 ], [ 36.181704, 50.157288 ], [ 36.184244, 50.159152 ], [ 36.185532, 50.161406 ], [ 36.18948, 50.16157 ], [ 36.191282, 50.161845 ], [ 36.213856, 50.173274 ], [ 36.235485, 50.159365 ], [ 36.243467, 50.159475 ], [ 36.249475, 50.160024 ], [ 36.259775, 50.159749 ], [ 36.271367, 50.160396 ] ] } },
{ "type": "Feature", "properties": { "tessellate": -1, "extrude": 0, "visibility": -1 }, "geometry": { "type": "LineString", "coordinates": [ [ 36.122446, 50.143859 ], [ 36.110601, 50.146828 ], [ 36.109571, 50.145724 ], [ 36.098456, 50.14894 ] ] } },
{ "type": "Feature", "properties": { "tessellate": -1, "extrude": 0, "visibility": -1 }, "geometry": { "type": "LineString", "coordinates": [ [ 36.098027, 50.150672 ], [ 36.110601, 50.146828 ], [ 36.111846, 50.14938 ], [ 36.119957, 50.14996 ], [ 36.12751, 50.151005 ] ] } },
{ "type": "Feature", "properties": { "tessellate": -1, "extrude": 0, "visibility": -1 }, "geometry": { "type": "LineString", "coordinates": [ [ 35.97662, 50.136317 ], [ 35.993099, 50.134612 ], [ 35.995159, 50.134557 ], [ 36.008806, 50.132911 ], [ 36.018333, 50.156343 ], [ 36.022024, 50.160026 ], [ 36.023741, 50.165081 ], [ 36.028547, 50.170082 ], [ 36.034985, 50.172284 ], [ 36.038761, 50.175031 ], [ 36.040306, 50.177284 ], [ 36.043139, 50.180854 ], [ 36.072578, 50.177941 ], [ 36.088114, 50.174041 ], [ 36.089573, 50.176128 ], [ 36.094294, 50.176403 ], [ 36.096954, 50.17459 ], [ 36.100044, 50.16936 ], [ 36.105366, 50.165404 ], [ 36.114807, 50.159854 ], [ 36.110344, 50.157051 ], [ 36.108284, 50.149576 ], [ 36.111846, 50.14938 ] ] } },
{ "type": "Feature", "properties": { "tessellate": -1, "extrude": 0, "visibility": -1 }, "geometry": { "type": "LineString", "coordinates": [ [ 36.095581, 50.14682 ], [ 36.079359, 50.150338 ], [ 36.069489, 50.151108 ], [ 36.06142, 50.153032 ], [ 36.057558, 50.153416 ], [ 36.055756, 50.153255 ], [ 36.053181, 50.15342 ], [ 36.051121, 50.154849 ], [ 36.044512, 50.154904 ], [ 36.031809, 50.153749 ], [ 36.024857, 50.144734 ], [ 36.023912, 50.138467 ], [ 36.018848, 50.128121 ], [ 36.015244, 50.119816 ], [ 36.007948, 50.111289 ], [ 35.99679, 50.108374 ], [ 35.997648, 50.097527 ], [ 35.986233, 50.082168 ], [ 35.953703, 50.071308 ] ] } },
{ "type": "Feature", "properties": { "tessellate": -1, "extrude": 0, "visibility": -1 }, "geometry": { "type": "LineString", "coordinates": [ [ 36.067343, 50.138905 ], [ 36.06082, 50.140994 ], [ 36.060305, 50.141709 ], [ 36.058502, 50.142534 ], [ 36.053696, 50.143358 ], [ 36.053782, 50.145227 ], [ 36.055756, 50.153255 ] ] } },
{ "type": "Feature", "properties": { "tessellate": -1, "extrude": 0, "visibility": -1 }, "geometry": { "type": "LineString", "coordinates": [ [ 36.033096, 50.144183 ], [ 36.053696, 50.143358 ] ] } },
{ "type": "Feature", "properties": { "tessellate": -1, "extrude": 0, "visibility": -1 }, "geometry": { "type": "LineString", "coordinates": [ [ 35.949068, 50.069708 ], [ 35.943403, 50.062109 ], [ 35.936022, 50.057593 ], [ 35.925207, 50.044585 ], [ 35.922031, 50.042326 ], [ 35.918856, 50.038084 ], [ 35.907095, 50.030632 ], [ 35.894136, 50.029529 ], [ 35.887697, 50.027543 ], [ 35.886323, 50.021423 ], [ 35.88495, 50.018005 ], [ 35.888641, 50.013042 ], [ 35.889327, 50.008682 ], [ 35.893534, 50.005812 ], [ 35.89834, 49.99969 ], [ 35.915762, 49.993015 ], [ 35.923486, 49.988877 ], [ 35.923572, 49.985567 ], [ 35.918467, 49.979849 ], [ 35.916494, 49.976234 ] ] } },
{ "type": "Feature", "properties": { "tessellate": -1, "extrude": 0, "visibility": -1 }, "geometry": { "type": "LineString", "coordinates": [ [ 35.916367, 50.1698 ], [ 35.905895, 50.167162 ], [ 35.905037, 50.163645 ], [ 35.903664, 50.160458 ], [ 35.894737, 50.158919 ], [ 35.889673, 50.159139 ], [ 35.881863, 50.159304 ], [ 35.880232, 50.152269 ], [ 35.890703, 50.148091 ], [ 35.891905, 50.146882 ], [ 35.885983, 50.144442 ], [ 35.875168, 50.136697 ], [ 35.868816, 50.138182 ], [ 35.858259, 50.14638 ], [ 35.846758, 50.167165 ], [ 35.833025, 50.166285 ], [ 35.826845, 50.163318 ], [ 35.829935, 50.157987 ], [ 35.829849, 50.157108 ], [ 35.827274, 50.156833 ], [ 35.823498, 50.158042 ], [ 35.814571, 50.159305 ], [ 35.813456, 50.160405 ], [ 35.797405, 50.161833 ], [ 35.787706, 50.171455 ], [ 35.784702, 50.173817 ], [ 35.781269, 50.174697 ], [ 35.774403, 50.174751 ], [ 35.76951, 50.176345 ], [ 35.758181, 50.174698 ], [ 35.75346, 50.180027 ], [ 35.750799, 50.180521 ], [ 35.726166, 50.169423 ], [ 35.693207, 50.172445 ], [ 35.685482, 50.172609 ], [ 35.672865, 50.169477 ], [ 35.63776, 50.172115 ] ] } },
{ "type": "Feature", "properties": { "tessellate": -1, "extrude": 0, "visibility": -1 }, "geometry": { "type": "LineString", "coordinates": [ [ 35.768453, 50.176191 ], [ 35.767107, 50.183773 ], [ 35.775776, 50.198463 ], [ 35.770626, 50.204943 ], [ 35.760498, 50.212958 ], [ 35.742474, 50.221302 ], [ 35.741444, 50.233872 ], [ 35.74007, 50.235025 ], [ 35.734234, 50.235903 ], [ 35.726166, 50.240194 ], [ 35.720158, 50.240084 ], [ 35.706081, 50.235804 ], [ 35.697498, 50.237889 ], [ 35.663595, 50.238105 ], [ 35.637074, 50.244377 ], [ 35.622139, 50.259954 ], [ 35.617676, 50.260064 ], [ 35.591669, 50.266419 ], [ 35.608234, 50.274869 ], [ 35.612783, 50.279255 ], [ 35.623426, 50.287155 ], [ 35.629263, 50.288799 ], [ 35.644197, 50.290991 ], [ 35.655613, 50.294009 ], [ 35.674496, 50.299379 ], [ 35.681362, 50.302069 ], [ 35.70076, 50.307931 ], [ 35.711746, 50.311331 ], [ 35.731487, 50.316428 ], [ 35.744362, 50.321038 ], [ 35.767107, 50.328321 ], [ 35.781097, 50.334182 ], [ 35.789423, 50.337193 ], [ 35.801525, 50.338183 ], [ 35.816803, 50.338128 ], [ 35.827188, 50.33988 ] ] } },
{ "type": "Feature", "properties": { "tessellate": -1, "extrude": 0, "visibility": -1 }, "geometry": { "type": "LineString", "coordinates": [ [ 36.051927, 48.169181 ], [ 36.053108, 48.169527 ] ] } },
{ "type": "Feature", "properties": { "tessellate": -1, "extrude": 0, "visibility": -1 }, "geometry": { "type": "LineString", "coordinates": [ [ 36.496702, 48.157101 ], [ 36.496981, 48.155143 ] ] } },
{ "type": "Feature", "properties": { "tessellate": -1, "extrude": 0, "visibility": -1 }, "geometry": { "type": "LineString", "coordinates": [ [ 36.512768, 48.154584 ], [ 36.513187, 48.157846 ] ] } },
{ "type": "Feature", "properties": { "tessellate": -1, "extrude": 0, "visibility": -1 }, "geometry": { "type": "LineString", "coordinates": [ [ 36.717426, 48.37291 ], [ 36.716482, 48.375189 ], [ 36.720429, 48.375644 ], [ 36.722363, 48.375741 ], [ 36.730084, 48.375901 ] ] } },
{ "type": "Feature", "properties": { "tessellate": -1, "extrude": 0, "visibility": -1 }, "geometry": { "type": "LineString", "coordinates": [ [ 36.6388, 48.507054 ], [ 36.641289, 48.504211 ], [ 36.644979, 48.501653 ], [ 36.645748, 48.500343 ], [ 36.64592, 48.4975 ], [ 36.64695, 48.494656 ], [ 36.648666, 48.485898 ], [ 36.651584, 48.474067 ], [ 36.654335, 48.458298 ], [ 36.655366, 48.451465 ], [ 36.65631, 48.446855 ], [ 36.65837, 48.44048 ], [ 36.659914, 48.434502 ], [ 36.689959, 48.440368 ], [ 36.69322, 48.440027 ], [ 36.698885, 48.438206 ], [ 36.704378, 48.438434 ], [ 36.707811, 48.438832 ], [ 36.7097, 48.438547 ], [ 36.728325, 48.439748 ], [ 36.73768, 48.441228 ], [ 36.744265, 48.441968 ] ] } },
{ "type": "Feature", "properties": { "tessellate": -1, "extrude": 0, "visibility": -1 }, "geometry": { "type": "LineString", "coordinates": [ [ 36.636057, 48.510357 ], [ 36.633654, 48.512062 ], [ 36.631765, 48.513881 ], [ 36.626616, 48.516267 ], [ 36.623955, 48.518654 ], [ 36.621723, 48.520074 ], [ 36.620264, 48.524449 ], [ 36.612196, 48.530812 ], [ 36.61005, 48.531721 ], [ 36.608076, 48.534458 ], [ 36.607389, 48.535537 ], [ 36.604471, 48.545769 ], [ 36.602154, 48.550596 ], [ 36.598978, 48.555877 ], [ 36.595631, 48.560363 ], [ 36.589794, 48.567175 ], [ 36.584902, 48.574229 ], [ 36.580868, 48.578656 ], [ 36.578379, 48.592672 ], [ 36.579065, 48.593977 ], [ 36.576319, 48.607777 ], [ 36.573744, 48.607833 ], [ 36.565075, 48.616114 ] ] } },
{ "type": "Feature", "properties": { "tessellate": -1, "extrude": 0, "visibility": -1 }, "geometry": { "type": "LineString", "coordinates": [ [ 35.991596, 48.247943 ], [ 35.996875, 48.247057 ], [ 36.00314, 48.245742 ], [ 36.00417, 48.245971 ], [ 36.020564, 48.242863 ], [ 36.064849, 48.247549 ], [ 36.098926, 48.238456 ], [ 36.116688, 48.221594 ], [ 36.121155, 48.200083 ], [ 36.122528, 48.19688 ], [ 36.121841, 48.194821 ], [ 36.124052, 48.182336 ], [ 36.116221, 48.180898 ], [ 36.095062, 48.176246 ], [ 36.066119, 48.169859 ], [ 36.054101, 48.166065 ], [ 36.041191, 48.165037 ], [ 36.010789, 48.157588 ] ] } },
{ "type": "Feature", "properties": { "tessellate": -1, "extrude": 0, "visibility": -1 }, "geometry": { "type": "LineString", "coordinates": [ [ 31.98942, 46.6808 ], [ 32.049584, 46.689585 ], [ 32.069155, 46.686105 ], [ 32.086793, 46.689088 ], [ 32.105156, 46.68627 ], [ 32.161212, 46.699032 ], [ 32.167253, 46.698534 ], [ 32.174018, 46.699529 ], [ 32.185616, 46.688425 ], [ 32.216776, 46.692533 ], [ 32.22058, 46.677963 ], [ 32.258619, 46.681443 ], [ 32.268446, 46.681443 ], [ 32.27939, 46.681543 ], [ 32.283432, 46.665363 ], [ 32.314872, 46.667059 ], [ 32.317343, 46.66336 ], [ 32.321834, 46.663052 ], [ 32.323631, 46.661665 ], [ 32.340923, 46.665518 ], [ 32.351702, 46.676458 ], [ 32.36766, 46.687441 ], [ 32.402597, 46.691397 ], [ 32.421062, 46.693149 ], [ 32.423616, 46.695708 ], [ 32.423026, 46.70433 ], [ 32.437759, 46.706486 ] ] } },
{ "type": "Feature", "properties": { "tessellate": -1, "extrude": 0, "visibility": -1 }, "geometry": { "type": "LineString", "coordinates": [ [ 32.567487, 46.714722 ], [ 32.579384, 46.71647 ], [ 32.587457, 46.715888 ], [ 32.594256, 46.718364 ], [ 32.592981, 46.722588 ], [ 32.594043, 46.734238 ], [ 32.589794, 46.753018 ], [ 32.622335, 46.757385 ], [ 32.634509, 46.758577 ], [ 32.690377, 46.766171 ], [ 32.711247, 46.771681 ], [ 32.71842, 46.770489 ], [ 32.739824, 46.772887 ], [ 32.745118, 46.773833 ], [ 32.751333, 46.771468 ], [ 32.763762, 46.772887 ], [ 32.767445, 46.77872 ], [ 32.770207, 46.783448 ] ] } },
{ "type": "Feature", "properties": { "tessellate": -1, "extrude": 0, "visibility": -1 }, "geometry": { "type": "LineString", "coordinates": [ [ 32.779644, 46.776513 ], [ 32.817212, 46.769742 ], [ 32.872027, 46.775422 ], [ 32.875814, 46.780238 ], [ 32.87347, 46.792708 ], [ 32.881658, 46.808093 ], [ 32.887452, 46.812879 ], [ 32.895643, 46.838988 ], [ 32.896043, 46.842814 ], [ 32.908629, 46.84582 ], [ 32.955778, 46.851969 ], [ 32.963216, 46.861903 ], [ 32.971343, 46.866171 ], [ 32.97417, 46.872049 ], [ 32.980648, 46.873338 ], [ 32.984182, 46.878732 ], [ 32.990896, 46.878893 ], [ 33.0004, 46.880605 ], [ 33.012369, 46.880464 ], [ 33.018353, 46.88131 ], [ 33.025576, 46.88399 ], [ 33.034862, 46.885542 ], [ 33.05137, 46.886247 ], [ 33.06726, 46.887939 ], [ 33.081499, 46.878489 ], [ 33.08542, 46.878066 ], [ 33.092786, 46.880516 ], [ 33.108138, 46.883157 ], [ 33.117999, 46.882045 ], [ 33.136808, 46.887743 ], [ 33.151144, 46.889758 ], [ 33.154499, 46.89087 ], [ 33.16131, 46.895177 ], [ 33.164971, 46.898373 ], [ 33.169647, 46.899971 ], [ 33.181644, 46.898026 ], [ 33.187846, 46.900457 ], [ 33.198269, 46.914742 ], [ 33.204957, 46.91848 ], [ 33.206477, 46.922944 ], [ 33.223805, 46.930937 ], [ 33.227453, 46.937061 ], [ 33.240479, 46.948973 ], [ 33.247432, 46.953185 ], [ 33.249866, 46.961669 ], [ 33.245358, 46.979447 ], [ 33.249172, 46.98283 ], [ 33.261184, 46.985171 ], [ 33.283917, 47.000778 ], [ 33.297949, 47.013696 ], [ 33.303562, 47.026371 ], [ 33.329521, 47.027806 ], [ 33.336187, 47.040478 ], [ 33.337239, 47.048127 ], [ 33.344957, 47.050757 ], [ 33.349188, 47.065361 ], [ 33.36904, 47.068192 ], [ 33.378043, 47.068663 ], [ 33.386122, 47.074323 ], [ 33.384968, 47.079039 ], [ 33.39374, 47.089099 ], [ 33.402281, 47.093657 ], [ 33.411514, 47.107013 ], [ 33.412261, 47.111266 ], [ 33.417641, 47.118447 ], [ 33.415985, 47.124924 ], [ 33.427779, 47.135411 ], [ 33.43709, 47.137381 ], [ 33.447436, 47.142518 ], [ 33.463302, 47.145751 ], [ 33.486484, 47.1484 ], [ 33.530994, 47.149914 ], [ 33.536187, 47.15231 ], [ 33.540823, 47.157733 ], [ 33.568578, 47.167619 ], [ 33.570594, 47.170703 ], [ 33.570594, 47.173672 ], [ 33.579162, 47.182122 ], [ 33.606811, 47.190177 ], [ 33.616098, 47.202115 ], [ 33.618859, 47.204332 ], [ 33.619612, 47.214221 ], [ 33.637156, 47.232592 ], [ 33.639159, 47.246384 ], [ 33.627143, 47.250074 ], [ 33.639445, 47.265414 ], [ 33.639731, 47.269103 ], [ 33.641046, 47.274766 ], [ 33.637648, 47.282706 ], [ 33.648407, 47.292564 ], [ 33.648973, 47.297556 ], [ 33.645198, 47.304852 ], [ 33.649917, 47.310483 ], [ 33.654469, 47.321977 ], [ 33.660229, 47.329299 ], [ 33.66491, 47.330031 ], [ 33.672471, 47.334911 ], [ 33.688673, 47.337351 ], [ 33.693354, 47.34833 ], [ 33.708476, 47.351013 ], [ 33.719637, 47.361014 ], [ 33.781584, 47.369965 ], [ 33.79779, 47.390083 ], [ 33.80019, 47.396787 ], [ 33.820897, 47.400849 ], [ 33.833591, 47.411121 ], [ 33.851341, 47.412644 ], [ 33.858841, 47.410106 ], [ 33.866091, 47.410783 ], [ 33.872841, 47.415858 ] ] } },
{ "type": "Feature", "properties": { "tessellate": -1, "extrude": 0, "visibility": -1 }, "geometry": { "type": "LineString", "coordinates": [ [ 33.906161, 46.728563 ], [ 33.909543, 46.72869 ], [ 33.913785, 46.72869 ] ] } },
{ "type": "Feature", "properties": { "tessellate": -1, "extrude": 0, "visibility": -1 }, "geometry": { "type": "LineString", "coordinates": [ [ 33.921778, 46.745924 ], [ 33.921225, 46.749294 ], [ 33.920241, 46.752201 ] ] } },
{ "type": "Feature", "properties": { "tessellate": -1, "extrude": 0, "visibility": -1 }, "geometry": { "type": "LineString", "coordinates": [ [ 33.908006, 46.757045 ], [ 33.909973, 46.758224 ], [ 33.910158, 46.759235 ] ] } },
{ "type": "Feature", "properties": { "tessellate": -1, "extrude": 0, "visibility": -1 }, "geometry": { "type": "LineString", "coordinates": [ [ 33.98089, 46.762428 ], [ 33.977906, 46.762331 ], [ 33.973786, 46.764764 ], [ 33.973359, 46.769241 ], [ 33.975633, 46.771869 ] ] } },
{ "type": "Feature", "properties": { "tessellate": -1, "extrude": 0, "visibility": -1 }, "geometry": { "type": "LineString", "coordinates": [ [ 34.078674, 46.771305 ], [ 34.072572, 46.773234 ], [ 34.069688, 46.775668 ], [ 34.069621, 46.77755 ], [ 34.072371, 46.778377 ] ] } },
{ "type": "Feature", "properties": { "tessellate": -1, "extrude": 0, "visibility": -1 }, "geometry": { "type": "LineString", "coordinates": [ [ 34.034103, 46.880032 ], [ 34.047705, 46.88163 ] ] } },
{ "type": "Feature", "properties": { "tessellate": -1, "extrude": 0, "visibility": -1 }, "geometry": { "type": "LineString", "coordinates": [ [ 34.033307, 46.883458 ], [ 34.046282, 46.8845 ] ] } },
{ "type": "Feature", "properties": { "tessellate": -1, "extrude": 0, "visibility": -1 }, "geometry": { "type": "LineString", "coordinates": [ [ 34.589389, 46.801503 ], [ 34.583318, 46.801739 ], [ 34.581829, 46.808089 ], [ 34.589274, 46.809657 ], [ 34.59397, 46.809109 ], [ 34.594543, 46.806678 ] ] } },
{ "type": "Feature", "properties": { "tessellate": -1, "extrude": 0, "visibility": -1 }, "geometry": { "type": "LineString", "coordinates": [ [ 34.710578, 46.780956 ], [ 34.698894, 46.778211 ], [ 34.695916, 46.78174 ], [ 34.696833, 46.784015 ], [ 34.697864, 46.784799 ] ] } },
{ "type": "Feature", "properties": { "tessellate": -1, "extrude": 0, "visibility": -1 }, "geometry": { "type": "LineString", "coordinates": [ [ 34.699467, 46.784721 ], [ 34.700956, 46.787545 ], [ 34.70886, 46.786525 ], [ 34.711494, 46.784172 ], [ 34.711494, 46.781976 ] ] } },
{ "type": "Feature", "properties": { "tessellate": -1, "extrude": 0, "visibility": -1 }, "geometry": { "type": "LineString", "coordinates": [ [ 34.27057, 46.378918 ], [ 34.28362, 46.382483 ], [ 34.300159, 46.382127 ], [ 34.309074, 46.387653 ], [ 34.317731, 46.397723 ] ] } },
{ "type": "Feature", "properties": { "tessellate": -1, "extrude": 0, "visibility": -1 }, "geometry": { "type": "LineString", "coordinates": [ [ 34.294861, 46.376868 ], [ 34.29176, 46.378561 ], [ 34.296492, 46.379135 ], [ 34.302484, 46.379453 ], [ 34.304681, 46.380166 ], [ 34.309978, 46.383107 ], [ 34.311399, 46.386851 ], [ 34.313596, 46.386851 ] ] } },
{ "type": "Feature", "properties": { "tessellate": -1, "extrude": 0, "visibility": -1 }, "geometry": { "type": "LineString", "coordinates": [ [ 35.11143, 46.739005 ], [ 35.113867, 46.73851 ], [ 35.116936, 46.742469 ], [ 35.113055, 46.748036 ], [ 35.110888, 46.750696 ], [ 35.10809, 46.750881 ], [ 35.102764, 46.747541 ] ] } },
{ "type": "Feature", "properties": { "tessellate": -1, "extrude": 0, "visibility": -1 }, "geometry": { "type": "LineString", "coordinates": [ [ 35.464009, 46.823372 ], [ 35.474754, 46.820615 ], [ 35.479196, 46.824927 ], [ 35.471654, 46.82733 ] ] } },
{ "type": "Feature", "properties": { "tessellate": -1, "extrude": 0, "visibility": -1 }, "geometry": { "type": "LineString", "coordinates": [ [ 35.899868, 46.720782 ], [ 35.888069, 46.727522 ], [ 35.882562, 46.729005 ] ] } },
{ "type": "Feature", "properties": { "tessellate": -1, "extrude": 0, "visibility": -1 }, "geometry": { "type": "LineString", "coordinates": [ [ 36.084727, 46.73844 ], [ 36.092594, 46.740058 ] ] } },
{ "type": "Feature", "properties": { "tessellate": -1, "extrude": 0, "visibility": -1 }, "geometry": { "type": "LineString", "coordinates": [ [ 36.288639, 46.735046 ], [ 36.293897, 46.741109 ], [ 36.302243, 46.741395 ], [ 36.310673, 46.738764 ], [ 36.314595, 46.736133 ] ] } },
{ "type": "Feature", "properties": { "tessellate": -1, "extrude": 0, "visibility": -1 }, "geometry": { "type": "LineString", "coordinates": [ [ 36.376218, 46.763132 ], [ 36.378755, 46.76441 ], [ 36.377367, 46.766606 ] ] } },
{ "type": "Feature", "properties": { "tessellate": -1, "extrude": 0, "visibility": -1 }, "geometry": { "type": "LineString", "coordinates": [ [ 36.381435, 46.765984 ], [ 36.382536, 46.767033 ], [ 36.388757, 46.767164 ], [ 36.391006, 46.764279 ] ] } },
{ "type": "Feature", "properties": { "tessellate": -1, "extrude": 0, "visibility": -1 }, "geometry": { "type": "LineString", "coordinates": [ [ 36.394117, 46.766213 ], [ 36.389858, 46.769294 ], [ 36.380956, 46.768147 ] ] } },
{ "type": "Feature", "properties": { "tessellate": -1, "extrude": 0, "visibility": -1 }, "geometry": { "type": "LineString", "coordinates": [ [ 36.585199, 47.120257 ], [ 36.592868, 47.120919 ], [ 36.594694, 47.120754 ], [ 36.602606, 47.122245 ], [ 36.615021, 47.123901 ], [ 36.616604, 47.123818 ], [ 36.62342, 47.125309 ], [ 36.643504, 47.126717 ], [ 36.659694, 47.131355 ], [ 36.664319, 47.138807 ], [ 36.684785, 47.143857 ], [ 36.69333, 47.146941 ], [ 36.704316, 47.144095 ], [ 36.708675, 47.143857 ], [ 36.713732, 47.143739 ], [ 36.750526, 47.144688 ], [ 36.761164, 47.145637 ], [ 36.764688, 47.152449 ], [ 36.766492, 47.154289 ], [ 36.767484, 47.156682 ] ] } },
{ "type": "Feature", "properties": { "tessellate": -1, "extrude": 0, "visibility": -1 }, "geometry": { "type": "LineString", "coordinates": [ [ 36.764417, 47.160424 ], [ 36.766943, 47.162264 ], [ 36.770732, 47.162019 ], [ 36.775875, 47.162448 ] ] } },
{ "type": "Feature", "properties": { "tessellate": -1, "extrude": 0, "visibility": -1 }, "geometry": { "type": "LineString", "coordinates": [ [ 36.77822, 47.161283 ], [ 36.788415, 47.159074 ], [ 36.79888, 47.159811 ], [ 36.803932, 47.163123 ], [ 36.809254, 47.165086 ] ] } },
{ "type": "Feature", "properties": { "tessellate": -1, "extrude": 0, "visibility": -1 }, "geometry": { "type": "LineString", "coordinates": [ [ 35.38263, 46.975757 ], [ 35.381843, 46.981756 ], [ 35.384336, 46.985516 ], [ 35.38158, 46.996258 ], [ 35.382105, 47.00145 ], [ 35.388142, 47.002703 ], [ 35.391161, 47.002434 ], [ 35.392342, 47.00494 ], [ 35.391817, 47.007625 ], [ 35.394835, 47.009683 ], [ 35.395754, 47.012994 ], [ 35.401397, 47.016663 ], [ 35.401836, 47.020247 ], [ 35.401836, 47.024188 ], [ 35.405655, 47.027143 ], [ 35.405758, 47.030168 ], [ 35.403797, 47.034038 ], [ 35.399565, 47.038118 ], [ 35.400184, 47.041425 ], [ 35.401664, 47.04712 ], [ 35.400379, 47.052859 ], [ 35.402949, 47.06132 ] ] } },
{ "type": "Feature", "properties": { "tessellate": -1, "extrude": 0, "visibility": -1 }, "geometry": { "type": "LineString", "coordinates": [ [ 35.39852, 47.054461 ], [ 35.398443, 47.057888 ], [ 35.397986, 47.060224 ], [ 35.400577, 47.062197 ], [ 35.40294, 47.064897 ], [ 35.405912, 47.065987 ], [ 35.406293, 47.067025 ] ] } },
{ "type": "Feature", "properties": { "tessellate": -1, "extrude": 0, "visibility": -1 }, "geometry": { "type": "LineString", "coordinates": [ [ 35.398215, 47.074759 ], [ 35.396767, 47.079949 ], [ 35.404344, 47.095613 ], [ 35.424133, 47.11382 ], [ 35.444262, 47.122886 ], [ 35.448727, 47.133194 ], [ 35.456861, 47.145344 ], [ 35.464693, 47.16219 ], [ 35.4779, 47.174324 ], [ 35.487538, 47.184514 ], [ 35.491465, 47.184757 ], [ 35.496462, 47.19737 ], [ 35.496105, 47.201736 ], [ 35.503244, 47.212891 ], [ 35.51431, 47.225013 ], [ 35.517694, 47.231124 ] ] } },
{ "type": "Feature", "properties": { "tessellate": -1, "extrude": 0, "visibility": -1 }, "geometry": { "type": "LineString", "coordinates": [ [ 34.895742, 47.042876 ], [ 34.904944, 47.043879 ], [ 34.918316, 47.045277 ], [ 34.922104, 47.045757 ], [ 34.930881, 47.046798 ] ] } },
{ "type": "Feature", "properties": { "tessellate": -1, "extrude": 0, "visibility": -1 }, "geometry": { "type": "LineString", "coordinates": [ [ 34.93257, 47.047774 ], [ 34.922882, 47.046762 ] ] } },
{ "type": "Feature", "properties": { "tessellate": -1, "extrude": 0, "visibility": -1 }, "geometry": { "type": "LineString", "coordinates": [ [ 34.916517, 47.051231 ], [ 34.91174, 47.050613 ], [ 34.907921, 47.05024 ], [ 34.903418, 47.050205 ], [ 34.895799, 47.049266 ], [ 34.886392, 47.048177 ] ] } },
{ "type": "Feature", "properties": { "tessellate": -1, "extrude": 0, "visibility": -1 }, "geometry": { "type": "LineString", "coordinates": [ [ 34.95436, 47.031198 ], [ 34.952984, 47.037417 ], [ 34.95071, 47.045507 ], [ 34.950736, 47.045489 ] ] } },
{ "type": "Feature", "properties": { "tessellate": -1, "extrude": 0, "visibility": -1 }, "geometry": { "type": "LineString", "coordinates": [ [ 35.590986, 47.233874 ], [ 35.591937, 47.241946 ], [ 35.591144, 47.246574 ], [ 35.582901, 47.253352 ], [ 35.573708, 47.255827 ], [ 35.569903, 47.258086 ], [ 35.571647, 47.26368 ], [ 35.569269, 47.270672 ], [ 35.561026, 47.276802 ], [ 35.554686, 47.279599 ], [ 35.545334, 47.279706 ], [ 35.536774, 47.276695 ] ] } },
{ "type": "Feature", "properties": { "tessellate": -1, "extrude": 0, "visibility": -1 }, "geometry": { "type": "LineString", "coordinates": [ [ 35.528225, 47.290298 ], [ 35.50627, 47.284891 ], [ 35.496207, 47.288437 ], [ 35.484837, 47.293666 ], [ 35.476082, 47.298009 ], [ 35.468241, 47.299427 ], [ 35.454388, 47.304301 ], [ 35.445632, 47.30244 ], [ 35.437791, 47.302175 ] ] } },
{ "type": "Feature", "properties": { "tessellate": -1, "extrude": 0, "visibility": -1 }, "geometry": { "type": "LineString", "coordinates": [ [ 35.441282, 47.298653 ], [ 35.424951, 47.301491 ], [ 35.414246, 47.30433 ], [ 35.400595, 47.307735 ], [ 35.383262, 47.31242 ], [ 35.362767, 47.31774 ], [ 35.338898, 47.323568 ], [ 35.329567, 47.324521 ] ] } },
{ "type": "Feature", "properties": { "tessellate": -1, "extrude": 0, "visibility": -1 }, "geometry": { "type": "LineString", "coordinates": [ [ 35.329166, 47.326697 ], [ 35.300352, 47.327639 ], [ 35.294703, 47.325157 ], [ 35.261501, 47.326273 ], [ 35.176381, 47.319309 ], [ 35.17373, 47.3237 ], [ 35.154884, 47.340465 ], [ 35.141633, 47.354631 ], [ 35.134619, 47.376574 ], [ 35.134619, 47.376695 ], [ 35.135155, 47.376816 ] ] } },
{ "type": "Feature", "properties": { "tessellate": -1, "extrude": 0, "visibility": -1 }, "geometry": { "type": "LineString", "coordinates": [ [ 35.15517, 47.381777 ], [ 35.154634, 47.388916 ], [ 35.160889, 47.391698 ], [ 35.159459, 47.402222 ], [ 35.157662, 47.428216 ], [ 35.151074, 47.432827 ], [ 35.147893, 47.439895 ] ] } },
{ "type": "Feature", "properties": { "tessellate": -1, "extrude": 0, "visibility": -1 }, "geometry": { "type": "LineString", "coordinates": [ [ 35.175869, 47.316825 ], [ 35.223904, 47.32124 ], [ 35.228138, 47.318922 ], [ 35.25354, 47.320136 ], [ 35.283175, 47.317818 ], [ 35.298807, 47.320468 ], [ 35.330545, 47.319973 ] ] } },
{ "type": "Feature", "properties": { "tessellate": -1, "extrude": 0, "visibility": -1 }, "geometry": { "type": "LineString", "coordinates": [ [ 35.277433, 47.222527 ], [ 35.275096, 47.262911 ], [ 35.275521, 47.278479 ], [ 35.287418, 47.301247 ], [ 35.287418, 47.30312 ], [ 35.285495, 47.306434 ], [ 35.251871, 47.310858 ], [ 35.244621, 47.310981 ], [ 35.23447, 47.314053 ], [ 35.217613, 47.312579 ], [ 35.211088, 47.311288 ], [ 35.206771, 47.305897 ], [ 35.188375, 47.292632 ], [ 35.176266, 47.290579 ], [ 35.173123, 47.287657 ], [ 35.176748, 47.260325 ], [ 35.184581, 47.235572 ], [ 35.174914, 47.243122 ], [ 35.171449, 47.243514 ], [ 35.183281, 47.235071 ] ] } },
{ "type": "Feature", "properties": { "tessellate": -1, "extrude": 0, "visibility": -1 }, "geometry": { "type": "LineString", "coordinates": [ [ 35.310973, 47.491088 ], [ 35.311085, 47.487826 ], [ 35.325116, 47.490708 ], [ 35.326688, 47.489874 ] ] } },
{ "type": "Feature", "properties": { "tessellate": -1, "extrude": 0, "visibility": -1 }, "geometry": { "type": "LineString", "coordinates": [ [ 35.287176, 47.502919 ], [ 35.289308, 47.502691 ], [ 35.2929, 47.502919 ], [ 35.293462, 47.50125 ], [ 35.299299, 47.499127 ], [ 35.300533, 47.495563 ], [ 35.305136, 47.490253 ], [ 35.306146, 47.486461 ], [ 35.311085, 47.487826 ] ] } },
{ "type": "Feature", "properties": { "tessellate": -1, "extrude": 0, "visibility": -1 }, "geometry": { "type": "LineString", "coordinates": [ [ 35.291053, 47.504291 ], [ 35.290576, 47.504361 ], [ 35.290493, 47.504515 ] ] } },
{ "type": "Feature", "properties": { "tessellate": -1, "extrude": 0, "visibility": -1 }, "geometry": { "type": "LineString", "coordinates": [ [ 35.378684, 47.446452 ], [ 35.373397, 47.449101 ], [ 35.364976, 47.455391 ], [ 35.360863, 47.45645 ], [ 35.36008, 47.46413 ], [ 35.358807, 47.464858 ], [ 35.357534, 47.472205 ], [ 35.354401, 47.476309 ] ] } },
{ "type": "Feature", "properties": { "tessellate": -1, "extrude": 0, "visibility": -1 }, "geometry": { "type": "LineString", "coordinates": [ [ 35.758458, 47.241056 ], [ 35.765226, 47.241099 ] ] } },
{ "type": "Feature", "properties": { "tessellate": -1, "extrude": 0, "visibility": -1 }, "geometry": { "type": "LineString", "coordinates": [ [ 35.751957, 47.24161 ], [ 35.758015, 47.2417 ] ] } },
{ "type": "Feature", "properties": { "tessellate": -1, "extrude": 0, "visibility": -1 }, "geometry": { "type": "LineString", "coordinates": [ [ 35.758573, 47.245218 ], [ 35.758281, 47.244695 ], [ 35.756953, 47.24455 ], [ 35.756793, 47.243486 ], [ 35.751718, 47.243288 ] ] } },
{ "type": "Feature", "properties": { "tessellate": -1, "extrude": 0, "visibility": -1 }, "geometry": { "type": "LineString", "coordinates": [ [ 35.758281, 47.24262 ], [ 35.758281, 47.24345 ], [ 35.756793, 47.243486 ] ] } },
{ "type": "Feature", "properties": { "tessellate": -1, "extrude": 0, "visibility": -1 }, "geometry": { "type": "LineString", "coordinates": [ [ 35.76495, 47.243432 ], [ 35.758281, 47.24345 ] ] } },
{ "type": "Feature", "properties": { "tessellate": -1, "extrude": 0, "visibility": -1 }, "geometry": { "type": "LineString", "coordinates": [ [ 35.721495, 47.271467 ], [ 35.721433, 47.271531 ], [ 35.722902, 47.271128 ], [ 35.724777, 47.271976 ] ] } },
{ "type": "Feature", "properties": { "tessellate": -1, "extrude": 0, "visibility": -1 }, "geometry": { "type": "LineString", "coordinates": [ [ 35.727215, 47.270174 ], [ 35.724809, 47.270831 ] ] } },
{ "type": "Feature", "properties": { "tessellate": -1, "extrude": 0, "visibility": -1 }, "geometry": { "type": "LineString", "coordinates": [ [ 35.737749, 47.266738 ], [ 35.737655, 47.26678 ], [ 35.733091, 47.268032 ] ] } },
{ "type": "Feature", "properties": { "tessellate": -1, "extrude": 0, "visibility": -1 }, "geometry": { "type": "LineString", "coordinates": [ [ 35.744844, 47.265338 ], [ 35.741624, 47.266017 ] ] } },
{ "type": "Feature", "properties": { "tessellate": -1, "extrude": 0, "visibility": -1 }, "geometry": { "type": "LineString", "coordinates": [ [ 35.770259, 47.270617 ], [ 35.767943, 47.269097 ] ] } },
{ "type": "Feature", "properties": { "tessellate": -1, "extrude": 0, "visibility": -1 }, "geometry": { "type": "LineString", "coordinates": [ [ 35.319855, 47.407762 ], [ 35.322338, 47.407762 ], [ 35.326973, 47.405745 ], [ 35.328297, 47.403056 ], [ 35.325979, 47.40272 ], [ 35.322007, 47.401376 ], [ 35.316545, 47.400144 ], [ 35.315552, 47.40328 ], [ 35.319359, 47.406417 ], [ 35.3182, 47.409106 ], [ 35.3086, 47.413474 ], [ 35.30562, 47.413586 ], [ 35.301151, 47.412354 ], [ 35.282778, 47.411234 ], [ 35.278475, 47.411906 ], [ 35.269702, 47.411682 ], [ 35.265895, 47.408546 ], [ 35.254474, 47.406977 ], [ 35.249674, 47.406305 ], [ 35.235108, 47.405745 ], [ 35.233618, 47.407986 ], [ 35.228487, 47.432177 ], [ 35.227163, 47.448746 ], [ 35.224349, 47.448074 ] ] } },
{ "type": "Feature", "properties": { "tessellate": -1, "extrude": 0, "visibility": -1 }, "geometry": { "type": "LineString", "coordinates": [ [ 35.486841, 47.387733 ], [ 35.482932, 47.391902 ], [ 35.480879, 47.396136 ], [ 35.475408, 47.398611 ], [ 35.468369, 47.401627 ], [ 35.464219, 47.404746 ], [ 35.443743, 47.410314 ], [ 35.415589, 47.416376 ], [ 35.410653, 47.415139 ], [ 35.400598, 47.415757 ], [ 35.396436, 47.414958 ], [ 35.384317, 47.416624 ], [ 35.367368, 47.415086 ], [ 35.363865, 47.412459 ], [ 35.353923, 47.40791 ], [ 35.34578, 47.404641 ], [ 35.335081, 47.404449 ], [ 35.328297, 47.403056 ] ] } },
{ "type": "Feature", "properties": { "tessellate": -1, "extrude": 0, "visibility": -1 }, "geometry": { "type": "LineString", "coordinates": [ [ 35.387823, 47.426201 ], [ 35.388024, 47.422736 ], [ 35.367443, 47.417981 ], [ 35.365033, 47.418117 ], [ 35.349673, 47.412411 ] ] } },
{ "type": "Feature", "properties": { "tessellate": -1, "extrude": 0, "visibility": -1 }, "geometry": { "type": "LineString", "coordinates": [ [ 35.404891, 47.425046 ], [ 35.407501, 47.426269 ], [ 35.398666, 47.427899 ], [ 35.387823, 47.430683 ], [ 35.376981, 47.432449 ] ] } },
{ "type": "Feature", "properties": { "tessellate": -1, "extrude": 0, "visibility": -1 }, "geometry": { "type": "LineString", "coordinates": [ [ 35.422259, 47.422397 ], [ 35.415031, 47.425386 ], [ 35.411617, 47.427423 ], [ 35.407501, 47.426269 ] ] } },
{ "type": "Feature", "properties": { "tessellate": -1, "extrude": 0, "visibility": -1 }, "geometry": { "type": "LineString", "coordinates": [ [ 35.422962, 47.419951 ], [ 35.43009, 47.420359 ], [ 35.436315, 47.419204 ], [ 35.440331, 47.416283 ], [ 35.450571, 47.415332 ], [ 35.455491, 47.414109 ], [ 35.456394, 47.413294 ], [ 35.466183, 47.417084 ], [ 35.480004, 47.420434 ], [ 35.488564, 47.421411 ], [ 35.511977, 47.418829 ], [ 35.519094, 47.419876 ], [ 35.528067, 47.417643 ], [ 35.531161, 47.417643 ], [ 35.540532, 47.417386 ], [ 35.554002, 47.417198 ], [ 35.566361, 47.418231 ], [ 35.568306, 47.421802 ], [ 35.585803, 47.42462 ], [ 35.590108, 47.424057 ], [ 35.608021, 47.419547 ], [ 35.63383, 47.409321 ], [ 35.673094, 47.388941 ], [ 35.672895, 47.383924 ], [ 35.635064, 47.402913 ], [ 35.628957, 47.406688 ], [ 35.606916, 47.415314 ], [ 35.600012, 47.413876 ], [ 35.568379, 47.413372 ], [ 35.549769, 47.412489 ], [ 35.532955, 47.411163 ], [ 35.526752, 47.413814 ], [ 35.522344, 47.413593 ], [ 35.511244, 47.415361 ], [ 35.487396, 47.416682 ], [ 35.486579, 47.410874 ], [ 35.479495, 47.404052 ], [ 35.475408, 47.398611 ] ] } },
{ "type": "Feature", "properties": { "tessellate": -1, "extrude": 0, "visibility": -1 }, "geometry": { "type": "LineString", "coordinates": [ [ 35.493118, 47.400732 ], [ 35.479495, 47.404052 ], [ 35.473229, 47.40525 ], [ 35.466534, 47.407858 ], [ 35.464426, 47.409421 ], [ 35.456796, 47.412071 ], [ 35.456394, 47.413294 ] ] } },
{ "type": "Feature", "properties": { "tessellate": -1, "extrude": 0, "visibility": -1 }, "geometry": { "type": "LineString", "coordinates": [ [ 35.997365, 47.446942 ], [ 35.993355, 47.446513 ], [ 35.990189, 47.445086 ], [ 35.987446, 47.445086 ], [ 35.977948, 47.439805 ], [ 35.974005, 47.440841 ], [ 35.968235, 47.441561 ], [ 35.956961, 47.446124 ], [ 35.962014, 47.447441 ], [ 35.971511, 47.4458 ], [ 35.991456, 47.452008 ], [ 36.001375, 47.449939 ], [ 36.012244, 47.447727 ], [ 36.019903, 47.44149 ], [ 36.021214, 47.440447 ], [ 36.031667, 47.438811 ], [ 36.037904, 47.436658 ], [ 36.046688, 47.432353 ], [ 36.056235, 47.433386 ], [ 36.047198, 47.429998 ], [ 36.036243, 47.432849 ] ] } },
{ "type": "Feature", "properties": { "tessellate": -1, "extrude": 0, "visibility": -1 }, "geometry": { "type": "LineString", "coordinates": [ [ 36.122377, 47.466482 ], [ 36.110805, 47.466482 ], [ 36.10609, 47.466482 ], [ 36.09866, 47.468897 ], [ 36.091802, 47.467931 ], [ 36.085482, 47.460901 ], [ 36.076101, 47.454704 ], [ 36.07482, 47.447334 ], [ 36.0654, 47.444063 ], [ 36.062854, 47.439414 ], [ 36.06069, 47.438466 ], [ 36.056235, 47.433386 ] ] } },
{ "type": "Feature", "properties": { "tessellate": -1, "extrude": 0, "visibility": -1 }, "geometry": { "type": "LineString", "coordinates": [ [ 36.409356, 47.447386 ], [ 36.405079, 47.443529 ], [ 36.399376, 47.442565 ], [ 36.395456, 47.440396 ], [ 36.384407, 47.437262 ], [ 36.375141, 47.438949 ], [ 36.348411, 47.438949 ], [ 36.338731, 47.434633 ], [ 36.324834, 47.436648 ], [ 36.305476, 47.435641 ], [ 36.298528, 47.430101 ], [ 36.284382, 47.423553 ], [ 36.266813, 47.422779 ], [ 36.262122, 47.424488 ], [ 36.247975, 47.407816 ], [ 36.23646, 47.400154 ], [ 36.216963, 47.398354 ], [ 36.204556, 47.401803 ], [ 36.198524, 47.411387 ], [ 36.169995, 47.416456 ], [ 36.169599, 47.421023 ], [ 36.167198, 47.427518 ], [ 36.15926, 47.432513 ], [ 36.157229, 47.439507 ], [ 36.159814, 47.442378 ], [ 36.151137, 47.442503 ], [ 36.148921, 47.443627 ], [ 36.136183, 47.444876 ], [ 36.113519, 47.457403 ], [ 36.110805, 47.466482 ], [ 36.118377, 47.464454 ] ] } },
{ "type": "Feature", "properties": { "tessellate": -1, "extrude": 0, "visibility": -1 }, "geometry": { "type": "LineString", "coordinates": [ [ 36.117558, 47.425622 ], [ 36.113892, 47.423789 ], [ 36.110545, 47.42023 ], [ 36.10927, 47.416887 ], [ 36.102894, 47.412249 ], [ 36.100344, 47.409014 ], [ 36.102894, 47.405562 ], [ 36.106401, 47.400384 ], [ 36.115008, 47.395853 ] ] } },
{ "type": "Feature", "properties": { "tessellate": -1, "extrude": 0, "visibility": -1 }, "geometry": { "type": "LineString", "coordinates": [ [ 35.749472, 47.312993 ], [ 35.741595, 47.314809 ], [ 35.737499, 47.314168 ], [ 35.730252, 47.315022 ], [ 35.723478, 47.314809 ], [ 35.720485, 47.311711 ] ] } },
{ "type": "Feature", "properties": { "tessellate": -1, "extrude": 0, "visibility": -1 }, "geometry": { "type": "LineString", "coordinates": [ [ 35.751363, 47.315983 ], [ 35.76176, 47.314061 ], [ 35.77011, 47.314702 ], [ 35.79122, 47.311284 ], [ 35.806344, 47.309148 ], [ 35.827769, 47.311925 ], [ 35.837064, 47.315129 ], [ 35.839585, 47.318547 ], [ 35.849982, 47.325488 ], [ 35.851715, 47.33339 ], [ 35.854875, 47.334654 ], [ 35.875392, 47.3336 ], [ 35.887378, 47.338779 ], [ 35.892323, 47.341677 ], [ 35.904027, 47.340068 ], [ 35.903047, 47.330906 ], [ 35.904223, 47.317359 ], [ 35.908729, 47.314835 ], [ 35.925971, 47.314038 ], [ 35.946347, 47.318289 ], [ 35.962609, 47.319352 ], [ 35.971622, 47.323602 ], [ 35.987884, 47.328781 ], [ 35.996427, 47.331156 ], [ 35.997975, 47.339416 ], [ 36.002424, 47.347018 ], [ 36.001457, 47.352392 ], [ 35.993719, 47.355537 ], [ 35.981145, 47.356061 ], [ 35.974181, 47.353834 ], [ 35.964765, 47.352679 ], [ 35.940665, 47.352812 ], [ 35.928322, 47.351219 ], [ 35.912256, 47.350024 ], [ 35.904027, 47.340068 ] ] } },
{ "type": "Feature", "properties": { "tessellate": -1, "extrude": 0, "visibility": -1 }, "geometry": { "type": "LineString", "coordinates": [ [ 35.912775, 47.339434 ], [ 35.912282, 47.339351 ], [ 35.916721, 47.334755 ] ] } },
{ "type": "Feature", "properties": { "tessellate": -1, "extrude": 0, "visibility": -1 }, "geometry": { "type": "LineString", "coordinates": [ [ 35.919803, 47.345617 ], [ 35.917337, 47.343111 ] ] } },
{ "type": "Feature", "properties": { "tessellate": -1, "extrude": 0, "visibility": -1 }, "geometry": { "type": "LineString", "coordinates": [ [ 35.793887, 47.456307 ], [ 35.752517, 47.459588 ] ] } },
{ "type": "Feature", "properties": { "tessellate": -1, "extrude": 0, "visibility": -1 }, "geometry": { "type": "LineString", "coordinates": [ [ 35.803835, 47.451057 ], [ 35.793523, 47.452369 ] ] } },
{ "type": "Feature", "properties": { "tessellate": -1, "extrude": 0, "visibility": -1 }, "geometry": { "type": "LineString", "coordinates": [ [ 35.817302, 47.450482 ], [ 35.803835, 47.452533 ] ] } },
{ "type": "Feature", "properties": { "tessellate": -1, "extrude": 0, "visibility": -1 }, "geometry": { "type": "LineString", "coordinates": [ [ 35.81233, 47.447611 ], [ 35.803654, 47.448692 ] ] } },
{ "type": "Feature", "properties": { "tessellate": -1, "extrude": 0, "visibility": -1 }, "geometry": { "type": "LineString", "coordinates": [ [ 35.840125, 47.457761 ], [ 35.831279, 47.45726 ], [ 35.828825, 47.457491 ], [ 35.826199, 47.457144 ], [ 35.82169, 47.452744 ] ] } },
{ "type": "Feature", "properties": { "tessellate": -1, "extrude": 0, "visibility": -1 }, "geometry": { "type": "LineString", "coordinates": [ [ 36.025569, 47.436965 ], [ 36.022104, 47.437915 ], [ 36.013771, 47.443868 ], [ 36.006561, 47.445261 ], [ 36.003097, 47.447161 ] ] } },
{ "type": "Feature", "properties": { "tessellate": -1, "extrude": 0, "visibility": -1 }, "geometry": { "type": "LineString", "coordinates": [ [ 36.043363, 47.408577 ], [ 36.047734, 47.399316 ], [ 36.051945, 47.398768 ], [ 36.061058, 47.400421 ], [ 36.06653, 47.414145 ], [ 36.07054, 47.419368 ], [ 36.078031, 47.424759 ], [ 36.077871, 47.42918 ], [ 36.079715, 47.432597 ], [ 36.083751, 47.437307 ], [ 36.087327, 47.440849 ] ] } },
{ "type": "Feature", "properties": { "tessellate": -1, "extrude": 0, "visibility": -1 }, "geometry": { "type": "LineString", "coordinates": [ [ 36.115302, 47.446119 ], [ 36.113514, 47.443182 ], [ 36.109171, 47.440936 ] ] } },
{ "type": "Feature", "properties": { "tessellate": -1, "extrude": 0, "visibility": -1 }, "geometry": { "type": "LineString", "coordinates": [ [ 36.136523, 47.463904 ], [ 36.133853, 47.463904 ], [ 36.126733, 47.464592 ] ] } },
{ "type": "Feature", "properties": { "tessellate": -1, "extrude": 0, "visibility": -1 }, "geometry": { "type": "LineString", "coordinates": [ [ 36.162206, 47.464076 ], [ 36.163859, 47.471124 ], [ 36.159409, 47.468631 ], [ 36.153688, 47.468889 ], [ 36.148602, 47.472499 ], [ 36.144533, 47.470436 ], [ 36.141609, 47.464076 ] ] } },
{ "type": "Feature", "properties": { "tessellate": -1, "extrude": 0, "visibility": -1 }, "geometry": { "type": "LineString", "coordinates": [ [ 36.154323, 47.492262 ], [ 36.153179, 47.489512 ], [ 36.154622, 47.489224 ], [ 36.161189, 47.48831 ], [ 36.17047, 47.487708 ], [ 36.165766, 47.478772 ], [ 36.163859, 47.471124 ] ] } },
{ "type": "Feature", "properties": { "tessellate": -1, "extrude": 0, "visibility": -1 }, "geometry": { "type": "LineString", "coordinates": [ [ 36.155767, 47.491895 ], [ 36.154622, 47.489224 ] ] } },
{ "type": "Feature", "properties": { "tessellate": -1, "extrude": 0, "visibility": -1 }, "geometry": { "type": "LineString", "coordinates": [ [ 36.157542, 47.492165 ], [ 36.156511, 47.489844 ] ] } },
{ "type": "Feature", "properties": { "tessellate": -1, "extrude": 0, "visibility": -1 }, "geometry": { "type": "LineString", "coordinates": [ [ 36.158573, 47.491778 ], [ 36.158, 47.489805 ] ] } },
{ "type": "Feature", "properties": { "tessellate": -1, "extrude": 0, "visibility": -1 }, "geometry": { "type": "LineString", "coordinates": [ [ 36.159776, 47.491585 ], [ 36.159146, 47.489611 ] ] } },
{ "type": "Feature", "properties": { "tessellate": -1, "extrude": 0, "visibility": -1 }, "geometry": { "type": "LineString", "coordinates": [ [ 36.161551, 47.491159 ], [ 36.160921, 47.489108 ] ] } },
{ "type": "Feature", "properties": { "tessellate": -1, "extrude": 0, "visibility": -1 }, "geometry": { "type": "LineString", "coordinates": [ [ 36.164644, 47.490811 ], [ 36.164357, 47.489998 ] ] } },
{ "type": "Feature", "properties": { "tessellate": -1, "extrude": 0, "visibility": -1 }, "geometry": { "type": "LineString", "coordinates": [ [ 36.152842, 47.495896 ], [ 36.15235, 47.493144 ] ] } },
{ "type": "Feature", "properties": { "tessellate": -1, "extrude": 0, "visibility": -1 }, "geometry": { "type": "LineString", "coordinates": [ [ 36.197231, 47.476957 ], [ 36.202405, 47.475715 ], [ 36.206559, 47.472401 ], [ 36.209623, 47.471435 ] ] } },
{ "type": "Feature", "properties": { "tessellate": -1, "extrude": 0, "visibility": -1 }, "geometry": { "type": "LineString", "coordinates": [ [ 36.218406, 47.486206 ], [ 36.217725, 47.484044 ] ] } },
{ "type": "Feature", "properties": { "tessellate": -1, "extrude": 0, "visibility": -1 }, "geometry": { "type": "LineString", "coordinates": [ [ 36.033369, 47.479713 ], [ 36.033303, 47.474873 ], [ 36.02766, 47.469406 ], [ 36.028224, 47.467943 ], [ 36.028459, 47.4654 ], [ 36.02735, 47.462516 ], [ 36.023051, 47.455599 ], [ 36.021304, 47.451425 ], [ 36.021736, 47.447225 ], [ 36.021017, 47.444625 ], [ 36.020873, 47.442899 ], [ 36.019903, 47.44149 ] ] } },
{ "type": "Feature", "properties": { "tessellate": -1, "extrude": 0, "visibility": -1 }, "geometry": { "type": "LineString", "coordinates": [ [ 36.038093, 47.490994 ], [ 36.035321, 47.484736 ] ] } },
{ "type": "Feature", "properties": { "tessellate": -1, "extrude": 0, "visibility": -1 }, "geometry": { "type": "LineString", "coordinates": [ [ 35.82193, 47.446115 ], [ 35.821474, 47.445406 ] ] } },
{ "type": "Feature", "properties": { "tessellate": -1, "extrude": 0, "visibility": -1 }, "geometry": { "type": "LineString", "coordinates": [ [ 35.824392, 47.445961 ], [ 35.823845, 47.444913 ] ] } },
{ "type": "Feature", "properties": { "tessellate": -1, "extrude": 0, "visibility": -1 }, "geometry": { "type": "LineString", "coordinates": [ [ 36.618347, 47.266632 ], [ 36.614582, 47.266632 ], [ 36.607215, 47.270409 ], [ 36.600196, 47.266101 ], [ 36.586155, 47.266772 ] ] } },
{ "type": "Feature", "properties": { "tessellate": -1, "extrude": 0, "visibility": -1 }, "geometry": { "type": "LineString", "coordinates": [ [ 36.689009, 47.280881 ], [ 36.682167, 47.281854 ], [ 36.671131, 47.28118 ], [ 36.659986, 47.272645 ], [ 36.657063, 47.272075 ], [ 36.654934, 47.272241 ], [ 36.648223, 47.271186 ], [ 36.637746, 47.269964 ], [ 36.629561, 47.267132 ], [ 36.622931, 47.26641 ], [ 36.621375, 47.265076 ] ] } },
{ "type": "Feature", "properties": { "tessellate": -1, "extrude": 0, "visibility": -1 }, "geometry": { "type": "LineString", "coordinates": [ [ 36.786357, 47.301327 ], [ 36.777043, 47.298078 ], [ 36.774648, 47.296634 ], [ 36.766258, 47.295553 ], [ 36.755774, 47.293756 ], [ 36.749595, 47.290163 ], [ 36.74507, 47.288816 ], [ 36.740435, 47.290089 ], [ 36.726199, 47.291436 ], [ 36.718474, 47.289041 ], [ 36.705342, 47.286795 ], [ 36.701038, 47.284774 ], [ 36.691437, 47.282303 ] ] } },
{ "type": "Feature", "properties": { "tessellate": -1, "extrude": 0, "visibility": -1 }, "geometry": { "type": "LineString", "coordinates": [ [ 36.846637, 47.35273 ], [ 36.849534, 47.348962 ], [ 36.845884, 47.347195 ], [ 36.840205, 47.345742 ], [ 36.834759, 47.34798 ] ] } },
{ "type": "Feature", "properties": { "tessellate": -1, "extrude": 0, "visibility": -1 }, "geometry": { "type": "LineString", "coordinates": [ [ 36.898841, 47.355517 ], [ 36.897103, 47.352338 ], [ 36.892584, 47.351552 ], [ 36.887137, 47.352338 ], [ 36.888064, 47.35642 ] ] } },
{ "type": "Feature", "properties": { "tessellate": -1, "extrude": 0, "visibility": -1 }, "geometry": { "type": "LineString", "coordinates": [ [ 37.008384, 47.367784 ], [ 37.003614, 47.369937 ], [ 36.997391, 47.369107 ], [ 36.99671, 47.36603 ], [ 36.998436, 47.363877 ] ] } },
{ "type": "Feature", "properties": { "tessellate": -1, "extrude": 0, "visibility": -1 }, "geometry": { "type": "LineString", "coordinates": [ [ 37.094656, 47.378588 ], [ 37.092095, 47.381622 ], [ 37.090094, 47.382435 ], [ 37.084972, 47.382272 ], [ 37.082171, 47.381351 ] ] } },
{ "type": "Feature", "properties": { "tessellate": -1, "extrude": 0, "visibility": -1 }, "geometry": { "type": "LineString", "coordinates": [ [ 37.025097, 47.419322 ], [ 37.020798, 47.419704 ], [ 37.01502, 47.418464 ], [ 37.012765, 47.414602 ], [ 37.014668, 47.41198 ] ] } },
{ "type": "Feature", "properties": { "tessellate": -1, "extrude": 0, "visibility": -1 }, "geometry": { "type": "LineString", "coordinates": [ [ 36.931748, 47.423661 ], [ 36.917545, 47.419738 ], [ 36.915069, 47.418372 ], [ 36.918001, 47.413919 ], [ 36.92419, 47.414404 ] ] } },
{ "type": "Feature", "properties": { "tessellate": -1, "extrude": 0, "visibility": -1 }, "geometry": { "type": "LineString", "coordinates": [ [ 36.817291, 47.456587 ], [ 36.818979, 47.456797 ], [ 36.820578, 47.454515 ] ] } },
{ "type": "Feature", "properties": { "tessellate": -1, "extrude": 0, "visibility": -1 }, "geometry": { "type": "LineString", "coordinates": [ [ 36.75222, 47.430582 ], [ 36.750614, 47.429185 ] ] } },
{ "type": "Feature", "properties": { "tessellate": -1, "extrude": 0, "visibility": -1 }, "geometry": { "type": "LineString", "coordinates": [ [ 36.640444, 47.378242 ], [ 36.627931, 47.369318 ], [ 36.618677, 47.36221 ], [ 36.617887, 47.355942 ], [ 36.617549, 47.34822 ], [ 36.616984, 47.34432 ], [ 36.61958, 47.341873 ], [ 36.620708, 47.339426 ], [ 36.661108, 47.337514 ], [ 36.674649, 47.338585 ], [ 36.673521, 47.341644 ], [ 36.675665, 47.345085 ], [ 36.678177, 47.357118 ], [ 36.679408, 47.36039 ], [ 36.678082, 47.369819 ], [ 36.675809, 47.372833 ], [ 36.67401, 47.380657 ], [ 36.674484, 47.386748 ], [ 36.670601, 47.388223 ], [ 36.663877, 47.387518 ], [ 36.651661, 47.381875 ], [ 36.643611, 47.38008 ] ] } },
{ "type": "Feature", "properties": { "tessellate": -1, "extrude": 0, "visibility": -1 }, "geometry": { "type": "LineString", "coordinates": [ [ 36.677957, 47.494554 ], [ 36.678256, 47.490648 ], [ 36.661249, 47.488714 ], [ 36.645694, 47.484946 ], [ 36.623976, 47.487524 ], [ 36.607778, 47.485555 ], [ 36.597532, 47.485808 ], [ 36.59141, 47.470861 ], [ 36.588368, 47.464105 ], [ 36.584143, 47.462141 ], [ 36.575694, 47.463034 ], [ 36.557476, 47.467853 ], [ 36.536881, 47.466961 ], [ 36.519191, 47.468389 ], [ 36.505725, 47.467496 ], [ 36.480378, 47.470887 ], [ 36.474041, 47.470887 ], [ 36.457667, 47.472692 ], [ 36.450819, 47.472896 ], [ 36.432187, 47.468471 ], [ 36.419901, 47.463092 ], [ 36.406305, 47.45962 ], [ 36.401571, 47.457577 ], [ 36.394421, 47.45567 ] ] } },
{ "type": "Feature", "properties": { "tessellate": -1, "extrude": 0, "visibility": -1 }, "geometry": { "type": "LineString", "coordinates": [ [ 36.68005, 47.494419 ], [ 36.680748, 47.491052 ], [ 36.678256, 47.490648 ], [ 36.678555, 47.487617 ] ] } },
{ "type": "Feature", "properties": { "tessellate": -1, "extrude": 0, "visibility": -1 }, "geometry": { "type": "LineString", "coordinates": [ [ 36.681645, 47.487549 ], [ 36.680748, 47.491052 ] ] } },
{ "type": "Feature", "properties": { "tessellate": -1, "extrude": 0, "visibility": -1 }, "geometry": { "type": "LineString", "coordinates": [ [ 36.628317, 47.469427 ], [ 36.620143, 47.46781 ], [ 36.607085, 47.461677 ], [ 36.60579, 47.457162 ] ] } },
{ "type": "Feature", "properties": { "tessellate": -1, "extrude": 0, "visibility": -1 }, "geometry": { "type": "LineString", "coordinates": [ [ 36.801234, 47.506862 ], [ 36.804458, 47.503354 ], [ 36.810367, 47.499846 ] ] } },
{ "type": "Feature", "properties": { "tessellate": -1, "extrude": 0, "visibility": -1 }, "geometry": { "type": "LineString", "coordinates": [ [ 36.826054, 47.504493 ], [ 36.826766, 47.503884 ] ] } },
{ "type": "Feature", "properties": { "tessellate": -1, "extrude": 0, "visibility": -1 }, "geometry": { "type": "LineString", "coordinates": [ [ 37.021041, 47.591739 ], [ 37.003604, 47.585369 ], [ 36.992914, 47.576432 ], [ 36.97722, 47.580317 ], [ 36.95735, 47.570118 ], [ 36.941306, 47.562644 ], [ 36.930037, 47.568148 ], [ 36.918769, 47.567424 ], [ 36.910505, 47.563079 ], [ 36.911874, 47.557693 ], [ 36.899449, 47.549307 ], [ 36.88971, 47.550553 ], [ 36.885345, 47.5467 ], [ 36.874027, 47.537267 ], [ 36.865976, 47.532738 ], [ 36.857477, 47.528006 ], [ 36.841653, 47.518485 ], [ 36.830236, 47.524986 ], [ 36.826654, 47.525742 ], [ 36.807177, 47.516519 ], [ 36.797774, 47.515763 ], [ 36.773372, 47.508505 ], [ 36.743401, 47.508636 ], [ 36.72951, 47.505821 ], [ 36.714988, 47.506504 ], [ 36.706527, 47.504286 ], [ 36.693267, 47.501044 ], [ 36.670284, 47.499338 ], [ 36.666117, 47.504457 ], [ 36.651215, 47.505224 ], [ 36.645912, 47.49985 ], [ 36.645785, 47.494901 ], [ 36.644649, 47.493195 ] ] } },
{ "type": "Feature", "properties": { "tessellate": -1, "extrude": 0, "visibility": -1 }, "geometry": { "type": "LineString", "coordinates": [ [ 37.08868, 47.542735 ], [ 37.093152, 47.544316 ], [ 37.097199, 47.542807 ], [ 37.097412, 47.538853 ], [ 37.095176, 47.536768 ] ] } },
{ "type": "Feature", "properties": { "tessellate": -1, "extrude": 0, "visibility": -1 }, "geometry": { "type": "LineString", "coordinates": [ [ 36.898392, 47.528345 ], [ 36.890722, 47.527225 ], [ 36.887095, 47.527995 ], [ 36.885437, 47.530024 ], [ 36.885748, 47.534153 ] ] } },
{ "type": "Feature", "properties": { "tessellate": -1, "extrude": 0, "visibility": -1 }, "geometry": { "type": "LineString", "coordinates": [ [ 37.128423, 47.475195 ], [ 37.123383, 47.473714 ], [ 37.123164, 47.47164 ], [ 37.125574, 47.467492 ] ] } },
{ "type": "Feature", "properties": { "tessellate": -1, "extrude": 0, "visibility": -1 }, "geometry": { "type": "LineString", "coordinates": [ [ 37.128823, 47.505718 ], [ 37.126853, 47.504817 ], [ 37.124448, 47.50198 ], [ 37.123753, 47.500062 ], [ 37.124217, 47.498007 ] ] } },
{ "type": "Feature", "properties": { "tessellate": -1, "extrude": 0, "visibility": -1 }, "geometry": { "type": "LineString", "coordinates": [ [ 37.201894, 47.488709 ], [ 37.205994, 47.489282 ], [ 37.213486, 47.486894 ] ] } },
{ "type": "Feature", "properties": { "tessellate": -1, "extrude": 0, "visibility": -1 }, "geometry": { "type": "LineString", "coordinates": [ [ 37.307788, 47.490431 ], [ 37.294437, 47.491147 ], [ 37.291258, 47.489428 ], [ 37.290693, 47.485896 ] ] } },
{ "type": "Feature", "properties": { "tessellate": -1, "extrude": 0, "visibility": -1 }, "geometry": { "type": "LineString", "coordinates": [ [ 37.415637, 47.505991 ], [ 37.408721, 47.507802 ], [ 37.400111, 47.503035 ], [ 37.396864, 47.496837 ] ] } },
{ "type": "Feature", "properties": { "tessellate": -1, "extrude": 0, "visibility": -1 }, "geometry": { "type": "LineString", "coordinates": [ [ 37.541079, 47.213697 ], [ 37.53446, 47.213574 ] ] } },
{ "type": "Feature", "properties": { "tessellate": -1, "extrude": 0, "visibility": -1 }, "geometry": { "type": "LineString", "coordinates": [ [ 37.540138, 47.364456 ], [ 37.529644, 47.362268 ], [ 37.529067, 47.358675 ], [ 37.526646, 47.354222 ] ] } },
{ "type": "Feature", "properties": { "tessellate": -1, "extrude": 0, "visibility": -1 }, "geometry": { "type": "LineString", "coordinates": [ [ 37.552131, 47.364768 ], [ 37.546365, 47.366408 ], [ 37.540369, 47.366252 ] ] } },
{ "type": "Feature", "properties": { "tessellate": -1, "extrude": 0, "visibility": -1 }, "geometry": { "type": "LineString", "coordinates": [ [ 37.526598, 47.469832 ], [ 37.509504, 47.468345 ], [ 37.504935, 47.465942 ] ] } },
{ "type": "Feature", "properties": { "tessellate": -1, "extrude": 0, "visibility": -1 }, "geometry": { "type": "LineString", "coordinates": [ [ 37.496701, 47.526986 ], [ 37.503856, 47.526913 ], [ 37.505244, 47.525832 ], [ 37.5077, 47.519775 ], [ 37.512078, 47.517756 ], [ 37.511971, 47.516602 ] ] } },
{ "type": "Feature", "properties": { "tessellate": -1, "extrude": 0, "visibility": -1 }, "geometry": { "type": "LineString", "coordinates": [ [ 37.411227, 47.548145 ], [ 37.407853, 47.540817 ], [ 37.405359, 47.538737 ] ] } },
{ "type": "Feature", "properties": { "tessellate": -1, "extrude": 0, "visibility": -1 }, "geometry": { "type": "LineString", "coordinates": [ [ 37.238904, 47.534625 ], [ 37.229241, 47.535094 ], [ 37.219926, 47.535094 ], [ 37.211793, 47.531809 ], [ 37.207691, 47.528382 ] ] } },
{ "type": "Feature", "properties": { "tessellate": -1, "extrude": 0, "visibility": -1 }, "geometry": { "type": "LineString", "coordinates": [ [ 37.12561, 47.607876 ], [ 37.114743, 47.602092 ], [ 37.107072, 47.602937 ], [ 37.095956, 47.604299 ], [ 37.087872, 47.607608 ], [ 37.082539, 47.608361 ], [ 37.077113, 47.610542 ], [ 37.066157, 47.611738 ], [ 37.055409, 47.611175 ], [ 37.03767, 47.612301 ], [ 37.026609, 47.612019 ], [ 37.017218, 47.607517 ], [ 37.019096, 47.601466 ], [ 37.017322, 47.596541 ] ] } },
{ "type": "Feature", "properties": { "tessellate": -1, "extrude": 0, "visibility": -1 }, "geometry": { "type": "LineString", "coordinates": [ [ 37.184195, 47.597751 ], [ 37.175964, 47.599683 ], [ 37.174249, 47.596962 ], [ 37.189989, 47.594512 ], [ 37.193218, 47.59737 ], [ 37.203711, 47.594376 ], [ 37.208615, 47.589198 ], [ 37.211927, 47.587386 ], [ 37.216247, 47.585749 ], [ 37.226758, 47.584578 ], [ 37.242573, 47.581716 ], [ 37.255399, 47.580155 ], [ 37.268547, 47.57913 ], [ 37.279704, 47.579067 ], [ 37.287835, 47.582383 ], [ 37.289537, 47.584233 ], [ 37.266278, 47.587676 ] ] } },
{ "type": "Feature", "properties": { "tessellate": -1, "extrude": 0, "visibility": -1 }, "geometry": { "type": "LineString", "coordinates": [ [ 37.213047, 47.592905 ], [ 37.212952, 47.590227 ], [ 37.211927, 47.587386 ] ] } },
{ "type": "Feature", "properties": { "tessellate": -1, "extrude": 0, "visibility": -1 }, "geometry": { "type": "LineString", "coordinates": [ [ 37.327906, 47.590974 ], [ 37.31461, 47.591269 ], [ 37.310411, 47.592448 ], [ 37.302626, 47.589676 ], [ 37.289537, 47.584233 ] ] } },
{ "type": "Feature", "properties": { "tessellate": -1, "extrude": 0, "visibility": -1 }, "geometry": { "type": "LineString", "coordinates": [ [ 37.462828, 47.632684 ], [ 37.455456, 47.619511 ], [ 37.456999, 47.617662 ], [ 37.454665, 47.612844 ], [ 37.452963, 47.602275 ], [ 37.440511, 47.602214 ], [ 37.422147, 47.60819 ], [ 37.40897, 47.608393 ], [ 37.404041, 47.60941 ], [ 37.401124, 47.608935 ], [ 37.393017, 47.609587 ], [ 37.387304, 47.61037 ], [ 37.380623, 47.610697 ], [ 37.376266, 47.613177 ], [ 37.3691, 47.613177 ], [ 37.363589, 47.608178 ], [ 37.355659, 47.604032 ], [ 37.342711, 47.606214 ], [ 37.331055, 47.597581 ], [ 37.324844, 47.595929 ], [ 37.320383, 47.594041 ], [ 37.310411, 47.592448 ] ] } },
{ "type": "Feature", "properties": { "tessellate": -1, "extrude": 0, "visibility": -1 }, "geometry": { "type": "LineString", "coordinates": [ [ 37.543226, 47.685228 ], [ 37.550509, 47.681357 ], [ 37.548592, 47.680196 ], [ 37.539777, 47.677745 ], [ 37.526922, 47.664242 ], [ 37.518389, 47.663433 ], [ 37.512741, 47.660115 ], [ 37.508775, 47.659548 ], [ 37.510938, 47.646514 ], [ 37.507333, 47.645705 ], [ 37.507934, 47.638984 ], [ 37.503127, 47.637283 ], [ 37.496036, 47.637283 ] ] } },
{ "type": "Feature", "properties": { "tessellate": -1, "extrude": 0, "visibility": -1 }, "geometry": { "type": "LineString", "coordinates": [ [ 37.555973, 47.681779 ], [ 37.557884, 47.681419 ], [ 37.558878, 47.680904 ], [ 37.55842, 47.678897 ] ] } },
{ "type": "Feature", "properties": { "tessellate": -1, "extrude": 0, "visibility": -1 }, "geometry": { "type": "LineString", "coordinates": [ [ 37.567514, 47.702244 ], [ 37.567514, 47.697444 ], [ 37.565861, 47.694634 ] ] } },
{ "type": "Feature", "properties": { "tessellate": -1, "extrude": 0, "visibility": -1 }, "geometry": { "type": "LineString", "coordinates": [ [ 37.950828, 47.636578 ], [ 37.944809, 47.634359 ], [ 37.944582, 47.63191 ], [ 37.943559, 47.627241 ] ] } },
{ "type": "Feature", "properties": { "tessellate": -1, "extrude": 0, "visibility": -1 }, "geometry": { "type": "LineString", "coordinates": [ [ 37.738003, 47.641617 ], [ 37.725621, 47.638702 ], [ 37.730709, 47.629844 ] ] } },
{ "type": "Feature", "properties": { "tessellate": -1, "extrude": 0, "visibility": -1 }, "geometry": { "type": "LineString", "coordinates": [ [ 37.81361, 47.708156 ], [ 37.809526, 47.710529 ], [ 37.804515, 47.710404 ], [ 37.800617, 47.706407 ], [ 37.801266, 47.704534 ], [ 37.806, 47.704034 ] ] } },
{ "type": "Feature", "properties": { "tessellate": -1, "extrude": 0, "visibility": -1 }, "geometry": { "type": "LineString", "coordinates": [ [ 37.773051, 47.727576 ], [ 37.769339, 47.729386 ], [ 37.762656, 47.731758 ], [ 37.757645, 47.728575 ], [ 37.761079, 47.725078 ], [ 37.76145, 47.721957 ] ] } },
{ "type": "Feature", "properties": { "tessellate": -1, "extrude": 0, "visibility": -1 }, "geometry": { "type": "LineString", "coordinates": [ [ 37.757459, 47.755287 ], [ 37.768782, 47.750108 ], [ 37.768596, 47.747425 ], [ 37.788922, 47.741433 ] ] } },
{ "type": "Feature", "properties": { "tessellate": -1, "extrude": 0, "visibility": -1 }, "geometry": { "type": "LineString", "coordinates": [ [ 37.830591, 47.769101 ], [ 37.82517, 47.77045 ], [ 37.820553, 47.768426 ], [ 37.818345, 47.764378 ], [ 37.820151, 47.76033 ] ] } },
{ "type": "Feature", "properties": { "tessellate": -1, "extrude": 0, "visibility": -1 }, "geometry": { "type": "LineString", "coordinates": [ [ 37.882787, 47.783267 ], [ 37.8862, 47.780164 ] ] } },
{ "type": "Feature", "properties": { "tessellate": -1, "extrude": 0, "visibility": -1 }, "geometry": { "type": "LineString", "coordinates": [ [ 37.502831, 47.706767 ], [ 37.501667, 47.709509 ], [ 37.494681, 47.706865 ], [ 37.492789, 47.700204 ] ] } },
{ "type": "Feature", "properties": { "tessellate": -1, "extrude": 0, "visibility": -1 }, "geometry": { "type": "LineString", "coordinates": [ [ 37.507926, 47.723709 ], [ 37.506616, 47.722534 ], [ 37.504287, 47.713035 ], [ 37.501667, 47.709509 ] ] } },
{ "type": "Feature", "properties": { "tessellate": -1, "extrude": 0, "visibility": -1 }, "geometry": { "type": "LineString", "coordinates": [ [ 37.512753, 47.72724 ], [ 37.511017, 47.724546 ] ] } },
{ "type": "Feature", "properties": { "tessellate": -1, "extrude": 0, "visibility": -1 }, "geometry": { "type": "LineString", "coordinates": [ [ 37.509014, 47.735503 ], [ 37.507479, 47.734066 ], [ 37.505209, 47.732809 ], [ 37.505209, 47.731821 ], [ 37.506077, 47.730698 ], [ 37.505877, 47.728633 ], [ 37.512887, 47.728543 ] ] } },
{ "type": "Feature", "properties": { "tessellate": -1, "extrude": 0, "visibility": -1 }, "geometry": { "type": "LineString", "coordinates": [ [ 37.533871, 47.771268 ], [ 37.535636, 47.761401 ], [ 37.539236, 47.758678 ], [ 37.544036, 47.753131 ], [ 37.544786, 47.749399 ], [ 37.540436, 47.74476 ], [ 37.532631, 47.737512 ], [ 37.528242, 47.735278 ], [ 37.519162, 47.732988 ], [ 37.516292, 47.728992 ] ] } },
{ "type": "Feature", "properties": { "tessellate": -1, "extrude": 0, "visibility": -1 }, "geometry": { "type": "LineString", "coordinates": [ [ 37.77119, 47.906995 ], [ 37.779073, 47.898301 ], [ 37.799162, 47.883296 ], [ 37.807045, 47.870674 ] ] } },
{ "type": "Feature", "properties": { "tessellate": -1, "extrude": 0, "visibility": -1 }, "geometry": { "type": "LineString", "coordinates": [ [ 36.164957, 47.506726 ], [ 36.162606, 47.505036 ], [ 36.161772, 47.501705 ] ] } },
{ "type": "Feature", "properties": { "tessellate": -1, "extrude": 0, "visibility": -1 }, "geometry": { "type": "LineString", "coordinates": [ [ 36.152974, 47.500322 ], [ 36.152595, 47.499092 ], [ 36.152291, 47.498272 ] ] } },
{ "type": "Feature", "properties": { "tessellate": -1, "extrude": 0, "visibility": -1 }, "geometry": { "type": "LineString", "coordinates": [ [ 36.156614, 47.512925 ], [ 36.151912, 47.510005 ], [ 36.15176, 47.509237 ], [ 36.151685, 47.508109 ], [ 36.149637, 47.503037 ], [ 36.147362, 47.502064 ], [ 36.147362, 47.500834 ], [ 36.152595, 47.499092 ] ] } },
{ "type": "Feature", "properties": { "tessellate": -1, "extrude": 0, "visibility": -1 }, "geometry": { "type": "LineString", "coordinates": [ [ 36.16617, 47.51523 ], [ 36.167536, 47.517023 ], [ 36.166095, 47.517279 ], [ 36.160027, 47.516408 ], [ 36.158662, 47.514564 ] ] } },
{ "type": "Feature", "properties": { "tessellate": -1, "extrude": 0, "visibility": -1 }, "geometry": { "type": "LineString", "coordinates": [ [ 36.182931, 47.525525 ], [ 36.180656, 47.52573 ], [ 36.178836, 47.525064 ], [ 36.175347, 47.524398 ], [ 36.167536, 47.517023 ] ] } },
{ "type": "Feature", "properties": { "tessellate": -1, "extrude": 0, "visibility": -1 }, "geometry": { "type": "LineString", "coordinates": [ [ 36.181718, 47.520506 ], [ 36.179822, 47.518867 ], [ 36.17785, 47.51733 ], [ 36.173148, 47.514359 ], [ 36.166701, 47.514257 ] ] } },
{ "type": "Feature", "properties": { "tessellate": -1, "extrude": 0, "visibility": -1 }, "geometry": { "type": "LineString", "coordinates": [ [ 36.254194, 47.514799 ], [ 36.246865, 47.514082 ], [ 36.234119, 47.513723 ], [ 36.225197, 47.51401 ], [ 36.219142, 47.519677 ], [ 36.215956, 47.521542 ] ] } },
{ "type": "Feature", "properties": { "tessellate": -1, "extrude": 0, "visibility": -1 }, "geometry": { "type": "LineString", "coordinates": [ [ 36.253026, 47.510495 ], [ 36.247396, 47.509849 ], [ 36.234544, 47.509562 ], [ 36.220311, 47.51071 ], [ 36.219779, 47.510853 ], [ 36.218505, 47.511714 ], [ 36.215424, 47.512073 ] ] } },
{ "type": "Feature", "properties": { "tessellate": -1, "extrude": 0, "visibility": -1 }, "geometry": { "type": "LineString", "coordinates": [ [ 36.917599, 47.658933 ], [ 36.889216, 47.64903 ], [ 36.83062, 47.629614 ], [ 36.810703, 47.633981 ], [ 36.795437, 47.630066 ], [ 36.783014, 47.631096 ], [ 36.773649, 47.636377 ], [ 36.74294, 47.635608 ], [ 36.731907, 47.634782 ], [ 36.721488, 47.633336 ], [ 36.719036, 47.62301 ], [ 36.713827, 47.620944 ], [ 36.695133, 47.619498 ], [ 36.662786, 47.616982 ], [ 36.640675, 47.613643 ], [ 36.621571, 47.611139 ], [ 36.607728, 47.610147 ], [ 36.590437, 47.607009 ], [ 36.582901, 47.604169 ], [ 36.576915, 47.584586 ], [ 36.565872, 47.569953 ], [ 36.556132, 47.568749 ], [ 36.543099, 47.570693 ], [ 36.530752, 47.570693 ], [ 36.508253, 47.567546 ], [ 36.497278, 47.565787 ], [ 36.493947, 47.564283 ], [ 36.501683, 47.561708 ], [ 36.506028, 47.557203 ], [ 36.512704, 47.55284 ], [ 36.535487, 47.541692 ], [ 36.532132, 47.537336 ], [ 36.524002, 47.53542 ], [ 36.515485, 47.53176 ], [ 36.509033, 47.531935 ], [ 36.500172, 47.52979 ], [ 36.494052, 47.525222 ], [ 36.492281, 47.525005 ], [ 36.487771, 47.522612 ], [ 36.476819, 47.523156 ], [ 36.476014, 47.523482 ], [ 36.467156, 47.524678 ], [ 36.456365, 47.520872 ], [ 36.443964, 47.517935 ], [ 36.442193, 47.514454 ], [ 36.433173, 47.513911 ], [ 36.419162, 47.509886 ], [ 36.412236, 47.505534 ], [ 36.40821, 47.504881 ], [ 36.394827, 47.502716 ], [ 36.387903, 47.503708 ], [ 36.379511, 47.503 ], [ 36.369649, 47.505834 ], [ 36.358529, 47.51037 ], [ 36.350766, 47.512354 ], [ 36.344471, 47.515613 ], [ 36.327933, 47.517884 ], [ 36.314356, 47.521569 ], [ 36.310896, 47.519681 ], [ 36.302111, 47.52085 ], [ 36.291197, 47.518693 ], [ 36.277988, 47.519319 ], [ 36.267259, 47.523551 ], [ 36.256425, 47.526635 ], [ 36.251114, 47.526994 ], [ 36.247078, 47.524985 ], [ 36.245803, 47.519605 ], [ 36.246865, 47.514082 ], [ 36.247396, 47.509849 ] ] } },
{ "type": "Feature", "properties": { "tessellate": -1, "extrude": 0, "visibility": -1 }, "geometry": { "type": "LineString", "coordinates": [ [ 36.656611, 47.64044 ], [ 36.654488, 47.640296 ], [ 36.659053, 47.624055 ] ] } },
{ "type": "Feature", "properties": { "tessellate": -1, "extrude": 0, "visibility": -1 }, "geometry": { "type": "LineString", "coordinates": [ [ 36.651922, 47.651544 ], [ 36.654488, 47.640296 ], [ 36.652152, 47.64001 ] ] } },
{ "type": "Feature", "properties": { "tessellate": -1, "extrude": 0, "visibility": -1 }, "geometry": { "type": "LineString", "coordinates": [ [ 36.751904, 47.618309 ], [ 36.752695, 47.617448 ], [ 36.753364, 47.615193 ], [ 36.756709, 47.615644 ], [ 36.757074, 47.617079 ], [ 36.759142, 47.617366 ] ] } },
{ "type": "Feature", "properties": { "tessellate": -1, "extrude": 0, "visibility": -1 }, "geometry": { "type": "LineString", "coordinates": [ [ 36.759082, 47.618268 ], [ 36.752695, 47.617448 ] ] } },
{ "type": "Feature", "properties": { "tessellate": -1, "extrude": 0, "visibility": -1 }, "geometry": { "type": "LineString", "coordinates": [ [ 36.83928, 47.578432 ], [ 36.83894, 47.578246 ], [ 36.837642, 47.578475 ], [ 36.837642, 47.578734 ] ] } },
{ "type": "Feature", "properties": { "tessellate": -1, "extrude": 0, "visibility": -1 }, "geometry": { "type": "LineString", "coordinates": [ [ 36.838706, 47.579551 ], [ 36.839769, 47.579265 ], [ 36.839493, 47.578906 ] ] } },
{ "type": "Feature", "properties": { "tessellate": -1, "extrude": 0, "visibility": -1 }, "geometry": { "type": "LineString", "coordinates": [ [ 36.796225, 47.63415 ], [ 36.799309, 47.63527 ], [ 36.804528, 47.63503 ], [ 36.812595, 47.638227 ], [ 36.833829, 47.6459 ], [ 36.856131, 47.653572 ], [ 36.865384, 47.657008 ] ] } },
{ "type": "Feature", "properties": { "tessellate": -1, "extrude": 0, "visibility": -1 }, "geometry": { "type": "LineString", "coordinates": [ [ 37.051506, 47.631381 ], [ 37.036982, 47.631946 ], [ 37.014079, 47.632699 ], [ 37.011006, 47.631946 ], [ 37.007655, 47.631758 ] ] } },
{ "type": "Feature", "properties": { "tessellate": -1, "extrude": 0, "visibility": -1 }, "geometry": { "type": "LineString", "coordinates": [ [ 37.139768, 47.619522 ], [ 37.117424, 47.624228 ], [ 37.11072, 47.629123 ], [ 37.084744, 47.630817 ] ] } },
{ "type": "Feature", "properties": { "tessellate": -1, "extrude": 0, "visibility": -1 }, "geometry": { "type": "LineString", "coordinates": [ [ 37.004747, 47.597395 ], [ 37.000936, 47.59583 ], [ 36.989999, 47.597618 ], [ 36.985857, 47.599741 ], [ 36.982046, 47.599741 ], [ 36.96995, 47.602534 ], [ 36.962162, 47.608679 ], [ 36.954374, 47.613147 ], [ 36.945923, 47.613147 ], [ 36.929685, 47.614376 ], [ 36.907812, 47.618621 ], [ 36.901019, 47.62655 ], [ 36.902676, 47.635372 ], [ 36.903504, 47.637605 ], [ 36.906652, 47.643969 ], [ 36.904995, 47.646201 ] ] } },
{ "type": "Feature", "properties": { "tessellate": -1, "extrude": 0, "visibility": -1 }, "geometry": { "type": "LineString", "coordinates": [ [ 37.613725, 47.909493 ], [ 37.612495, 47.910168 ], [ 37.597735, 47.909643 ], [ 37.603438, 47.901848 ], [ 37.608781, 47.891253 ], [ 37.615565, 47.87455 ], [ 37.620317, 47.87288 ], [ 37.623728, 47.866474 ], [ 37.624312, 47.863467 ], [ 37.619148, 47.860852 ], [ 37.624119, 47.855611 ], [ 37.626985, 47.854713 ], [ 37.628418, 47.847276 ], [ 37.621974, 47.840157 ], [ 37.619495, 47.838206 ], [ 37.614623, 47.835509 ], [ 37.612913, 47.833902 ], [ 37.612314, 47.828795 ], [ 37.613594, 47.816715 ], [ 37.614092, 47.813208 ], [ 37.610734, 47.811036 ], [ 37.610858, 47.807444 ], [ 37.607345, 47.802902 ], [ 37.602388, 47.800445 ], [ 37.59483, 47.794986 ], [ 37.585494, 47.792492 ], [ 37.57326, 47.791311 ], [ 37.56936, 47.783656 ], [ 37.566378, 47.780933 ], [ 37.565002, 47.778827 ], [ 37.551774, 47.77857 ], [ 37.548563, 47.776412 ], [ 37.54214, 47.774613 ], [ 37.538623, 47.771633 ] ] } },
{ "type": "Feature", "properties": { "tessellate": -1, "extrude": 0, "visibility": -1 }, "geometry": { "type": "LineString", "coordinates": [ [ 37.572242, 47.915714 ], [ 37.573695, 47.909119 ], [ 37.589237, 47.909194 ], [ 37.597735, 47.909643 ] ] } },
{ "type": "Feature", "properties": { "tessellate": -1, "extrude": 0, "visibility": -1 }, "geometry": { "type": "LineString", "coordinates": [ [ 37.259376, 47.786319 ], [ 37.259245, 47.784906 ], [ 37.258325, 47.781596 ] ] } },
{ "type": "Feature", "properties": { "tessellate": -1, "extrude": 0, "visibility": -1 }, "geometry": { "type": "LineString", "coordinates": [ [ 37.31035, 47.908111 ], [ 37.305656, 47.904123 ] ] } },
{ "type": "Feature", "properties": { "tessellate": -1, "extrude": 0, "visibility": -1 }, "geometry": { "type": "LineString", "coordinates": [ [ 37.099233, 47.871872 ], [ 37.095155, 47.870235 ] ] } },
{ "type": "Feature", "properties": { "tessellate": -1, "extrude": 0, "visibility": -1 }, "geometry": { "type": "LineString", "coordinates": [ [ 37.189203, 47.908463 ], [ 37.18034, 47.904973 ], [ 37.140998, 47.888802 ], [ 37.116088, 47.878763 ] ] } },
{ "type": "Feature", "properties": { "tessellate": -1, "extrude": 0, "visibility": -1 }, "geometry": { "type": "LineString", "coordinates": [ [ 37.243419, 47.940534 ], [ 37.242636, 47.940386 ] ] } },
{ "type": "Feature", "properties": { "tessellate": -1, "extrude": 0, "visibility": -1 }, "geometry": { "type": "LineString", "coordinates": [ [ 37.246409, 47.943223 ], [ 37.24358, 47.943492 ] ] } },
{ "type": "Feature", "properties": { "tessellate": -1, "extrude": 0, "visibility": -1 }, "geometry": { "type": "LineString", "coordinates": [ [ 37.248556, 47.944594 ], [ 37.247874, 47.944984 ] ] } },
{ "type": "Feature", "properties": { "tessellate": -1, "extrude": 0, "visibility": -1 }, "geometry": { "type": "LineString", "coordinates": [ [ 37.1531, 48.006751 ], [ 37.154909, 48.002393 ], [ 37.1531, 47.993678 ], [ 37.151301, 47.977966 ], [ 37.168301, 47.972807 ], [ 37.181674, 47.967192 ], [ 37.207514, 47.964308 ], [ 37.24922, 47.961728 ], [ 37.265087, 47.96279 ], [ 37.26758, 47.960817 ], [ 37.28526, 47.952165 ], [ 37.290926, 47.952165 ], [ 37.314273, 47.948673 ], [ 37.323566, 47.945637 ], [ 37.335126, 47.960058 ] ] } },
{ "type": "Feature", "properties": { "tessellate": -1, "extrude": 0, "visibility": -1 }, "geometry": { "type": "LineString", "coordinates": [ [ 37.095989, 47.955307 ], [ 37.097019, 47.955092 ], [ 37.091868, 47.949356 ], [ 37.087747, 47.94858 ] ] } },
{ "type": "Feature", "properties": { "tessellate": -1, "extrude": 0, "visibility": -1 }, "geometry": { "type": "LineString", "coordinates": [ [ 37.101333, 47.955307 ], [ 37.100046, 47.955135 ], [ 37.097019, 47.955092 ] ] } },
{ "type": "Feature", "properties": { "tessellate": -1, "extrude": 0, "visibility": -1 }, "geometry": { "type": "LineString", "coordinates": [ [ 37.181924, 47.963061 ], [ 37.182073, 47.96146 ] ] } },
{ "type": "Feature", "properties": { "tessellate": -1, "extrude": 0, "visibility": -1 }, "geometry": { "type": "LineString", "coordinates": [ [ 37.196421, 47.96126 ], [ 37.196421, 47.959658 ] ] } },
{ "type": "Feature", "properties": { "tessellate": -1, "extrude": 0, "visibility": -1 }, "geometry": { "type": "LineString", "coordinates": [ [ 37.142991, 47.970066 ], [ 37.138432, 47.968215 ] ] } },
{ "type": "Feature", "properties": { "tessellate": -1, "extrude": 0, "visibility": -1 }, "geometry": { "type": "LineString", "coordinates": [ [ 37.157036, 47.976225 ], [ 37.153752, 47.974669 ] ] } },
{ "type": "Feature", "properties": { "tessellate": -1, "extrude": 0, "visibility": -1 }, "geometry": { "type": "LineString", "coordinates": [ [ 37.154082, 47.994601 ], [ 37.151432, 47.99471 ] ] } },
{ "type": "Feature", "properties": { "tessellate": -1, "extrude": 0, "visibility": -1 }, "geometry": { "type": "LineString", "coordinates": [ [ 37.231063, 47.989085 ], [ 37.225835, 47.989616 ], [ 37.224114, 47.989306 ], [ 37.208163, 47.990591 ] ] } },
{ "type": "Feature", "properties": { "tessellate": -1, "extrude": 0, "visibility": -1 }, "geometry": { "type": "LineString", "coordinates": [ [ 37.235299, 47.981775 ], [ 37.232916, 47.98182 ], [ 37.233313, 47.984655 ] ] } },
{ "type": "Feature", "properties": { "tessellate": -1, "extrude": 0, "visibility": -1 }, "geometry": { "type": "LineString", "coordinates": [ [ 37.231593, 47.982041 ], [ 37.230137, 47.98213 ], [ 37.230137, 47.983326 ] ] } },
{ "type": "Feature", "properties": { "tessellate": -1, "extrude": 0, "visibility": -1 }, "geometry": { "type": "LineString", "coordinates": [ [ 37.227224, 47.982263 ], [ 37.22868, 47.982263 ] ] } },
{ "type": "Feature", "properties": { "tessellate": -1, "extrude": 0, "visibility": -1 }, "geometry": { "type": "LineString", "coordinates": [ [ 37.292262, 47.972806 ], [ 37.285177, 47.973964 ], [ 37.285903, 47.978034 ] ] } },
{ "type": "Feature", "properties": { "tessellate": -1, "extrude": 0, "visibility": -1 }, "geometry": { "type": "LineString", "coordinates": [ [ 37.280324, 47.973964 ], [ 37.281384, 47.973852 ], [ 37.282667, 47.973403 ] ] } },
{ "type": "Feature", "properties": { "tessellate": -1, "extrude": 0, "visibility": -1 }, "geometry": { "type": "LineString", "coordinates": [ [ 37.263979, 47.966867 ], [ 37.262863, 47.966979 ] ] } },
{ "type": "Feature", "properties": { "tessellate": -1, "extrude": 0, "visibility": -1 }, "geometry": { "type": "LineString", "coordinates": [ [ 37.298008, 47.961712 ], [ 37.298789, 47.961526 ], [ 37.299291, 47.960592 ] ] } },
{ "type": "Feature", "properties": { "tessellate": -1, "extrude": 0, "visibility": -1 }, "geometry": { "type": "LineString", "coordinates": [ [ 37.672109, 48.02287 ], [ 37.668075, 48.022022 ], [ 37.659432, 48.02156 ], [ 37.649867, 48.020172 ], [ 37.635002, 48.018682 ], [ 37.593776, 48.015425 ] ] } },
{ "type": "Feature", "properties": { "tessellate": -1, "extrude": 0, "visibility": -1 }, "geometry": { "type": "LineString", "coordinates": [ [ 37.692161, 48.027186 ], [ 37.690086, 48.026339 ], [ 37.683518, 48.024874 ], [ 37.684209, 48.024489 ], [ 37.675336, 48.018091 ], [ 37.67038, 48.017706 ], [ 37.653555, 48.015085 ], [ 37.63938, 48.014314 ] ] } },
{ "type": "Feature", "properties": { "tessellate": -1, "extrude": 0, "visibility": -1 }, "geometry": { "type": "LineString", "coordinates": [ [ 37.676258, 48.023564 ], [ 37.683518, 48.024874 ] ] } },
{ "type": "Feature", "properties": { "tessellate": -1, "extrude": 0, "visibility": -1 }, "geometry": { "type": "LineString", "coordinates": [ [ 37.696191, 48.053555 ], [ 37.69337, 48.05179 ] ] } },
{ "type": "Feature", "properties": { "tessellate": -1, "extrude": 0, "visibility": -1 }, "geometry": { "type": "LineString", "coordinates": [ [ 37.701892, 48.058168 ], [ 37.700751, 48.055641 ], [ 37.698651, 48.054237 ] ] } },
{ "type": "Feature", "properties": { "tessellate": -1, "extrude": 0, "visibility": -1 }, "geometry": { "type": "LineString", "coordinates": [ [ 37.714554, 48.063382 ], [ 37.702852, 48.062098 ], [ 37.701652, 48.061577 ] ] } },
{ "type": "Feature", "properties": { "tessellate": -1, "extrude": 0, "visibility": -1 }, "geometry": { "type": "LineString", "coordinates": [ [ 37.789117, 48.095095 ], [ 37.789519, 48.095569 ], [ 37.793566, 48.094888 ], [ 37.796315, 48.092268 ], [ 37.798014, 48.092247 ], [ 37.798817, 48.092041 ], [ 37.801258, 48.091959 ] ] } },
{ "type": "Feature", "properties": { "tessellate": -1, "extrude": 0, "visibility": -1 }, "geometry": { "type": "LineString", "coordinates": [ [ 37.829944, 48.111199 ], [ 37.829546, 48.110867 ], [ 37.82666, 48.111166 ], [ 37.823973, 48.109704 ], [ 37.819047, 48.107777 ], [ 37.813475, 48.107544 ], [ 37.811335, 48.106049 ] ] } },
{ "type": "Feature", "properties": { "tessellate": -1, "extrude": 0, "visibility": -1 }, "geometry": { "type": "LineString", "coordinates": [ [ 37.858149, 48.111229 ], [ 37.852889, 48.111229 ], [ 37.842532, 48.111132 ], [ 37.836014, 48.109737 ], [ 37.831387, 48.110402 ] ] } },
{ "type": "Feature", "properties": { "tessellate": -1, "extrude": 0, "visibility": -1 }, "geometry": { "type": "LineString", "coordinates": [ [ 37.918479, 48.129441 ], [ 37.921368, 48.129466 ], [ 37.923953, 48.128806 ], [ 37.922585, 48.126345 ], [ 37.92181, 48.122928 ], [ 37.924197, 48.12289 ], [ 37.925657, 48.122159 ], [ 37.926751, 48.121972 ], [ 37.92633, 48.120473 ] ] } },
{ "type": "Feature", "properties": { "tessellate": -1, "extrude": 0, "visibility": -1 }, "geometry": { "type": "LineString", "coordinates": [ [ 37.957234, 48.119226 ], [ 37.952108, 48.119599 ], [ 37.948987, 48.119774 ], [ 37.939541, 48.124365 ], [ 37.935017, 48.12533 ], [ 37.928135, 48.128045 ], [ 37.923953, 48.128806 ] ] } },
{ "type": "Feature", "properties": { "tessellate": -1, "extrude": 0, "visibility": -1 }, "geometry": { "type": "LineString", "coordinates": [ [ 37.960027, 48.124665 ], [ 37.959895, 48.124468 ], [ 37.958745, 48.124117 ], [ 37.958811, 48.122341 ], [ 37.958515, 48.119621 ], [ 37.958351, 48.118107 ] ] } },
{ "type": "Feature", "properties": { "tessellate": -1, "extrude": 0, "visibility": -1 }, "geometry": { "type": "LineString", "coordinates": [ [ 37.965296, 48.13299 ], [ 37.969406, 48.133774 ], [ 37.970179, 48.132034 ], [ 37.971132, 48.129622 ], [ 37.970869, 48.128832 ], [ 37.966434, 48.125082 ] ] } },
{ "type": "Feature", "properties": { "tessellate": -1, "extrude": 0, "visibility": -1 }, "geometry": { "type": "LineString", "coordinates": [ [ 37.980694, 48.183332 ], [ 37.982341, 48.182134 ], [ 37.98743, 48.181835 ], [ 37.988478, 48.178042 ], [ 37.988865, 48.175606 ], [ 37.995798, 48.175112 ], [ 37.996836, 48.172574 ], [ 37.994587, 48.170497 ], [ 37.990263, 48.165652 ], [ 37.988879, 48.162652 ], [ 37.990955, 48.161959 ], [ 37.993352, 48.156776 ], [ 37.997007, 48.153708 ], [ 37.996535, 48.151348 ], [ 37.99512, 48.146628 ], [ 37.996535, 48.145212 ], [ 37.994531, 48.142537 ], [ 37.991229, 48.140492 ], [ 37.98557, 48.141908 ], [ 37.979792, 48.140177 ], [ 37.97555, 48.136578 ], [ 37.969406, 48.133774 ] ] } },
{ "type": "Feature", "properties": { "tessellate": -1, "extrude": 0, "visibility": -1 }, "geometry": { "type": "LineString", "coordinates": [ [ 37.95097, 48.187631 ], [ 37.952414, 48.186958 ], [ 37.958622, 48.186476 ], [ 37.965696, 48.18484 ], [ 37.973131, 48.183107 ], [ 37.977246, 48.182097 ] ] } },
{ "type": "Feature", "properties": { "tessellate": -1, "extrude": 0, "visibility": -1 }, "geometry": { "type": "LineString", "coordinates": [ [ 37.934223, 48.202596 ], [ 37.935667, 48.201105 ], [ 37.93841, 48.197833 ], [ 37.944762, 48.193166 ], [ 37.947433, 48.192348 ] ] } },
{ "type": "Feature", "properties": { "tessellate": -1, "extrude": 0, "visibility": -1 }, "geometry": { "type": "LineString", "coordinates": [ [ 38.008078, 48.215267 ], [ 38.011374, 48.215471 ], [ 38.012447, 48.212764 ], [ 38.012907, 48.211027 ], [ 38.014134, 48.210822 ], [ 38.017123, 48.208319 ], [ 38.019419, 48.20528 ], [ 38.018902, 48.204247 ], [ 38.02, 48.20231 ], [ 38.021227, 48.198995 ], [ 38.020839, 48.196972 ], [ 38.023294, 48.194001 ], [ 38.024262, 48.193183 ], [ 38.018967, 48.19004 ], [ 38.017675, 48.19103 ] ] } },
{ "type": "Feature", "properties": { "tessellate": -1, "extrude": 0, "visibility": -1 }, "geometry": { "type": "LineString", "coordinates": [ [ 38.016515, 48.241366 ], [ 38.017264, 48.238621 ], [ 38.015672, 48.233818 ], [ 38.011495, 48.224375 ], [ 38.012046, 48.219112 ], [ 38.011805, 48.217293 ], [ 38.011374, 48.215471 ] ] } },
{ "type": "Feature", "properties": { "tessellate": -1, "extrude": 0, "visibility": -1 }, "geometry": { "type": "LineString", "coordinates": [ [ 38.01721, 48.25313 ], [ 38.017864, 48.251169 ], [ 38.019391, 48.249862 ], [ 38.020373, 48.247465 ], [ 38.022227, 48.245068 ], [ 38.019137, 48.241366 ], [ 38.017264, 48.238621 ] ] } },
{ "type": "Feature", "properties": { "tessellate": -1, "extrude": 0, "visibility": -1 }, "geometry": { "type": "LineString", "coordinates": [ [ 38.029419, 48.199003 ], [ 38.029756, 48.198693 ] ] } },
{ "type": "Feature", "properties": { "tessellate": -1, "extrude": 0, "visibility": -1 }, "geometry": { "type": "LineString", "coordinates": [ [ 37.931335, 48.250587 ], [ 37.931335, 48.245821 ], [ 37.932719, 48.243816 ], [ 37.932719, 48.236248 ], [ 37.933464, 48.231284 ], [ 37.931601, 48.229795 ], [ 37.931601, 48.224955 ], [ 37.9357, 48.217384 ] ] } },
{ "type": "Feature", "properties": { "tessellate": -1, "extrude": 0, "visibility": -1 }, "geometry": { "type": "LineString", "coordinates": [ [ 37.931621, 48.266407 ], [ 37.932051, 48.261547 ], [ 37.93019, 48.256401 ], [ 37.930476, 48.252779 ] ] } },
{ "type": "Feature", "properties": { "tessellate": -1, "extrude": 0, "visibility": -1 }, "geometry": { "type": "LineString", "coordinates": [ [ 37.939637, 48.295746 ], [ 37.936488, 48.290984 ], [ 37.936917, 48.289365 ], [ 37.936917, 48.284222 ], [ 37.939637, 48.278602 ], [ 37.94751, 48.268598 ] ] } },
{ "type": "Feature", "properties": { "tessellate": -1, "extrude": 0, "visibility": -1 }, "geometry": { "type": "LineString", "coordinates": [ [ 37.937183, 48.317745 ], [ 37.937438, 48.312905 ], [ 37.937017, 48.31037 ], [ 37.937845, 48.308498 ], [ 37.937845, 48.304755 ], [ 37.936202, 48.301935 ], [ 37.939494, 48.300983 ], [ 37.936202, 48.297269 ] ] } },
{ "type": "Feature", "properties": { "tessellate": -1, "extrude": 0, "visibility": -1 }, "geometry": { "type": "LineString", "coordinates": [ [ 37.731599, 48.324235 ], [ 37.719298, 48.322986 ], [ 37.718975, 48.322943 ], [ 37.717615, 48.322168 ] ] } },
{ "type": "Feature", "properties": { "tessellate": -1, "extrude": 0, "visibility": -1 }, "geometry": { "type": "LineString", "coordinates": [ [ 37.712192, 48.365069 ], [ 37.715755, 48.347725 ] ] } },
{ "type": "Feature", "properties": { "tessellate": -1, "extrude": 0, "visibility": -1 }, "geometry": { "type": "LineString", "coordinates": [ [ 38.138872, 48.412119 ], [ 38.142009, 48.40845 ], [ 38.145744, 48.407012 ], [ 38.151047, 48.405078 ], [ 38.154259, 48.401062 ], [ 38.157695, 48.397689 ] ] } },
{ "type": "Feature", "properties": { "tessellate": -1, "extrude": 0, "visibility": -1 }, "geometry": { "type": "LineString", "coordinates": [ [ 38.161504, 48.406268 ], [ 38.157172, 48.407508 ], [ 38.152616, 48.407607 ], [ 38.149105, 48.409442 ], [ 38.143727, 48.410582 ], [ 38.141412, 48.411722 ], [ 38.140441, 48.414796 ], [ 38.137752, 48.417225 ] ] } },
{ "type": "Feature", "properties": { "tessellate": -1, "extrude": 0, "visibility": -1 }, "geometry": { "type": "LineString", "coordinates": [ [ 37.989015, 48.444631 ], [ 37.987527, 48.447001 ], [ 37.981722, 48.450654 ], [ 37.977183, 48.454553 ], [ 37.976959, 48.455441 ], [ 37.973089, 48.459785 ], [ 37.970857, 48.461759 ], [ 37.967731, 48.46314 ], [ 37.966838, 48.465114 ] ] } },
{ "type": "Feature", "properties": { "tessellate": -1, "extrude": 0, "visibility": -1 }, "geometry": { "type": "LineString", "coordinates": [ [ 37.996606, 48.438213 ], [ 37.995564, 48.439448 ], [ 37.989908, 48.445865 ] ] } },
{ "type": "Feature", "properties": { "tessellate": -1, "extrude": 0, "visibility": -1 }, "geometry": { "type": "LineString", "coordinates": [ [ 38.141339, 48.459709 ], [ 38.160638, 48.461207 ], [ 38.160878, 48.462586 ], [ 38.145438, 48.463731 ], [ 38.138552, 48.464492 ], [ 38.136093, 48.463188 ], [ 38.131994, 48.462644 ], [ 38.128879, 48.462753 ], [ 38.115634, 48.461108 ], [ 38.105872, 48.460917 ], [ 38.094675, 48.461489 ], [ 38.084402, 48.461186 ], [ 38.080827, 48.462332 ], [ 38.073333, 48.461797 ], [ 38.069182, 48.456368 ], [ 38.066991, 48.455757 ], [ 38.06872, 48.448186 ], [ 38.067306, 48.443496 ], [ 38.061947, 48.442854 ], [ 38.056589, 48.442064 ], [ 38.05205, 48.439744 ], [ 38.047956, 48.437325 ], [ 38.03977, 48.436387 ], [ 38.030616, 48.435893 ], [ 38.027416, 48.436436 ], [ 38.023919, 48.436979 ] ] } },
{ "type": "Feature", "properties": { "tessellate": -1, "extrude": 0, "visibility": -1 }, "geometry": { "type": "LineString", "coordinates": [ [ 38.134571, 48.450761 ], [ 38.141048, 48.45145 ], [ 38.146005, 48.452193 ], [ 38.163516, 48.453837 ], [ 38.160638, 48.461207 ] ] } },
{ "type": "Feature", "properties": { "tessellate": -1, "extrude": 0, "visibility": -1 }, "geometry": { "type": "LineString", "coordinates": [ [ 38.148804, 48.445722 ], [ 38.15624, 48.449806 ], [ 38.164716, 48.452352 ], [ 38.165995, 48.449965 ], [ 38.17631, 48.450708 ] ] } },
{ "type": "Feature", "properties": { "tessellate": -1, "extrude": 0, "visibility": -1 }, "geometry": { "type": "LineString", "coordinates": [ [ 38.180199, 48.508995 ], [ 38.174391, 48.507442 ], [ 38.167052, 48.504685 ], [ 38.157626, 48.494432 ], [ 38.157804, 48.488302 ], [ 38.162428, 48.48229 ], [ 38.165888, 48.475556 ], [ 38.167223, 48.467928 ], [ 38.166555, 48.46555 ], [ 38.160878, 48.462586 ] ] } },
{ "type": "Feature", "properties": { "tessellate": -1, "extrude": 0, "visibility": -1 }, "geometry": { "type": "LineString", "coordinates": [ [ 38.178874, 48.510953 ], [ 38.183256, 48.511493 ], [ 38.184377, 48.509332 ] ] } },
{ "type": "Feature", "properties": { "tessellate": -1, "extrude": 0, "visibility": -1 }, "geometry": { "type": "LineString", "coordinates": [ [ 38.221877, 48.51642 ], [ 38.21454, 48.504809 ], [ 38.208833, 48.499948 ], [ 38.208528, 48.499745 ], [ 38.201191, 48.497044 ], [ 38.197421, 48.499408 ], [ 38.189166, 48.504944 ], [ 38.185294, 48.507307 ], [ 38.190593, 48.50994 ], [ 38.218616, 48.51615 ], [ 38.219941, 48.51831 ], [ 38.223572, 48.520755 ], [ 38.228286, 48.5219 ], [ 38.240857, 48.528248 ], [ 38.251392, 48.534084 ], [ 38.260753, 48.542724 ], [ 38.264583, 48.547701 ], [ 38.273297, 48.553975 ], [ 38.27989, 48.557678 ], [ 38.279091, 48.56376 ], [ 38.277892, 48.574071 ], [ 38.278571, 48.585236 ], [ 38.278571, 48.596092 ], [ 38.275325, 48.605276 ], [ 38.27344, 48.614169 ], [ 38.272273, 48.617872 ] ] } },
{ "type": "Feature", "properties": { "tessellate": -1, "extrude": 0, "visibility": -1 }, "geometry": { "type": "LineString", "coordinates": [ [ 38.288623, 48.597011 ], [ 38.287312, 48.592351 ] ] } },
{ "type": "Feature", "properties": { "tessellate": -1, "extrude": 0, "visibility": -1 }, "geometry": { "type": "LineString", "coordinates": [ [ 38.274942, 48.526316 ], [ 38.276415, 48.524431 ], [ 38.277985, 48.521701 ] ] } },
{ "type": "Feature", "properties": { "tessellate": -1, "extrude": 0, "visibility": -1 }, "geometry": { "type": "LineString", "coordinates": [ [ 38.280537, 48.541135 ], [ 38.28093, 48.53769 ], [ 38.278476, 48.531971 ] ] } },
{ "type": "Feature", "properties": { "tessellate": -1, "extrude": 0, "visibility": -1 }, "geometry": { "type": "LineString", "coordinates": [ [ 38.278337, 48.545746 ], [ 38.280902, 48.551973 ], [ 38.27989, 48.557678 ] ] } },
{ "type": "Feature", "properties": { "tessellate": -1, "extrude": 0, "visibility": -1 }, "geometry": { "type": "LineString", "coordinates": [ [ 38.304162, 48.642912 ], [ 38.300057, 48.640539 ], [ 38.289282, 48.635679 ], [ 38.28552, 48.629802 ], [ 38.28227, 48.622341 ], [ 38.282441, 48.612504 ] ] } },
{ "type": "Feature", "properties": { "tessellate": -1, "extrude": 0, "visibility": -1 }, "geometry": { "type": "LineString", "coordinates": [ [ 38.302596, 48.68593 ], [ 38.301458, 48.688466 ], [ 38.301458, 48.696728 ], [ 38.299324, 48.700765 ], [ 38.298613, 48.706491 ], [ 38.297618, 48.709776 ], [ 38.287234, 48.707148 ], [ 38.273579, 48.705271 ], [ 38.267037, 48.70283 ], [ 38.259071, 48.690719 ], [ 38.259925, 48.686212 ], [ 38.257643, 48.673669 ], [ 38.25482, 48.672498 ], [ 38.257008, 48.655084 ], [ 38.268325, 48.653838 ], [ 38.281415, 48.650031 ], [ 38.281757, 48.647658 ], [ 38.279534, 48.644155 ], [ 38.273206, 48.637487 ], [ 38.272693, 48.637261 ], [ 38.269614, 48.630819 ] ] } },
{ "type": "Feature", "properties": { "tessellate": -1, "extrude": 0, "visibility": -1 }, "geometry": { "type": "LineString", "coordinates": [ [ 38.318811, 48.670434 ], [ 38.318526, 48.668273 ], [ 38.321087, 48.666301 ], [ 38.319807, 48.663295 ], [ 38.314828, 48.660758 ], [ 38.309423, 48.656906 ], [ 38.308285, 48.652208 ], [ 38.306863, 48.649107 ] ] } },
{ "type": "Feature", "properties": { "tessellate": -1, "extrude": 0, "visibility": -1 }, "geometry": { "type": "LineString", "coordinates": [ [ 38.318811, 48.684052 ], [ 38.321229, 48.680671 ], [ 38.325923, 48.67513 ] ] } },
{ "type": "Feature", "properties": { "tessellate": -1, "extrude": 0, "visibility": -1 }, "geometry": { "type": "LineString", "coordinates": [ [ 38.303449, 48.683489 ], [ 38.310846, 48.682268 ], [ 38.317531, 48.677197 ] ] } },
{ "type": "Feature", "properties": { "tessellate": -1, "extrude": 0, "visibility": -1 }, "geometry": { "type": "LineString", "coordinates": [ [ 38.329052, 48.723384 ], [ 38.307716, 48.719067 ], [ 38.296053, 48.713155 ], [ 38.297618, 48.709776 ] ] } },
{ "type": "Feature", "properties": { "tessellate": -1, "extrude": 0, "visibility": -1 }, "geometry": { "type": "LineString", "coordinates": [ [ 38.327345, 48.725354 ], [ 38.302169, 48.720944 ], [ 38.287092, 48.71522 ], [ 38.287234, 48.707148 ] ] } },
{ "type": "Feature", "properties": { "tessellate": -1, "extrude": 0, "visibility": -1 }, "geometry": { "type": "LineString", "coordinates": [ [ 38.210284, 48.716252 ], [ 38.231051, 48.720006 ], [ 38.247266, 48.719536 ], [ 38.246981, 48.722351 ] ] } },
{ "type": "Feature", "properties": { "tessellate": -1, "extrude": 0, "visibility": -1 }, "geometry": { "type": "LineString", "coordinates": [ [ 38.198194, 48.714656 ], [ 38.189233, 48.712967 ], [ 38.190086, 48.715032 ], [ 38.228917, 48.721507 ], [ 38.231051, 48.720006 ] ] } },
{ "type": "Feature", "properties": { "tessellate": -1, "extrude": 0, "visibility": -1 }, "geometry": { "type": "LineString", "coordinates": [ [ 38.165337, 48.712216 ], [ 38.171453, 48.713342 ], [ 38.176574, 48.711465 ], [ 38.189233, 48.712967 ] ] } },
{ "type": "Feature", "properties": { "tessellate": -1, "extrude": 0, "visibility": -1 }, "geometry": { "type": "LineString", "coordinates": [ [ 38.042215, 48.725074 ], [ 38.049012, 48.723259 ], [ 38.077815, 48.710661 ], [ 38.120211, 48.70073 ], [ 38.126522, 48.699876 ], [ 38.137364, 48.701264 ], [ 38.142866, 48.702973 ] ] } },
{ "type": "Feature", "properties": { "tessellate": -1, "extrude": 0, "visibility": -1 }, "geometry": { "type": "LineString", "coordinates": [ [ 38.448132, 48.717135 ], [ 38.451405, 48.70975 ] ] } },
{ "type": "Feature", "properties": { "tessellate": -1, "extrude": 0, "visibility": -1 }, "geometry": { "type": "LineString", "coordinates": [ [ 38.395237, 48.73009 ], [ 38.392914, 48.728279 ], [ 38.384362, 48.724518 ], [ 38.376127, 48.715811 ] ] } },
{ "type": "Feature", "properties": { "tessellate": -1, "extrude": 0, "visibility": -1 }, "geometry": { "type": "LineString", "coordinates": [ [ 38.449388, 48.752962 ], [ 38.448004, 48.751441 ], [ 38.446654, 48.747497 ], [ 38.444437, 48.743529 ], [ 38.445915, 48.73761 ], [ 38.447288, 48.734407 ], [ 38.45679, 48.72222 ] ] } },
{ "type": "Feature", "properties": { "tessellate": -1, "extrude": 0, "visibility": -1 }, "geometry": { "type": "LineString", "coordinates": [ [ 38.482288, 48.744931 ], [ 38.479826, 48.741684 ], [ 38.478466, 48.738523 ], [ 38.473412, 48.731857 ] ] } },
{ "type": "Feature", "properties": { "tessellate": -1, "extrude": 0, "visibility": -1 }, "geometry": { "type": "LineString", "coordinates": [ [ 38.411748, 48.756975 ], [ 38.396937, 48.739445 ] ] } },
{ "type": "Feature", "properties": { "tessellate": -1, "extrude": 0, "visibility": -1 }, "geometry": { "type": "LineString", "coordinates": [ [ 38.34746, 48.730247 ], [ 38.340656, 48.729778 ], [ 38.333536, 48.730404 ] ] } },
{ "type": "Feature", "properties": { "tessellate": -1, "extrude": 0, "visibility": -1 }, "geometry": { "type": "LineString", "coordinates": [ [ 38.355767, 48.739483 ], [ 38.346906, 48.733482 ], [ 38.341447, 48.732804 ], [ 38.333694, 48.734369 ] ] } },
{ "type": "Feature", "properties": { "tessellate": -1, "extrude": 0, "visibility": -1 }, "geometry": { "type": "LineString", "coordinates": [ [ 38.358536, 48.736196 ], [ 38.355529, 48.732178 ] ] } },
{ "type": "Feature", "properties": { "tessellate": -1, "extrude": 0, "visibility": -1 }, "geometry": { "type": "LineString", "coordinates": [ [ 38.370719, 48.755758 ], [ 38.370482, 48.755132 ], [ 38.366763, 48.755706 ], [ 38.364548, 48.754663 ], [ 38.358852, 48.752003 ], [ 38.356162, 48.746786 ], [ 38.356479, 48.745482 ], [ 38.352681, 48.744126 ], [ 38.351969, 48.742143 ] ] } },
{ "type": "Feature", "properties": { "tessellate": -1, "extrude": 0, "visibility": -1 }, "geometry": { "type": "LineString", "coordinates": [ [ 38.370468, 48.762577 ], [ 38.367792, 48.758522 ], [ 38.366763, 48.755706 ], [ 38.367634, 48.752003 ], [ 38.361542, 48.747412 ], [ 38.357745, 48.741152 ] ] } },
{ "type": "Feature", "properties": { "tessellate": -1, "extrude": 0, "visibility": -1 }, "geometry": { "type": "LineString", "coordinates": [ [ 38.383339, 48.777773 ], [ 38.380345, 48.776752 ], [ 38.378694, 48.775528 ], [ 38.376193, 48.771712 ], [ 38.375591, 48.769429 ], [ 38.372502, 48.76496 ] ] } },
{ "type": "Feature", "properties": { "tessellate": -1, "extrude": 0, "visibility": -1 }, "geometry": { "type": "LineString", "coordinates": [ [ 38.340338, 48.799763 ], [ 38.349049, 48.793172 ], [ 38.359908, 48.788518 ], [ 38.36476, 48.784914 ], [ 38.371469, 48.784234 ], [ 38.380345, 48.776752 ] ] } },
{ "type": "Feature", "properties": { "tessellate": -1, "extrude": 0, "visibility": -1 }, "geometry": { "type": "LineString", "coordinates": [ [ 38.326279, 48.784363 ], [ 38.319786, 48.779522 ], [ 38.313122, 48.773667 ], [ 38.303896, 48.765897 ], [ 38.282301, 48.751664 ], [ 38.273942, 48.743513 ], [ 38.26629, 48.737923 ] ] } },
{ "type": "Feature", "properties": { "tessellate": -1, "extrude": 0, "visibility": -1 }, "geometry": { "type": "LineString", "coordinates": [ [ 38.331525, 48.791633 ], [ 38.330376, 48.786884 ] ] } },
{ "type": "Feature", "properties": { "tessellate": -1, "extrude": 0, "visibility": -1 }, "geometry": { "type": "LineString", "coordinates": [ [ 38.341189, 48.799119 ], [ 38.337584, 48.796312 ], [ 38.336435, 48.791633 ] ] } },
{ "type": "Feature", "properties": { "tessellate": -1, "extrude": 0, "visibility": -1 }, "geometry": { "type": "LineString", "coordinates": [ [ 38.352561, 48.831522 ], [ 38.353099, 48.830341 ], [ 38.355759, 48.828505 ], [ 38.353879, 48.825548 ], [ 38.353879, 48.82376 ], [ 38.351894, 48.820046 ], [ 38.347612, 48.814406 ], [ 38.345627, 48.810829 ], [ 38.343956, 48.808146 ] ] } },
{ "type": "Feature", "properties": { "tessellate": -1, "extrude": 0, "visibility": -1 }, "geometry": { "type": "LineString", "coordinates": [ [ 38.348733, 48.837467 ], [ 38.349271, 48.837034 ], [ 38.350228, 48.836877 ], [ 38.350168, 48.835853 ] ] } },
{ "type": "Feature", "properties": { "tessellate": -1, "extrude": 0, "visibility": -1 }, "geometry": { "type": "LineString", "coordinates": [ [ 38.444091, 48.822847 ], [ 38.436402, 48.823897 ], [ 38.42291, 48.825903 ], [ 38.40424, 48.826954 ], [ 38.398558, 48.828254 ], [ 38.395866, 48.829278 ], [ 38.390304, 48.830065 ], [ 38.385219, 48.831719 ], [ 38.38181, 48.833176 ], [ 38.377743, 48.832546 ], [ 38.37523, 48.832861 ], [ 38.372419, 48.832939 ] ] } },
{ "type": "Feature", "properties": { "tessellate": -1, "extrude": 0, "visibility": -1 }, "geometry": { "type": "LineString", "coordinates": [ [ 38.404258, 48.823336 ], [ 38.401655, 48.823593 ], [ 38.395733, 48.825221 ], [ 38.390396, 48.825693 ], [ 38.386036, 48.826464 ] ] } },
{ "type": "Feature", "properties": { "tessellate": -1, "extrude": 0, "visibility": -1 }, "geometry": { "type": "LineString", "coordinates": [ [ 38.4425, 48.817671 ], [ 38.438271, 48.818151 ], [ 38.434698, 48.819447 ], [ 38.429313, 48.818794 ], [ 38.420918, 48.81648 ], [ 38.417144, 48.816437 ], [ 38.41454, 48.817894 ], [ 38.414345, 48.820851 ], [ 38.412588, 48.823507 ], [ 38.406536, 48.823979 ] ] } },
{ "type": "Feature", "properties": { "tessellate": -1, "extrude": 0, "visibility": -1 }, "geometry": { "type": "LineString", "coordinates": [ [ 38.458614, 48.819975 ], [ 38.450302, 48.818823 ], [ 38.447969, 48.818487 ] ] } },
{ "type": "Feature", "properties": { "tessellate": -1, "extrude": 0, "visibility": -1 }, "geometry": { "type": "LineString", "coordinates": [ [ 38.469989, 48.820215 ], [ 38.460218, 48.818295 ] ] } },
{ "type": "Feature", "properties": { "tessellate": -1, "extrude": 0, "visibility": -1 }, "geometry": { "type": "LineString", "coordinates": [ [ 38.470354, 48.822471 ], [ 38.470135, 48.822615 ], [ 38.461677, 48.821511 ], [ 38.450594, 48.821655 ] ] } },
{ "type": "Feature", "properties": { "tessellate": -1, "extrude": 0, "visibility": -1 }, "geometry": { "type": "LineString", "coordinates": [ [ 38.502071, 48.829048 ], [ 38.490186, 48.827416 ], [ 38.484718, 48.82396 ], [ 38.483405, 48.821367 ], [ 38.472906, 48.820839 ] ] } },
{ "type": "Feature", "properties": { "tessellate": -1, "extrude": 0, "visibility": -1 }, "geometry": { "type": "LineString", "coordinates": [ [ 38.522124, 48.84344 ], [ 38.521418, 48.837941 ], [ 38.51624, 48.835153 ], [ 38.512944, 48.833216 ], [ 38.508826, 48.831899 ], [ 38.504589, 48.830815 ], [ 38.497405, 48.830296 ], [ 38.491936, 48.831016 ], [ 38.490186, 48.827416 ] ] } },
{ "type": "Feature", "properties": { "tessellate": -1, "extrude": 0, "visibility": -1 }, "geometry": { "type": "LineString", "coordinates": [ [ 38.510944, 48.845376 ], [ 38.517181, 48.84313 ], [ 38.521418, 48.837941 ] ] } },
{ "type": "Feature", "properties": { "tessellate": -1, "extrude": 0, "visibility": -1 }, "geometry": { "type": "LineString", "coordinates": [ [ 38.504681, 48.85486 ], [ 38.499467, 48.853782 ], [ 38.499119, 48.855285 ], [ 38.500112, 48.855318 ], [ 38.500907, 48.854599 ], [ 38.503538, 48.85522 ], [ 38.506766, 48.855808 ] ] } },
{ "type": "Feature", "properties": { "tessellate": -1, "extrude": 0, "visibility": -1 }, "geometry": { "type": "LineString", "coordinates": [ [ 38.359844, 48.885832 ], [ 38.363257, 48.887717 ], [ 38.362165, 48.89077 ], [ 38.362575, 48.892924 ], [ 38.361756, 48.895617 ], [ 38.359161, 48.897502 ], [ 38.354519, 48.897323 ], [ 38.345781, 48.899477 ], [ 38.343186, 48.900644 ], [ 38.340592, 48.898849 ], [ 38.334311, 48.896605 ], [ 38.333083, 48.894809 ], [ 38.335404, 48.889782 ], [ 38.337598, 48.885611 ], [ 38.34304, 48.883479 ], [ 38.342925, 48.881347 ], [ 38.343503, 48.87754 ], [ 38.345588, 48.87198 ], [ 38.349756, 48.869314 ], [ 38.350029, 48.866297 ], [ 38.349556, 48.864866 ], [ 38.347476, 48.864742 ], [ 38.346813, 48.862813 ], [ 38.348421, 48.862564 ], [ 38.348327, 48.860885 ], [ 38.347003, 48.858022 ], [ 38.348043, 48.852982 ], [ 38.34757, 48.847132 ], [ 38.346057, 48.844207 ], [ 38.34653, 48.842775 ] ] } },
{ "type": "Feature", "properties": { "tessellate": -1, "extrude": 0, "visibility": -1 }, "geometry": { "type": "LineString", "coordinates": [ [ 38.330984, 48.923214 ], [ 38.329474, 48.921656 ], [ 38.330653, 48.918562 ], [ 38.330066, 48.916248 ], [ 38.33168, 48.911811 ], [ 38.33212, 48.908434 ], [ 38.333588, 48.905492 ], [ 38.334542, 48.902357 ], [ 38.340266, 48.901778 ], [ 38.343186, 48.900644 ] ] } },
{ "type": "Feature", "properties": { "tessellate": -1, "extrude": 0, "visibility": -1 }, "geometry": { "type": "LineString", "coordinates": [ [ 38.297667, 48.955931 ], [ 38.301392, 48.951275 ], [ 38.297907, 48.946619 ] ] } },
{ "type": "Feature", "properties": { "tessellate": -1, "extrude": 0, "visibility": -1 }, "geometry": { "type": "LineString", "coordinates": [ [ 38.291779, 48.970526 ], [ 38.294543, 48.967449 ], [ 38.298989, 48.964767 ], [ 38.297667, 48.961927 ], [ 38.30007, 48.959718 ], [ 38.30019, 48.957745 ], [ 38.301392, 48.956088 ] ] } },
{ "type": "Feature", "properties": { "tessellate": -1, "extrude": 0, "visibility": -1 }, "geometry": { "type": "LineString", "coordinates": [ [ 38.264411, 48.986628 ], [ 38.268139, 48.984857 ], [ 38.271995, 48.984604 ], [ 38.27598, 48.983085 ], [ 38.280865, 48.98182 ], [ 38.283694, 48.979204 ], [ 38.286265, 48.978867 ], [ 38.291632, 48.975592 ], [ 38.296219, 48.974021 ], [ 38.298712, 48.972123 ], [ 38.297787, 48.970052 ], [ 38.302113, 48.967449 ], [ 38.298989, 48.964767 ] ] } },
{ "type": "Feature", "properties": { "tessellate": -1, "extrude": 0, "visibility": -1 }, "geometry": { "type": "LineString", "coordinates": [ [ 38.357259, 48.975078 ], [ 38.358945, 48.975078 ], [ 38.359941, 48.975782 ], [ 38.360553, 48.975631 ], [ 38.362624, 48.968656 ], [ 38.364681, 48.967644 ], [ 38.366481, 48.967644 ], [ 38.369566, 48.966547 ], [ 38.372265, 48.960892 ], [ 38.377407, 48.959964 ], [ 38.380878, 48.958444 ], [ 38.384992, 48.957853 ], [ 38.396947, 48.953464 ] ] } },
{ "type": "Feature", "properties": { "tessellate": -1, "extrude": 0, "visibility": -1 }, "geometry": { "type": "LineString", "coordinates": [ [ 38.310536, 49.008402 ], [ 38.311321, 49.007887 ], [ 38.312891, 49.006084 ], [ 38.313186, 49.001513 ], [ 38.315836, 49.000804 ], [ 38.319702, 48.995418 ], [ 38.318949, 48.99369 ], [ 38.323541, 48.987911 ], [ 38.328132, 48.984552 ], [ 38.328057, 48.982576 ], [ 38.327756, 48.980649 ], [ 38.328683, 48.978698 ], [ 38.334659, 48.974827 ], [ 38.335042, 48.974776 ], [ 38.338719, 48.973066 ], [ 38.340711, 48.971105 ] ] } },
{ "type": "Feature", "properties": { "tessellate": -1, "extrude": 0, "visibility": -1 }, "geometry": { "type": "LineString", "coordinates": [ [ 38.312401, 48.989534 ], [ 38.309652, 48.989856 ] ] } },
{ "type": "Feature", "properties": { "tessellate": -1, "extrude": 0, "visibility": -1 }, "geometry": { "type": "LineString", "coordinates": [ [ 38.256251, 48.996255 ], [ 38.256129, 48.995693 ], [ 38.257596, 48.995292 ], [ 38.257718, 48.994731 ], [ 38.262119, 48.993969 ], [ 38.263708, 48.993207 ], [ 38.265603, 48.993006 ], [ 38.266214, 48.991843 ], [ 38.266947, 48.991442 ] ] } },
{ "type": "Feature", "properties": { "tessellate": -1, "extrude": 0, "visibility": -1 }, "geometry": { "type": "LineString", "coordinates": [ [ 38.253951, 49.000826 ], [ 38.253568, 48.997313 ] ] } },
{ "type": "Feature", "properties": { "tessellate": -1, "extrude": 0, "visibility": -1 }, "geometry": { "type": "LineString", "coordinates": [ [ 38.260086, 49.054024 ], [ 38.268675, 49.05328 ], [ 38.268675, 49.047014 ] ] } },
{ "type": "Feature", "properties": { "tessellate": -1, "extrude": 0, "visibility": -1 }, "geometry": { "type": "LineString", "coordinates": [ [ 38.162903, 48.966673 ], [ 38.162914, 48.966576 ] ] } },
{ "type": "Feature", "properties": { "tessellate": -1, "extrude": 0, "visibility": -1 }, "geometry": { "type": "LineString", "coordinates": [ [ 38.161297, 48.969656 ], [ 38.161166, 48.96966 ] ] } },
{ "type": "Feature", "properties": { "tessellate": -1, "extrude": 0, "visibility": -1 }, "geometry": { "type": "LineString", "coordinates": [ [ 38.198149, 48.978041 ], [ 38.197627, 48.978115 ] ] } },
{ "type": "Feature", "properties": { "tessellate": -1, "extrude": 0, "visibility": -1 }, "geometry": { "type": "LineString", "coordinates": [ [ 38.222443, 48.97731 ], [ 38.221573, 48.97731 ] ] } },
{ "type": "Feature", "properties": { "tessellate": -1, "extrude": 0, "visibility": -1 }, "geometry": { "type": "LineString", "coordinates": [ [ 38.222774, 48.988736 ], [ 38.221643, 48.988736 ] ] } },
{ "type": "Feature", "properties": { "tessellate": -1, "extrude": 0, "visibility": -1 }, "geometry": { "type": "LineString", "coordinates": [ [ 38.222265, 48.99712 ], [ 38.221417, 48.99712 ] ] } },
{ "type": "Feature", "properties": { "tessellate": -1, "extrude": 0, "visibility": -1 }, "geometry": { "type": "LineString", "coordinates": [ [ 38.196991, 48.994894 ], [ 38.196934, 48.994375 ] ] } },
{ "type": "Feature", "properties": { "tessellate": -1, "extrude": 0, "visibility": -1 }, "geometry": { "type": "LineString", "coordinates": [ [ 38.197104, 48.991147 ], [ 38.197104, 48.990739 ] ] } },
{ "type": "Feature", "properties": { "tessellate": -1, "extrude": 0, "visibility": -1 }, "geometry": { "type": "LineString", "coordinates": [ [ 38.182629, 48.989849 ], [ 38.182403, 48.989366 ] ] } },
{ "type": "Feature", "properties": { "tessellate": -1, "extrude": 0, "visibility": -1 }, "geometry": { "type": "LineString", "coordinates": [ [ 38.179858, 48.997083 ], [ 38.179293, 48.997046 ] ] } },
{ "type": "Feature", "properties": { "tessellate": -1, "extrude": 0, "visibility": -1 }, "geometry": { "type": "LineString", "coordinates": [ [ 38.160239, 48.989626 ], [ 38.160012, 48.989515 ] ] } },
{ "type": "Feature", "properties": { "tessellate": -1, "extrude": 0, "visibility": -1 }, "geometry": { "type": "LineString", "coordinates": [ [ 38.15939, 48.990516 ], [ 38.160069, 48.990405 ] ] } },
{ "type": "Feature", "properties": { "tessellate": -1, "extrude": 0, "visibility": -1 }, "geometry": { "type": "LineString", "coordinates": [ [ 38.148308, 48.994635 ], [ 38.148308, 48.994264 ] ] } },
{ "type": "Feature", "properties": { "tessellate": -1, "extrude": 0, "visibility": -1 }, "geometry": { "type": "LineString", "coordinates": [ [ 38.150174, 48.996823 ], [ 38.150457, 48.996527 ] ] } },
{ "type": "Feature", "properties": { "tessellate": -1, "extrude": 0, "visibility": -1 }, "geometry": { "type": "LineString", "coordinates": [ [ 38.135869, 48.994746 ], [ 38.139092, 48.995043 ], [ 38.143955, 48.995043 ] ] } },
{ "type": "Feature", "properties": { "tessellate": -1, "extrude": 0, "visibility": -1 }, "geometry": { "type": "LineString", "coordinates": [ [ 38.138131, 48.995414 ], [ 38.137452, 48.995451 ] ] } },
{ "type": "Feature", "properties": { "tessellate": -1, "extrude": 0, "visibility": -1 }, "geometry": { "type": "LineString", "coordinates": [ [ 38.139431, 48.983726 ], [ 38.1383, 48.983912 ] ] } },
{ "type": "Feature", "properties": { "tessellate": -1, "extrude": 0, "visibility": -1 }, "geometry": { "type": "LineString", "coordinates": [ [ 38.09892, 48.995343 ], [ 38.098986, 48.995067 ] ] } },
{ "type": "Feature", "properties": { "tessellate": -1, "extrude": 0, "visibility": -1 }, "geometry": { "type": "LineString", "coordinates": [ [ 38.102742, 48.995893 ], [ 38.102918, 48.995502 ] ] } },
{ "type": "Feature", "properties": { "tessellate": -1, "extrude": 0, "visibility": -1 }, "geometry": { "type": "LineString", "coordinates": [ [ 38.104575, 48.996357 ], [ 38.104686, 48.995893 ] ] } },
{ "type": "Feature", "properties": { "tessellate": -1, "extrude": 0, "visibility": -1 }, "geometry": { "type": "LineString", "coordinates": [ [ 38.103449, 48.999691 ], [ 38.103272, 48.99943 ] ] } },
{ "type": "Feature", "properties": { "tessellate": -1, "extrude": 0, "visibility": -1 }, "geometry": { "type": "LineString", "coordinates": [ [ 38.159729, 49.005296 ], [ 38.159674, 49.005042 ] ] } },
{ "type": "Feature", "properties": { "tessellate": -1, "extrude": 0, "visibility": -1 }, "geometry": { "type": "LineString", "coordinates": [ [ 38.151631, 49.00651 ], [ 38.151437, 49.006202 ] ] } },
{ "type": "Feature", "properties": { "tessellate": -1, "extrude": 0, "visibility": -1 }, "geometry": { "type": "LineString", "coordinates": [ [ 38.104728, 49.043672 ], [ 38.101475, 49.042534 ], [ 38.099956, 49.03699 ], [ 38.10039, 49.031729 ] ] } },
{ "type": "Feature", "properties": { "tessellate": -1, "extrude": 0, "visibility": -1 }, "geometry": { "type": "LineString", "coordinates": [ [ 38.099523, 49.072238 ], [ 38.097788, 49.064849 ], [ 38.095402, 49.056749 ], [ 38.109716, 49.049642 ], [ 38.112752, 49.045662 ] ] } },
{ "type": "Feature", "properties": { "tessellate": -1, "extrude": 0, "visibility": -1 }, "geometry": { "type": "LineString", "coordinates": [ [ 38.175431, 49.054475 ], [ 38.173696, 49.043103 ], [ 38.17131, 49.042108 ] ] } },
{ "type": "Feature", "properties": { "tessellate": -1, "extrude": 0, "visibility": -1 }, "geometry": { "type": "LineString", "coordinates": [ [ 38.174347, 49.074937 ], [ 38.177383, 49.069538 ], [ 38.175865, 49.06087 ] ] } },
{ "type": "Feature", "properties": { "tessellate": -1, "extrude": 0, "visibility": -1 }, "geometry": { "type": "LineString", "coordinates": [ [ 38.182588, 49.080052 ], [ 38.18107, 49.077779 ] ] } },
{ "type": "Feature", "properties": { "tessellate": -1, "extrude": 0, "visibility": -1 }, "geometry": { "type": "LineString", "coordinates": [ [ 38.217562, 49.153072 ], [ 38.217197, 49.149494 ], [ 38.218838, 49.141741 ], [ 38.217014, 49.13506 ], [ 38.217506, 49.130741 ], [ 38.220759, 49.109591 ], [ 38.217506, 49.106184 ], [ 38.217289, 49.10306 ], [ 38.220543, 49.09738 ], [ 38.232688, 49.091699 ], [ 38.229652, 49.083887 ], [ 38.232471, 49.081046 ], [ 38.232471, 49.077211 ], [ 38.232471, 49.074369 ], [ 38.234423, 49.073801 ] ] } },
{ "type": "Feature", "properties": { "tessellate": -1, "extrude": 0, "visibility": -1 }, "geometry": { "type": "LineString", "coordinates": [ [ 38.236132, 49.217881 ], [ 38.237733, 49.219833 ], [ 38.23026, 49.219763 ], [ 38.236132, 49.213 ], [ 38.240376, 49.210389 ], [ 38.240824, 49.200914 ], [ 38.241721, 49.195541 ], [ 38.244113, 49.183621 ], [ 38.244002, 49.173701 ], [ 38.243455, 49.167024 ], [ 38.242361, 49.157008 ], [ 38.237985, 49.156054 ], [ 38.231603, 49.153191 ], [ 38.227226, 49.151402 ] ] } },
{ "type": "Feature", "properties": { "tessellate": -1, "extrude": 0, "visibility": -1 }, "geometry": { "type": "LineString", "coordinates": [ [ 38.23139, 49.231974 ], [ 38.231541, 49.229175 ], [ 38.226845, 49.227572 ], [ 38.226738, 49.224574 ], [ 38.23026, 49.219763 ] ] } },
{ "type": "Feature", "properties": { "tessellate": -1, "extrude": 0, "visibility": -1 }, "geometry": { "type": "LineString", "coordinates": [ [ 38.230383, 49.23297 ], [ 38.22993, 49.234686 ], [ 38.225853, 49.247047 ], [ 38.22223, 49.252369 ], [ 38.217882, 49.250949 ], [ 38.214349, 49.248998 ], [ 38.215164, 49.244918 ], [ 38.216632, 49.242615 ], [ 38.217145, 49.23742 ], [ 38.218044, 49.234488 ], [ 38.219327, 49.231303 ], [ 38.225102, 49.229544 ], [ 38.226845, 49.227572 ] ] } },
{ "type": "Feature", "properties": { "tessellate": -1, "extrude": 0, "visibility": -1 }, "geometry": { "type": "LineString", "coordinates": [ [ 38.221937, 49.4368 ], [ 38.223618, 49.431533 ], [ 38.226674, 49.42249 ], [ 38.225298, 49.417918 ], [ 38.226189, 49.413055 ], [ 38.226189, 49.408613 ], [ 38.227803, 49.402555 ], [ 38.219859, 49.398436 ], [ 38.209955, 49.395009 ], [ 38.209955, 49.390087 ], [ 38.212864, 49.377968 ], [ 38.217774, 49.35673 ], [ 38.216829, 49.354092 ], [ 38.220474, 49.344772 ], [ 38.223308, 49.332987 ], [ 38.223364, 49.327606 ], [ 38.220304, 49.32073 ], [ 38.220895, 49.313594 ], [ 38.220187, 49.310191 ], [ 38.217563, 49.30103 ], [ 38.218533, 49.295605 ], [ 38.218256, 49.287602 ], [ 38.218777, 49.280556 ], [ 38.21707, 49.275616 ], [ 38.213657, 49.271371 ], [ 38.209817, 49.26977 ], [ 38.210244, 49.260931 ], [ 38.211993, 49.256921 ], [ 38.220509, 49.254852 ], [ 38.22223, 49.252369 ] ] } },
{ "type": "Feature", "properties": { "tessellate": -1, "extrude": 0, "visibility": -1 }, "geometry": { "type": "LineString", "coordinates": [ [ 38.14566, 49.135721 ], [ 38.143074, 49.131434 ] ] } },
{ "type": "Feature", "properties": { "tessellate": -1, "extrude": 0, "visibility": -1 }, "geometry": { "type": "LineString", "coordinates": [ [ 38.147773, 49.14156 ], [ 38.148956, 49.140399 ], [ 38.151915, 49.137819 ], [ 38.15221, 49.134851 ], [ 38.152506, 49.133754 ] ] } },
{ "type": "Feature", "properties": { "tessellate": -1, "extrude": 0, "visibility": -1 }, "geometry": { "type": "LineString", "coordinates": [ [ 38.243166, 49.611347 ], [ 38.248792, 49.607141 ], [ 38.252037, 49.60637 ], [ 38.254882, 49.601426 ], [ 38.252469, 49.598037 ], [ 38.225727, 49.581093 ], [ 38.229346, 49.572488 ], [ 38.231841, 49.555524 ], [ 38.226187, 49.534445 ], [ 38.220721, 49.530079 ], [ 38.213293, 49.520799 ], [ 38.211751, 49.514976 ], [ 38.213376, 49.505849 ], [ 38.212137, 49.497401 ], [ 38.207801, 49.493646 ], [ 38.205323, 49.470304 ], [ 38.202226, 49.465204 ], [ 38.187153, 49.452722 ], [ 38.18612, 49.448561 ], [ 38.187772, 49.443728 ] ] } },
{ "type": "Feature", "properties": { "tessellate": -1, "extrude": 0, "visibility": -1 }, "geometry": { "type": "LineString", "coordinates": [ [ 38.205546, 49.923208 ], [ 38.204873, 49.918191 ], [ 38.199978, 49.913755 ], [ 38.198346, 49.910369 ], [ 38.193813, 49.906749 ], [ 38.19327, 49.901144 ], [ 38.182008, 49.892936 ], [ 38.181607, 49.890867 ], [ 38.183614, 49.888798 ], [ 38.188191, 49.882021 ], [ 38.192677, 49.878144 ], [ 38.195988, 49.876619 ], [ 38.198511, 49.873266 ], [ 38.210021, 49.862087 ], [ 38.210809, 49.858123 ], [ 38.218246, 49.85227 ], [ 38.219962, 49.851594 ], [ 38.227497, 49.846244 ], [ 38.235126, 49.841693 ], [ 38.240364, 49.831875 ], [ 38.24181, 49.825034 ], [ 38.249202, 49.821302 ], [ 38.251772, 49.814771 ], [ 38.253861, 49.811038 ], [ 38.25436, 49.805201 ], [ 38.26141, 49.791825 ], [ 38.250729, 49.775686 ], [ 38.251482, 49.767992 ], [ 38.254432, 49.757829 ], [ 38.260086, 49.752588 ], [ 38.260578, 49.743692 ], [ 38.265003, 49.735748 ], [ 38.257155, 49.704775 ], [ 38.255888, 49.701966 ], [ 38.255526, 49.700093 ], [ 38.252992, 49.688032 ], [ 38.242713, 49.679887 ], [ 38.234435, 49.669318 ], [ 38.241147, 49.664249 ], [ 38.246293, 49.662077 ], [ 38.249649, 49.654835 ], [ 38.245094, 49.630501 ], [ 38.241976, 49.622633 ], [ 38.240677, 49.62032 ], [ 38.242084, 49.618708 ], [ 38.243923, 49.613591 ] ] } },
{ "type": "Feature", "properties": { "tessellate": -1, "extrude": 0, "visibility": -1 }, "geometry": { "type": "LineString", "coordinates": [ [ 38.204278, 49.926231 ], [ 38.20078, 49.930434 ], [ 38.192339, 49.931124 ], [ 38.189651, 49.933229 ], [ 38.187239, 49.93742 ], [ 38.176988, 49.939827 ], [ 38.172043, 49.942621 ], [ 38.166978, 49.952321 ], [ 38.166627, 49.955508 ], [ 38.164002, 49.95708 ], [ 38.156401, 49.959118 ], [ 38.149342, 49.963135 ], [ 38.144998, 49.965522 ], [ 38.135134, 49.973787 ], [ 38.118038, 49.985832 ], [ 38.110856, 49.994116 ], [ 38.111701, 50.001991 ], [ 38.105575, 50.008372 ], [ 38.082552, 50.005385 ], [ 38.08234, 50.002398 ], [ 38.072201, 49.998189 ], [ 38.039039, 49.985696 ], [ 38.030378, 49.995881 ], [ 38.024464, 49.998189 ], [ 38.001652, 50.011901 ], [ 37.994898, 50.016626 ], [ 37.992698, 50.017757 ], [ 37.989472, 50.023975 ], [ 37.961755, 50.023599 ], [ 37.955889, 50.024823 ] ] } },
{ "type": "Feature", "properties": { "tessellate": -1, "extrude": 0, "visibility": -1 }, "geometry": { "type": "LineString", "coordinates": [ [ 38.084063, 49.935987 ], [ 38.07047, 49.939805 ], [ 38.067257, 49.942509 ], [ 38.055888, 49.947916 ], [ 38.042413, 49.957411 ], [ 38.031267, 49.964959 ], [ 38.021002, 49.969392 ], [ 38.003404, 49.970901 ], [ 38.002817, 49.97109 ], [ 37.999444, 49.972033 ], [ 37.991525, 49.977598 ], [ 37.985512, 49.979484 ], [ 37.981846, 49.985142 ], [ 37.97642, 49.988536 ] ] } },
{ "type": "Feature", "properties": { "tessellate": -1, "extrude": 0, "visibility": -1 }, "geometry": { "type": "LineString", "coordinates": [ [ 38.128894, 49.158952 ], [ 38.130717, 49.15633 ], [ 38.13254, 49.152753 ], [ 38.135091, 49.149296 ], [ 38.136003, 49.147388 ], [ 38.13819, 49.1456 ] ] } },
{ "type": "Feature", "properties": { "tessellate": -1, "extrude": 0, "visibility": -1 }, "geometry": { "type": "LineString", "coordinates": [ [ 38.119773, 49.190831 ], [ 38.119477, 49.191389 ], [ 38.119365, 49.192431 ], [ 38.11918, 49.19403 ] ] } },
{ "type": "Feature", "properties": { "tessellate": -1, "extrude": 0, "visibility": -1 }, "geometry": { "type": "LineString", "coordinates": [ [ 38.116213, 49.19815 ], [ 38.117252, 49.196938 ] ] } },
{ "type": "Feature", "properties": { "tessellate": -1, "extrude": 0, "visibility": -1 }, "geometry": { "type": "LineString", "coordinates": [ [ 38.115138, 49.19924 ], [ 38.117993, 49.199216 ] ] } },
{ "type": "Feature", "properties": { "tessellate": -1, "extrude": 0, "visibility": -1 }, "geometry": { "type": "LineString", "coordinates": [ [ 38.112292, 49.20884 ], [ 38.113473, 49.205814 ], [ 38.11319, 49.205073 ], [ 38.113804, 49.203745 ], [ 38.114137, 49.201857 ], [ 38.114916, 49.200573 ] ] } },
{ "type": "Feature", "properties": { "tessellate": -1, "extrude": 0, "visibility": -1 }, "geometry": { "type": "LineString", "coordinates": [ [ 38.109653, 49.216022 ], [ 38.109587, 49.215202 ], [ 38.110579, 49.214381 ], [ 38.111571, 49.211487 ] ] } },
{ "type": "Feature", "properties": { "tessellate": -1, "extrude": 0, "visibility": -1 }, "geometry": { "type": "LineString", "coordinates": [ [ 38.11567, 49.22915 ], [ 38.114017, 49.224401 ], [ 38.113422, 49.219607 ] ] } },
{ "type": "Feature", "properties": { "tessellate": -1, "extrude": 0, "visibility": -1 }, "geometry": { "type": "LineString", "coordinates": [ [ 38.101983, 49.231827 ], [ 38.104099, 49.232259 ], [ 38.116397, 49.230878 ] ] } },
{ "type": "Feature", "properties": { "tessellate": -1, "extrude": 0, "visibility": -1 }, "geometry": { "type": "LineString", "coordinates": [ [ 38.091933, 49.226085 ], [ 38.099801, 49.230619 ] ] } },
{ "type": "Feature", "properties": { "tessellate": -1, "extrude": 0, "visibility": -1 }, "geometry": { "type": "LineString", "coordinates": [ [ 38.10269, 49.288486 ], [ 38.102236, 49.287657 ], [ 38.103325, 49.281618 ] ] } },
{ "type": "Feature", "properties": { "tessellate": -1, "extrude": 0, "visibility": -1 }, "geometry": { "type": "LineString", "coordinates": [ [ 38.096418, 49.317242 ], [ 38.098122, 49.309957 ], [ 38.098691, 49.302917 ], [ 38.098787, 49.300087 ], [ 38.097607, 49.298016 ], [ 38.099059, 49.289847 ], [ 38.102236, 49.287598 ] ] } },
{ "type": "Feature", "properties": { "tessellate": -1, "extrude": 0, "visibility": -1 }, "geometry": { "type": "LineString", "coordinates": [ [ 38.094785, 49.328192 ], [ 38.095236, 49.325897 ], [ 38.095507, 49.321191 ] ] } },
{ "type": "Feature", "properties": { "tessellate": -1, "extrude": 0, "visibility": -1 }, "geometry": { "type": "LineString", "coordinates": [ [ 38.067909, 49.307801 ], [ 38.06925, 49.303319 ], [ 38.068747, 49.301351 ], [ 38.070424, 49.297196 ], [ 38.072714, 49.288998 ], [ 38.070219, 49.284726 ], [ 38.065645, 49.27401 ], [ 38.064813, 49.269398 ] ] } },
{ "type": "Feature", "properties": { "tessellate": -1, "extrude": 0, "visibility": -1 }, "geometry": { "type": "LineString", "coordinates": [ [ 38.063806, 49.325451 ], [ 38.067573, 49.311299 ], [ 38.0664, 49.310862 ] ] } },
{ "type": "Feature", "properties": { "tessellate": -1, "extrude": 0, "visibility": -1 }, "geometry": { "type": "LineString", "coordinates": [ [ 38.061446, 49.357262 ], [ 38.062626, 49.356205 ], [ 38.058349, 49.348134 ], [ 38.059381, 49.3465 ], [ 38.059529, 49.344674 ], [ 38.062036, 49.33689 ] ] } },
{ "type": "Feature", "properties": { "tessellate": -1, "extrude": 0, "visibility": -1 }, "geometry": { "type": "LineString", "coordinates": [ [ 38.05369, 49.37107 ], [ 38.058201, 49.368693 ], [ 38.059086, 49.361489 ], [ 38.060856, 49.36024 ] ] } },
{ "type": "Feature", "properties": { "tessellate": -1, "extrude": 0, "visibility": -1 }, "geometry": { "type": "LineString", "coordinates": [ [ 38.040087, 49.372447 ], [ 38.040651, 49.371712 ], [ 38.0434, 49.371896 ], [ 38.045162, 49.371162 ] ] } },
{ "type": "Feature", "properties": { "tessellate": -1, "extrude": 0, "visibility": -1 }, "geometry": { "type": "LineString", "coordinates": [ [ 38.003984, 49.392819 ], [ 38.014126, 49.391405 ], [ 38.019486, 49.393856 ], [ 38.023688, 49.389801 ], [ 38.036147, 49.393291 ], [ 38.038408, 49.389933 ], [ 38.037738, 49.387502 ], [ 38.037738, 49.385445 ], [ 38.039845, 49.383824 ], [ 38.041281, 49.381766 ], [ 38.037546, 49.377589 ], [ 38.037902, 49.372768 ] ] } },
{ "type": "Feature", "properties": { "tessellate": -1, "extrude": 0, "visibility": -1 }, "geometry": { "type": "LineString", "coordinates": [ [ 38.008989, 49.430285 ], [ 38.008522, 49.428463 ], [ 38.003386, 49.42409 ], [ 37.995176, 49.419675 ], [ 37.992222, 49.417171 ], [ 37.992938, 49.414492 ], [ 37.997146, 49.410415 ], [ 37.996072, 49.408667 ], [ 37.997609, 49.405171 ], [ 37.999493, 49.404039 ], [ 37.999782, 49.401965 ], [ 37.998913, 49.401211 ], [ 37.998478, 49.398005 ], [ 38.004708, 49.395836 ], [ 38.005722, 49.394422 ] ] } },
{ "type": "Feature", "properties": { "tessellate": -1, "extrude": 0, "visibility": -1 }, "geometry": { "type": "LineString", "coordinates": [ [ 38.044086, 49.448688 ], [ 38.038705, 49.450437 ], [ 38.028079, 49.446764 ], [ 38.0266, 49.442741 ], [ 38.020547, 49.439943 ], [ 38.014125, 49.434476 ], [ 38.013658, 49.430771 ] ] } },
{ "type": "Feature", "properties": { "tessellate": -1, "extrude": 0, "visibility": -1 }, "geometry": { "type": "LineString", "coordinates": [ [ 38.079971, 49.447646 ], [ 38.074485, 49.446375 ], [ 38.066895, 49.443639 ] ] } },
{ "type": "Feature", "properties": { "tessellate": -1, "extrude": 0, "visibility": -1 }, "geometry": { "type": "LineString", "coordinates": [ [ 38.090041, 49.452971 ], [ 38.08959, 49.451554 ] ] } },
{ "type": "Feature", "properties": { "tessellate": -1, "extrude": 0, "visibility": -1 }, "geometry": { "type": "LineString", "coordinates": [ [ 38.118254, 49.479886 ], [ 38.116248, 49.47672 ], [ 38.112235, 49.474393 ], [ 38.108653, 49.467316 ], [ 38.095039, 49.46834 ] ] } },
{ "type": "Feature", "properties": { "tessellate": -1, "extrude": 0, "visibility": -1 }, "geometry": { "type": "LineString", "coordinates": [ [ 38.109799, 49.553848 ], [ 38.110946, 49.550687 ], [ 38.114385, 49.544272 ], [ 38.114958, 49.540087 ], [ 38.117394, 49.535158 ] ] } },
{ "type": "Feature", "properties": { "tessellate": -1, "extrude": 0, "visibility": -1 }, "geometry": { "type": "LineString", "coordinates": [ [ 38.074196, 49.600542 ], [ 38.078577, 49.594753 ], [ 38.084138, 49.589837 ], [ 38.084644, 49.589509 ], [ 38.087874, 49.583308 ], [ 38.089594, 49.578755 ], [ 38.098479, 49.570485 ], [ 38.100485, 49.570299 ], [ 38.103207, 49.568255 ], [ 38.103924, 49.561749 ], [ 38.106503, 49.558124 ] ] } },
{ "type": "Feature", "properties": { "tessellate": -1, "extrude": 0, "visibility": -1 }, "geometry": { "type": "LineString", "coordinates": [ [ 38.042241, 49.631121 ], [ 38.045188, 49.630968 ], [ 38.049904, 49.630968 ], [ 38.054738, 49.629135 ], [ 38.060987, 49.621422 ], [ 38.068803, 49.611025 ], [ 38.072679, 49.602726 ] ] } },
{ "type": "Feature", "properties": { "tessellate": -1, "extrude": 0, "visibility": -1 }, "geometry": { "type": "LineString", "coordinates": [ [ 38.016134, 49.658661 ], [ 38.024318, 49.655876 ], [ 38.027232, 49.653151 ], [ 38.027394, 49.647805 ], [ 38.02869, 49.644975 ], [ 38.028042, 49.640153 ], [ 38.029823, 49.635644 ], [ 38.034695, 49.631121 ] ] } },
{ "type": "Feature", "properties": { "tessellate": -1, "extrude": 0, "visibility": -1 }, "geometry": { "type": "LineString", "coordinates": [ [ 38.005228, 49.66572 ], [ 38.005429, 49.664296 ], [ 38.007329, 49.661835 ] ] } },
{ "type": "Feature", "properties": { "tessellate": -1, "extrude": 0, "visibility": -1 }, "geometry": { "type": "LineString", "coordinates": [ [ 37.998925, 49.689545 ], [ 38.000326, 49.685596 ], [ 38.000526, 49.682554 ], [ 38.003928, 49.672519 ], [ 38.003528, 49.669282 ] ] } },
{ "type": "Feature", "properties": { "tessellate": -1, "extrude": 0, "visibility": -1 }, "geometry": { "type": "LineString", "coordinates": [ [ 37.892197, 49.865688 ], [ 37.888411, 49.860507 ], [ 37.886961, 49.855598 ], [ 37.873545, 49.842506 ], [ 37.872458, 49.836426 ], [ 37.867019, 49.833152 ], [ 37.869557, 49.825199 ], [ 37.856141, 49.820521 ], [ 37.856141, 49.810929 ], [ 37.859405, 49.809993 ], [ 37.863756, 49.804611 ], [ 37.865569, 49.800399 ], [ 37.880236, 49.787436 ], [ 37.881083, 49.783473 ], [ 37.882776, 49.78074 ], [ 37.887855, 49.779647 ], [ 37.897803, 49.780057 ], [ 37.904787, 49.77828 ], [ 37.908385, 49.774726 ], [ 37.921084, 49.771856 ], [ 37.925317, 49.770079 ], [ 37.927645, 49.769942 ], [ 37.941403, 49.765431 ], [ 37.945847, 49.764884 ], [ 37.950715, 49.76297 ], [ 37.966377, 49.755314 ] ] } },
{ "type": "Feature", "properties": { "tessellate": -1, "extrude": 0, "visibility": -1 }, "geometry": { "type": "LineString", "coordinates": [ [ 37.338786, 47.968075 ], [ 37.341184, 47.965099 ], [ 37.337245, 47.962371 ] ] } },
{ "type": "Feature", "properties": { "tessellate": -1, "extrude": 0, "visibility": -1 }, "geometry": { "type": "LineString", "coordinates": [ [ 36.760582, 47.960493 ], [ 36.778055, 47.948587 ], [ 36.781398, 47.94645 ], [ 36.782157, 47.945229 ], [ 36.800542, 47.938104 ], [ 36.812707, 47.936728 ], [ 36.818009, 47.935649 ], [ 36.819334, 47.933366 ], [ 36.826814, 47.933366 ], [ 36.843194, 47.931462 ], [ 36.858154, 47.932608 ], [ 36.86974, 47.931529 ], [ 36.885993, 47.933147 ], [ 36.928175, 47.930588 ], [ 36.934924, 47.933344 ], [ 36.941462, 47.935251 ], [ 36.951479, 47.9308 ], [ 36.960759, 47.928893 ], [ 36.967297, 47.929034 ], [ 36.972042, 47.927479 ], [ 36.9751, 47.927056 ], [ 36.982871, 47.921469 ], [ 36.984832, 47.918906 ], [ 36.988461, 47.917592 ], [ 37.00984, 47.91023 ], [ 37.037789, 47.897673 ], [ 37.036318, 47.895372 ] ] } },
{ "type": "Feature", "properties": { "tessellate": -1, "extrude": 0, "visibility": -1 }, "geometry": { "type": "LineString", "coordinates": [ [ 36.773476, 47.965749 ], [ 36.781061, 47.957494 ], [ 36.788884, 47.949715 ], [ 36.794573, 47.950668 ], [ 36.809033, 47.948921 ], [ 36.812826, 47.948762 ], [ 36.816619, 47.962256 ], [ 36.830368, 47.956224 ], [ 36.853172, 47.939757 ], [ 36.869288, 47.941527 ], [ 36.911031, 47.950906 ], [ 36.918428, 47.953561 ], [ 36.930053, 47.95533 ], [ 36.94564, 47.956745 ], [ 36.971267, 47.95533 ], [ 36.977344, 47.953207 ], [ 36.984766, 47.938639 ], [ 36.99501, 47.938378 ], [ 37.016766, 47.936155 ], [ 37.027596, 47.934521 ], [ 37.029742, 47.931449 ], [ 37.042815, 47.915824 ] ] } },
{ "type": "Feature", "properties": { "tessellate": -1, "extrude": 0, "visibility": -1 }, "geometry": { "type": "LineString", "coordinates": [ [ 36.792466, 47.962527 ], [ 36.791799, 47.960742 ], [ 36.793965, 47.960017 ], [ 36.793298, 47.957953 ], [ 36.786635, 47.957674 ] ] } },
{ "type": "Feature", "properties": { "tessellate": -1, "extrude": 0, "visibility": -1 }, "geometry": { "type": "LineString", "coordinates": [ [ 36.754883, 47.989388 ], [ 36.756662, 47.988198 ], [ 36.761998, 47.987156 ], [ 36.76878, 47.983138 ], [ 36.780118, 47.980446 ], [ 36.786667, 47.980021 ], [ 36.80446, 47.964591 ], [ 36.813788, 47.963754 ], [ 36.816619, 47.962256 ] ] } },
{ "type": "Feature", "properties": { "tessellate": -1, "extrude": 0, "visibility": -1 }, "geometry": { "type": "LineString", "coordinates": [ [ 36.777897, 47.972272 ], [ 36.771782, 47.973239 ], [ 36.767779, 47.975547 ], [ 36.766112, 47.979045 ], [ 36.766668, 47.98098 ] ] } },
{ "type": "Feature", "properties": { "tessellate": -1, "extrude": 0, "visibility": -1 }, "geometry": { "type": "LineString", "coordinates": [ [ 36.751079, 48.010698 ], [ 36.746747, 48.009962 ], [ 36.740491, 48.010192 ] ] } },
{ "type": "Feature", "properties": { "tessellate": -1, "extrude": 0, "visibility": -1 }, "geometry": { "type": "LineString", "coordinates": [ [ 36.76641, 48.025597 ], [ 36.765722, 48.023482 ], [ 36.764691, 48.022884 ], [ 36.754585, 48.023528 ], [ 36.751629, 48.024862 ], [ 36.751972, 48.026333 ], [ 36.755822, 48.026287 ] ] } },
{ "type": "Feature", "properties": { "tessellate": -1, "extrude": 0, "visibility": -1 }, "geometry": { "type": "LineString", "coordinates": [ [ 36.623487, 48.023174 ], [ 36.621554, 48.022756 ] ] } },
{ "type": "Feature", "properties": { "tessellate": -1, "extrude": 0, "visibility": -1 }, "geometry": { "type": "LineString", "coordinates": [ [ 36.628135, 48.068075 ], [ 36.632172, 48.053093 ], [ 36.633982, 48.047416 ], [ 36.636674, 48.041116 ], [ 36.639915, 48.030359 ], [ 36.639062, 48.026405 ], [ 36.63423, 48.024276 ], [ 36.628659, 48.023668 ] ] } },
{ "type": "Feature", "properties": { "tessellate": -1, "extrude": 0, "visibility": -1 }, "geometry": { "type": "LineString", "coordinates": [ [ 37.255659, 48.030768 ], [ 37.256482, 48.024357 ], [ 37.253712, 48.024257 ] ] } },
{ "type": "Feature", "properties": { "tessellate": -1, "extrude": 0, "visibility": -1 }, "geometry": { "type": "LineString", "coordinates": [ [ 37.321925, 48.00641 ], [ 37.315207, 48.003264 ], [ 37.312772, 47.999331 ], [ 37.313528, 47.998544 ], [ 37.313612, 47.997701 ] ] } },
{ "type": "Feature", "properties": { "tessellate": -1, "extrude": 0, "visibility": -1 }, "geometry": { "type": "LineString", "coordinates": [ [ 37.307023, 48.050903 ], [ 37.308002, 48.042667 ], [ 37.310346, 48.034472 ], [ 37.311909, 48.025422 ], [ 37.313166, 48.020736 ] ] } },
{ "type": "Feature", "properties": { "tessellate": -1, "extrude": 0, "visibility": -1 }, "geometry": { "type": "LineString", "coordinates": [ [ 37.385213, 48.03736 ], [ 37.38383, 48.034975 ] ] } },
{ "type": "Feature", "properties": { "tessellate": -1, "extrude": 0, "visibility": -1 }, "geometry": { "type": "LineString", "coordinates": [ [ 37.389581, 48.044271 ], [ 37.388853, 48.043444 ] ] } },
{ "type": "Feature", "properties": { "tessellate": -1, "extrude": 0, "visibility": -1 }, "geometry": { "type": "LineString", "coordinates": [ [ 37.386302, 48.060456 ], [ 37.386049, 48.061175 ], [ 37.385988, 48.062692 ], [ 37.389466, 48.062745 ], [ 37.390098, 48.059949 ], [ 37.391743, 48.055213 ], [ 37.391933, 48.051956 ], [ 37.392819, 48.049588 ], [ 37.391617, 48.047769 ] ] } },
{ "type": "Feature", "properties": { "tessellate": -1, "extrude": 0, "visibility": -1 }, "geometry": { "type": "LineString", "coordinates": [ [ 37.388391, 48.06201 ], [ 37.388192, 48.061943 ] ] } },
{ "type": "Feature", "properties": { "tessellate": -1, "extrude": 0, "visibility": -1 }, "geometry": { "type": "LineString", "coordinates": [ [ 37.386346, 48.069789 ], [ 37.385566, 48.068956 ], [ 37.385005, 48.066851 ], [ 37.38541, 48.065956 ], [ 37.38541, 48.063976 ], [ 37.385988, 48.062692 ] ] } },
{ "type": "Feature", "properties": { "tessellate": -1, "extrude": 0, "visibility": -1 }, "geometry": { "type": "LineString", "coordinates": [ [ 37.394607, 48.063226 ], [ 37.396197, 48.06381 ], [ 37.395885, 48.06431 ], [ 37.393578, 48.065289 ], [ 37.394732, 48.065914 ], [ 37.394295, 48.06731 ] ] } },
{ "type": "Feature", "properties": { "tessellate": -1, "extrude": 0, "visibility": -1 }, "geometry": { "type": "LineString", "coordinates": [ [ 37.390197, 48.079706 ], [ 37.389943, 48.075234 ], [ 37.389435, 48.074159 ] ] } },
{ "type": "Feature", "properties": { "tessellate": -1, "extrude": 0, "visibility": -1 }, "geometry": { "type": "LineString", "coordinates": [ [ 37.393501, 48.076423 ], [ 37.393586, 48.075631 ] ] } },
{ "type": "Feature", "properties": { "tessellate": -1, "extrude": 0, "visibility": -1 }, "geometry": { "type": "LineString", "coordinates": [ [ 37.327362, 48.085984 ], [ 37.331638, 48.089069 ], [ 37.336592, 48.09369 ], [ 37.334227, 48.105074 ], [ 37.336242, 48.106684 ], [ 37.341325, 48.108101 ], [ 37.352522, 48.10982 ], [ 37.349773, 48.120494 ], [ 37.349364, 48.124005 ], [ 37.348394, 48.129799 ], [ 37.348394, 48.131537 ], [ 37.35013, 48.132457 ], [ 37.352326, 48.132559 ], [ 37.358198, 48.130855 ], [ 37.359015, 48.131128 ], [ 37.372648, 48.135183 ], [ 37.376171, 48.134467 ], [ 37.384903, 48.139681 ], [ 37.385966, 48.133103 ], [ 37.38656, 48.129536 ], [ 37.386136, 48.128347 ], [ 37.388427, 48.119342 ], [ 37.390361, 48.107359 ], [ 37.388503, 48.102455 ], [ 37.388503, 48.100984 ], [ 37.388418, 48.099003 ], [ 37.387486, 48.096344 ], [ 37.38791, 48.094986 ], [ 37.387825, 48.093968 ], [ 37.387825, 48.090346 ], [ 37.385707, 48.087347 ] ] } },
{ "type": "Feature", "properties": { "tessellate": -1, "extrude": 0, "visibility": -1 }, "geometry": { "type": "LineString", "coordinates": [ [ 37.382112, 48.180997 ], [ 37.382281, 48.179046 ], [ 37.384492, 48.177175 ], [ 37.387141, 48.164457 ], [ 37.384757, 48.160864 ], [ 37.387727, 48.150523 ], [ 37.389699, 48.145658 ], [ 37.388564, 48.142428 ], [ 37.384903, 48.139681 ] ] } },
{ "type": "Feature", "properties": { "tessellate": -1, "extrude": 0, "visibility": -1 }, "geometry": { "type": "LineString", "coordinates": [ [ 37.375247, 48.182348 ], [ 37.375753, 48.181823 ], [ 37.382281, 48.179046 ] ] } },
{ "type": "Feature", "properties": { "tessellate": -1, "extrude": 0, "visibility": -1 }, "geometry": { "type": "LineString", "coordinates": [ [ 37.39997, 48.196712 ], [ 37.394009, 48.196712 ], [ 37.385918, 48.197741 ], [ 37.376922, 48.198983 ], [ 37.377242, 48.198203 ], [ 37.375848, 48.196874 ], [ 37.37806, 48.185162 ], [ 37.375359, 48.183736 ], [ 37.375415, 48.182948 ] ] } },
{ "type": "Feature", "properties": { "tessellate": -1, "extrude": 0, "visibility": -1 }, "geometry": { "type": "LineString", "coordinates": [ [ 37.358472, 48.210834 ], [ 37.358605, 48.209592 ], [ 37.359873, 48.202553 ], [ 37.359626, 48.20183 ], [ 37.357356, 48.199559 ], [ 37.353724, 48.196108 ], [ 37.348872, 48.191851 ], [ 37.34608, 48.190524 ], [ 37.341612, 48.189594 ], [ 37.333969, 48.189058 ] ] } },
{ "type": "Feature", "properties": { "tessellate": -1, "extrude": 0, "visibility": -1 }, "geometry": { "type": "LineString", "coordinates": [ [ 37.343234, 48.216731 ], [ 37.349223, 48.213716 ], [ 37.354679, 48.211765 ], [ 37.356941, 48.210169 ], [ 37.358605, 48.209592 ] ] } },
{ "type": "Feature", "properties": { "tessellate": -1, "extrude": 0, "visibility": -1 }, "geometry": { "type": "LineString", "coordinates": [ [ 37.322008, 48.213583 ], [ 37.32081, 48.212962 ], [ 37.321209, 48.212519 ], [ 37.323871, 48.210656 ], [ 37.325867, 48.211942 ] ] } },
{ "type": "Feature", "properties": { "tessellate": -1, "extrude": 0, "visibility": -1 }, "geometry": { "type": "LineString", "coordinates": [ [ 37.331677, 48.198288 ], [ 37.33066, 48.198203 ], [ 37.328083, 48.197419 ] ] } },
{ "type": "Feature", "properties": { "tessellate": -1, "extrude": 0, "visibility": -1 }, "geometry": { "type": "LineString", "coordinates": [ [ 37.317821, 48.171566 ], [ 37.318999, 48.166281 ] ] } },
{ "type": "Feature", "properties": { "tessellate": -1, "extrude": 0, "visibility": -1 }, "geometry": { "type": "LineString", "coordinates": [ [ 37.328402, 48.142352 ], [ 37.329066, 48.141752 ], [ 37.332854, 48.140527 ], [ 37.334221, 48.139954 ], [ 37.337229, 48.138937 ], [ 37.337424, 48.138911 ], [ 37.339455, 48.138989 ] ] } },
{ "type": "Feature", "properties": { "tessellate": -1, "extrude": 0, "visibility": -1 }, "geometry": { "type": "LineString", "coordinates": [ [ 37.110763, 48.194466 ], [ 37.10862, 48.19182 ], [ 37.111666, 48.187012 ], [ 37.111805, 48.184218 ], [ 37.110269, 48.182541 ], [ 37.112644, 48.166703 ], [ 37.109291, 48.163068 ], [ 37.108452, 48.161298 ], [ 37.109477, 48.147051 ], [ 37.109138, 48.146145 ] ] } },
{ "type": "Feature", "properties": { "tessellate": -1, "extrude": 0, "visibility": -1 }, "geometry": { "type": "LineString", "coordinates": [ [ 37.130609, 48.204996 ], [ 37.125608, 48.204626 ], [ 37.122195, 48.202721 ], [ 37.117749, 48.201821 ], [ 37.119972, 48.199017 ], [ 37.119019, 48.197271 ] ] } },
{ "type": "Feature", "properties": { "tessellate": -1, "extrude": 0, "visibility": -1 }, "geometry": { "type": "LineString", "coordinates": [ [ 37.136246, 48.207482 ], [ 37.135531, 48.207059 ], [ 37.133943, 48.205737 ] ] } },
{ "type": "Feature", "properties": { "tessellate": -1, "extrude": 0, "visibility": -1 }, "geometry": { "type": "LineString", "coordinates": [ [ 37.132991, 48.2151 ], [ 37.134578, 48.216264 ], [ 37.136325, 48.214677 ], [ 37.136563, 48.213566 ] ] } },
{ "type": "Feature", "properties": { "tessellate": -1, "extrude": 0, "visibility": -1 }, "geometry": { "type": "LineString", "coordinates": [ [ 37.128783, 48.220865 ], [ 37.129974, 48.218644 ], [ 37.132197, 48.217322 ], [ 37.131879, 48.215312 ] ] } },
{ "type": "Feature", "properties": { "tessellate": -1, "extrude": 0, "visibility": -1 }, "geometry": { "type": "LineString", "coordinates": [ [ 37.08267, 48.207488 ], [ 37.0805, 48.207742 ], [ 37.079662, 48.207438 ], [ 37.077301, 48.206955 ], [ 37.075853, 48.207285 ], [ 37.074978, 48.208021 ], [ 37.074178, 48.208224 ] ] } },
{ "type": "Feature", "properties": { "tessellate": -1, "extrude": 0, "visibility": -1 }, "geometry": { "type": "LineString", "coordinates": [ [ 37.078024, 48.207742 ], [ 37.078824, 48.20792 ] ] } },
{ "type": "Feature", "properties": { "tessellate": -1, "extrude": 0, "visibility": -1 }, "geometry": { "type": "LineString", "coordinates": [ [ 37.164862, 48.236558 ], [ 37.164576, 48.235416 ], [ 37.161051, 48.235479 ], [ 37.155239, 48.233068 ], [ 37.139753, 48.23236 ], [ 37.135144, 48.232261 ], [ 37.132022, 48.231568 ], [ 37.12117, 48.230924 ], [ 37.102155, 48.225139 ], [ 37.09897, 48.221111 ], [ 37.09871, 48.219942 ], [ 37.0965, 48.21769 ], [ 37.09559, 48.217301 ] ] } },
{ "type": "Feature", "properties": { "tessellate": -1, "extrude": 0, "visibility": -1 }, "geometry": { "type": "LineString", "coordinates": [ [ 37.176296, 48.227228 ], [ 37.175248, 48.2278 ], [ 37.171151, 48.228752 ], [ 37.168483, 48.230846 ], [ 37.167149, 48.231417 ], [ 37.164195, 48.23421 ] ] } },
{ "type": "Feature", "properties": { "tessellate": -1, "extrude": 0, "visibility": -1 }, "geometry": { "type": "LineString", "coordinates": [ [ 37.214122, 48.211357 ], [ 37.212693, 48.211167 ], [ 37.207262, 48.210976 ], [ 37.200974, 48.209389 ], [ 37.190779, 48.210532 ], [ 37.189445, 48.210659 ], [ 37.183728, 48.210595 ], [ 37.16591, 48.209516 ], [ 37.160098, 48.211357 ], [ 37.156191, 48.21104 ], [ 37.152475, 48.21104 ], [ 37.150665, 48.211357 ], [ 37.149331, 48.211357 ] ] } },
{ "type": "Feature", "properties": { "tessellate": -1, "extrude": 0, "visibility": -1 }, "geometry": { "type": "LineString", "coordinates": [ [ 37.24023, 48.229259 ], [ 37.236799, 48.225705 ], [ 37.234894, 48.224753 ], [ 37.220125, 48.223166 ], [ 37.218601, 48.2205 ], [ 37.217362, 48.219166 ], [ 37.213074, 48.218341 ], [ 37.213455, 48.215548 ], [ 37.214027, 48.215357 ] ] } },
{ "type": "Feature", "properties": { "tessellate": -1, "extrude": 0, "visibility": -1 }, "geometry": { "type": "LineString", "coordinates": [ [ 37.224494, 48.227662 ], [ 37.224494, 48.227833 ], [ 37.224322, 48.228104 ], [ 37.223317, 48.228346 ], [ 37.223275, 48.228559 ] ] } },
{ "type": "Feature", "properties": { "tessellate": -1, "extrude": 0, "visibility": -1 }, "geometry": { "type": "LineString", "coordinates": [ [ 37.223488, 48.227961 ], [ 37.224494, 48.227833 ] ] } },
{ "type": "Feature", "properties": { "tessellate": -1, "extrude": 0, "visibility": -1 }, "geometry": { "type": "LineString", "coordinates": [ [ 37.236747, 48.232178 ], [ 37.236789, 48.232405 ], [ 37.237281, 48.232719 ], [ 37.238158, 48.232833 ], [ 37.238137, 48.233061 ], [ 37.237602, 48.233032 ] ] } },
{ "type": "Feature", "properties": { "tessellate": -1, "extrude": 0, "visibility": -1 }, "geometry": { "type": "LineString", "coordinates": [ [ 37.255137, 48.234813 ], [ 37.251302, 48.234315 ], [ 37.249957, 48.234249 ], [ 37.245621, 48.234571 ], [ 37.242649, 48.234286 ], [ 37.238949, 48.234784 ] ] } },
{ "type": "Feature", "properties": { "tessellate": -1, "extrude": 0, "visibility": -1 }, "geometry": { "type": "LineString", "coordinates": [ [ 37.258624, 48.234448 ], [ 37.257528, 48.234381 ], [ 37.256632, 48.234547 ] ] } },
{ "type": "Feature", "properties": { "tessellate": -1, "extrude": 0, "visibility": -1 }, "geometry": { "type": "LineString", "coordinates": [ [ 37.274302, 48.222771 ], [ 37.275181, 48.223636 ], [ 37.272735, 48.225928 ], [ 37.270709, 48.229136 ], [ 37.270404, 48.230434 ], [ 37.26876, 48.232776 ], [ 37.268493, 48.233591 ], [ 37.266743, 48.233917 ], [ 37.265348, 48.233983 ], [ 37.258823, 48.233287 ] ] } },
{ "type": "Feature", "properties": { "tessellate": -1, "extrude": 0, "visibility": -1 }, "geometry": { "type": "LineString", "coordinates": [ [ 37.309451, 48.236822 ], [ 37.306726, 48.236459 ], [ 37.300186, 48.236141 ], [ 37.292276, 48.23196 ], [ 37.277206, 48.224324 ], [ 37.275181, 48.223636 ] ] } },
{ "type": "Feature", "properties": { "tessellate": -1, "extrude": 0, "visibility": -1 }, "geometry": { "type": "LineString", "coordinates": [ [ 37.278045, 48.251612 ], [ 37.28295, 48.251612 ] ] } },
{ "type": "Feature", "properties": { "tessellate": -1, "extrude": 0, "visibility": -1 }, "geometry": { "type": "LineString", "coordinates": [ [ 37.276614, 48.251884 ], [ 37.275797, 48.251022 ] ] } },
{ "type": "Feature", "properties": { "tessellate": -1, "extrude": 0, "visibility": -1 }, "geometry": { "type": "LineString", "coordinates": [ [ 37.272663, 48.255332 ], [ 37.273889, 48.254651 ], [ 37.27532, 48.255241 ] ] } },
{ "type": "Feature", "properties": { "tessellate": -1, "extrude": 0, "visibility": -1 }, "geometry": { "type": "LineString", "coordinates": [ [ 37.28077, 48.258325 ], [ 37.269733, 48.257554 ], [ 37.266804, 48.255422 ] ] } },
{ "type": "Feature", "properties": { "tessellate": -1, "extrude": 0, "visibility": -1 }, "geometry": { "type": "LineString", "coordinates": [ [ 37.286356, 48.25828 ], [ 37.28295, 48.258915 ], [ 37.285266, 48.25964 ], [ 37.289422, 48.259958 ], [ 37.291466, 48.259777 ], [ 37.292692, 48.260094 ] ] } },
{ "type": "Feature", "properties": { "tessellate": -1, "extrude": 0, "visibility": -1 }, "geometry": { "type": "LineString", "coordinates": [ [ 37.295758, 48.261409 ], [ 37.293373, 48.261092 ] ] } },
{ "type": "Feature", "properties": { "tessellate": -1, "extrude": 0, "visibility": -1 }, "geometry": { "type": "LineString", "coordinates": [ [ 37.293714, 48.26531 ], [ 37.294055, 48.26472 ] ] } },
{ "type": "Feature", "properties": { "tessellate": -1, "extrude": 0, "visibility": -1 }, "geometry": { "type": "LineString", "coordinates": [ [ 37.291999, 48.267229 ], [ 37.292982, 48.265508 ], [ 37.292878, 48.265078 ] ] } },
{ "type": "Feature", "properties": { "tessellate": -1, "extrude": 0, "visibility": -1 }, "geometry": { "type": "LineString", "coordinates": [ [ 37.303183, 48.264843 ], [ 37.303127, 48.264601 ] ] } },
{ "type": "Feature", "properties": { "tessellate": -1, "extrude": 0, "visibility": -1 }, "geometry": { "type": "LineString", "coordinates": [ [ 37.305736, 48.273104 ], [ 37.306831, 48.273031 ], [ 37.307214, 48.272375 ], [ 37.306229, 48.2644 ], [ 37.304971, 48.261851 ], [ 37.302837, 48.261268 ], [ 37.303494, 48.259338 ], [ 37.302782, 48.259338 ], [ 37.302181, 48.259994 ], [ 37.299172, 48.259884 ] ] } },
{ "type": "Feature", "properties": { "tessellate": -1, "extrude": 0, "visibility": -1 }, "geometry": { "type": "LineString", "coordinates": [ [ 37.307432, 48.275543 ], [ 37.307651, 48.274487 ], [ 37.30787, 48.272739 ], [ 37.309785, 48.264692 ] ] } },
{ "type": "Feature", "properties": { "tessellate": -1, "extrude": 0, "visibility": -1 }, "geometry": { "type": "LineString", "coordinates": [ [ 37.319818, 48.230169 ], [ 37.314408, 48.227577 ] ] } },
{ "type": "Feature", "properties": { "tessellate": -1, "extrude": 0, "visibility": -1 }, "geometry": { "type": "LineString", "coordinates": [ [ 37.318252, 48.231434 ], [ 37.314075, 48.228715 ] ] } },
{ "type": "Feature", "properties": { "tessellate": -1, "extrude": 0, "visibility": -1 }, "geometry": { "type": "LineString", "coordinates": [ [ 37.323972, 48.240373 ], [ 37.319012, 48.233932 ], [ 37.320483, 48.234406 ], [ 37.321147, 48.233015 ] ] } },
{ "type": "Feature", "properties": { "tessellate": -1, "extrude": 0, "visibility": -1 }, "geometry": { "type": "LineString", "coordinates": [ [ 37.325883, 48.249501 ], [ 37.324315, 48.241909 ] ] } },
{ "type": "Feature", "properties": { "tessellate": -1, "extrude": 0, "visibility": -1 }, "geometry": { "type": "LineString", "coordinates": [ [ 37.369744, 48.262165 ], [ 37.361248, 48.262804 ], [ 37.360073, 48.259247 ], [ 37.354624, 48.255691 ], [ 37.342017, 48.253699 ], [ 37.33614, 48.253414 ], [ 37.32364, 48.251778 ] ] } },
{ "type": "Feature", "properties": { "tessellate": -1, "extrude": 0, "visibility": -1 }, "geometry": { "type": "LineString", "coordinates": [ [ 37.362714, 48.264127 ], [ 37.361248, 48.262804 ] ] } },
{ "type": "Feature", "properties": { "tessellate": -1, "extrude": 0, "visibility": -1 }, "geometry": { "type": "LineString", "coordinates": [ [ 37.355994, 48.262785 ], [ 37.356511, 48.26275 ], [ 37.356511, 48.261924 ] ] } },
{ "type": "Feature", "properties": { "tessellate": -1, "extrude": 0, "visibility": -1 }, "geometry": { "type": "LineString", "coordinates": [ [ 37.356924, 48.266363 ], [ 37.356821, 48.263679 ], [ 37.356097, 48.263645 ] ] } },
{ "type": "Feature", "properties": { "tessellate": -1, "extrude": 0, "visibility": -1 }, "geometry": { "type": "LineString", "coordinates": [ [ 37.375476, 48.268982 ], [ 37.372681, 48.268274 ], [ 37.370285, 48.268185 ], [ 37.364471, 48.265434 ], [ 37.365247, 48.263232 ] ] } },
{ "type": "Feature", "properties": { "tessellate": -1, "extrude": 0, "visibility": -1 }, "geometry": { "type": "LineString", "coordinates": [ [ 37.379735, 48.277309 ], [ 37.377339, 48.27288 ] ] } },
{ "type": "Feature", "properties": { "tessellate": -1, "extrude": 0, "visibility": -1 }, "geometry": { "type": "LineString", "coordinates": [ [ 37.426047, 48.246858 ], [ 37.418117, 48.24694 ], [ 37.403964, 48.252058 ] ] } },
{ "type": "Feature", "properties": { "tessellate": -1, "extrude": 0, "visibility": -1 }, "geometry": { "type": "LineString", "coordinates": [ [ 37.429147, 48.214256 ], [ 37.428689, 48.214634 ], [ 37.423317, 48.212107 ] ] } },
{ "type": "Feature", "properties": { "tessellate": -1, "extrude": 0, "visibility": -1 }, "geometry": { "type": "LineString", "coordinates": [ [ 37.426413, 48.238778 ], [ 37.426096, 48.237511 ], [ 37.426051, 48.235671 ], [ 37.425689, 48.234706 ], [ 37.428689, 48.214634 ] ] } },
{ "type": "Feature", "properties": { "tessellate": -1, "extrude": 0, "visibility": -1 }, "geometry": { "type": "LineString", "coordinates": [ [ 37.456138, 48.234458 ], [ 37.453459, 48.248138 ], [ 37.451896, 48.256314 ], [ 37.450992, 48.257213 ], [ 37.451402, 48.257733 ], [ 37.45054, 48.258416 ], [ 37.450786, 48.258853 ], [ 37.45054, 48.259072 ] ] } },
{ "type": "Feature", "properties": { "tessellate": -1, "extrude": 0, "visibility": -1 }, "geometry": { "type": "LineString", "coordinates": [ [ 37.438347, 48.256831 ], [ 37.438388, 48.256175 ], [ 37.439702, 48.250052 ], [ 37.439948, 48.247209 ] ] } },
{ "type": "Feature", "properties": { "tessellate": -1, "extrude": 0, "visibility": -1 }, "geometry": { "type": "LineString", "coordinates": [ [ 37.427242, 48.2761 ], [ 37.427242, 48.273127 ], [ 37.4278, 48.268916 ], [ 37.427986, 48.261978 ], [ 37.428544, 48.255288 ], [ 37.429289, 48.247233 ] ] } },
{ "type": "Feature", "properties": { "tessellate": -1, "extrude": 0, "visibility": -1 }, "geometry": { "type": "LineString", "coordinates": [ [ 37.426125, 48.285512 ], [ 37.427242, 48.279939 ] ] } },
{ "type": "Feature", "properties": { "tessellate": -1, "extrude": 0, "visibility": -1 }, "geometry": { "type": "LineString", "coordinates": [ [ 37.435472, 48.272732 ], [ 37.430256, 48.265842 ], [ 37.429849, 48.262804 ] ] } },
{ "type": "Feature", "properties": { "tessellate": -1, "extrude": 0, "visibility": -1 }, "geometry": { "type": "LineString", "coordinates": [ [ 37.43099, 48.275552 ], [ 37.42993, 48.274196 ] ] } },
{ "type": "Feature", "properties": { "tessellate": -1, "extrude": 0, "visibility": -1 }, "geometry": { "type": "LineString", "coordinates": [ [ 37.411756, 48.318096 ], [ 37.408223, 48.322794 ], [ 37.409897, 48.323042 ], [ 37.414359, 48.32094 ], [ 37.414731, 48.317972 ], [ 37.419008, 48.312779 ], [ 37.421318, 48.308446 ], [ 37.428771, 48.302725 ], [ 37.428198, 48.297894 ], [ 37.429918, 48.293317 ], [ 37.429536, 48.291664 ] ] } },
{ "type": "Feature", "properties": { "tessellate": -1, "extrude": 0, "visibility": -1 }, "geometry": { "type": "LineString", "coordinates": [ [ 37.401864, 48.330305 ], [ 37.408223, 48.322794 ] ] } },
{ "type": "Feature", "properties": { "tessellate": -1, "extrude": 0, "visibility": -1 }, "geometry": { "type": "LineString", "coordinates": [ [ 37.404491, 48.330432 ], [ 37.409897, 48.323042 ] ] } },
{ "type": "Feature", "properties": { "tessellate": -1, "extrude": 0, "visibility": -1 }, "geometry": { "type": "LineString", "coordinates": [ [ 37.424735, 48.315763 ], [ 37.427725, 48.308832 ] ] } },
{ "type": "Feature", "properties": { "tessellate": -1, "extrude": 0, "visibility": -1 }, "geometry": { "type": "LineString", "coordinates": [ [ 36.848404, 47.816071 ], [ 36.844743, 47.817083 ], [ 36.836489, 47.818481 ], [ 36.833905, 47.821035 ], [ 36.829814, 47.821324 ], [ 36.82357, 47.817035 ] ] } },
{ "type": "Feature", "properties": { "tessellate": -1, "extrude": 0, "visibility": -1 }, "geometry": { "type": "LineString", "coordinates": [ [ 36.824646, 47.822866 ], [ 36.834479, 47.822095 ] ] } },
{ "type": "Feature", "properties": { "tessellate": -1, "extrude": 0, "visibility": -1 }, "geometry": { "type": "LineString", "coordinates": [ [ 36.781083, 47.863342 ], [ 36.781855, 47.8615 ], [ 36.77868, 47.860521 ] ] } },
{ "type": "Feature", "properties": { "tessellate": -1, "extrude": 0, "visibility": -1 }, "geometry": { "type": "LineString", "coordinates": [ [ 36.798588, 47.872092 ], [ 36.797644, 47.871056 ], [ 36.787862, 47.869329 ], [ 36.784, 47.866566 ] ] } },
{ "type": "Feature", "properties": { "tessellate": -1, "extrude": 0, "visibility": -1 }, "geometry": { "type": "LineString", "coordinates": [ [ 36.705867, 47.849162 ], [ 36.708204, 47.849263 ] ] } },
{ "type": "Feature", "properties": { "tessellate": -1, "extrude": 0, "visibility": -1 }, "geometry": { "type": "LineString", "coordinates": [ [ 36.650688, 47.857306 ], [ 36.661995, 47.85685 ], [ 36.674132, 47.855535 ], [ 36.689811, 47.855485 ], [ 36.701872, 47.852146 ] ] } },
{ "type": "Feature", "properties": { "tessellate": -1, "extrude": 0, "visibility": -1 }, "geometry": { "type": "LineString", "coordinates": [ [ 36.690941, 47.852703 ], [ 36.689057, 47.852956 ], [ 36.682197, 47.853107 ], [ 36.666292, 47.854423 ], [ 36.664935, 47.854928 ], [ 36.658754, 47.85508 ], [ 36.654005, 47.855586 ] ] } },
{ "type": "Feature", "properties": { "tessellate": -1, "extrude": 0, "visibility": -1 }, "geometry": { "type": "LineString", "coordinates": [ [ 36.63026, 47.836362 ], [ 36.630938, 47.839145 ], [ 36.643602, 47.852703 ], [ 36.643075, 47.854878 ] ] } },
{ "type": "Feature", "properties": { "tessellate": -1, "extrude": 0, "visibility": -1 }, "geometry": { "type": "LineString", "coordinates": [ [ 36.652074, 47.885891 ], [ 36.649692, 47.896614 ], [ 36.647084, 47.894485 ], [ 36.643908, 47.887336 ] ] } },
{ "type": "Feature", "properties": { "tessellate": -1, "extrude": 0, "visibility": -1 }, "geometry": { "type": "LineString", "coordinates": [ [ 36.649465, 47.902164 ], [ 36.649692, 47.896614 ] ] } },
{ "type": "Feature", "properties": { "tessellate": -1, "extrude": 0, "visibility": -1 }, "geometry": { "type": "LineString", "coordinates": [ [ 36.646063, 47.903305 ], [ 36.645836, 47.896462 ] ] } },
{ "type": "Feature", "properties": { "tessellate": -1, "extrude": 0, "visibility": -1 }, "geometry": { "type": "LineString", "coordinates": [ [ 36.774931, 47.922699 ], [ 36.758224, 47.922699 ], [ 36.752655, 47.923744 ], [ 36.74253, 47.930327 ], [ 36.736215, 47.929904 ], [ 36.726901, 47.930856 ], [ 36.71143, 47.930116 ], [ 36.706221, 47.928212 ], [ 36.702116, 47.92197 ], [ 36.69217, 47.918162 ], [ 36.688365, 47.914176 ], [ 36.679859, 47.911895 ], [ 36.667933, 47.913211 ], [ 36.660126, 47.9141 ], [ 36.647991, 47.912655 ], [ 36.643228, 47.913948 ], [ 36.645269, 47.905281 ] ] } },
{ "type": "Feature", "properties": { "tessellate": -1, "extrude": 0, "visibility": -1 }, "geometry": { "type": "LineString", "coordinates": [ [ 36.624158, 47.957831 ], [ 36.622093, 47.954312 ], [ 36.610083, 47.956951 ], [ 36.601102, 47.958476 ], [ 36.592429, 47.958419 ], [ 36.588773, 47.959843 ], [ 36.589113, 47.962746 ], [ 36.589113, 47.967471 ], [ 36.587838, 47.970716 ], [ 36.587413, 47.973392 ], [ 36.580016, 47.974302 ], [ 36.571258, 47.977547 ] ] } },
{ "type": "Feature", "properties": { "tessellate": -1, "extrude": 0, "visibility": -1 }, "geometry": { "type": "LineString", "coordinates": [ [ 36.580071, 47.908506 ], [ 36.580178, 47.910515 ], [ 36.583283, 47.910945 ], [ 36.588957, 47.911376 ], [ 36.592143, 47.912097 ], [ 36.59662, 47.912587 ], [ 36.59662, 47.91473 ], [ 36.597899, 47.918037 ], [ 36.60128, 47.918772 ], [ 36.613616, 47.917486 ], [ 36.629699, 47.916996 ], [ 36.638288, 47.91767 ], [ 36.639385, 47.916139 ], [ 36.643228, 47.913948 ] ] } },
{ "type": "Feature", "properties": { "tessellate": -1, "extrude": 0, "visibility": -1 }, "geometry": { "type": "LineString", "coordinates": [ [ 36.576791, 47.907625 ], [ 36.573045, 47.905053 ], [ 36.558333, 47.904256 ], [ 36.543621, 47.902296 ], [ 36.543164, 47.900887 ], [ 36.54484, 47.892606 ], [ 36.547581, 47.883974 ], [ 36.543925, 47.881427 ], [ 36.54505, 47.871806 ], [ 36.534924, 47.863786 ], [ 36.517063, 47.85954 ], [ 36.505391, 47.854256 ], [ 36.497937, 47.851802 ], [ 36.489921, 47.854633 ], [ 36.470176, 47.864076 ], [ 36.460575, 47.871389 ] ] } },
{ "type": "Feature", "properties": { "tessellate": -1, "extrude": 0, "visibility": -1 }, "geometry": { "type": "LineString", "coordinates": [ [ 36.856627, 47.97569 ], [ 36.854053, 47.97569 ], [ 36.852337, 47.975173 ] ] } },
{ "type": "Feature", "properties": { "tessellate": -1, "extrude": 0, "visibility": -1 }, "geometry": { "type": "LineString", "coordinates": [ [ 36.678673, 47.925549 ], [ 36.680207, 47.921534 ] ] } },
{ "type": "Feature", "properties": { "tessellate": -1, "extrude": 0, "visibility": -1 }, "geometry": { "type": "LineString", "coordinates": [ [ 36.660554, 47.928046 ], [ 36.66092, 47.925941 ], [ 36.666837, 47.927948 ], [ 36.668737, 47.920653 ], [ 36.667933, 47.913211 ] ] } },
{ "type": "Feature", "properties": { "tessellate": -1, "extrude": 0, "visibility": -1 }, "geometry": { "type": "LineString", "coordinates": [ [ 36.640683, 47.924619 ], [ 36.66092, 47.925941 ] ] } },
{ "type": "Feature", "properties": { "tessellate": -1, "extrude": 0, "visibility": -1 }, "geometry": { "type": "LineString", "coordinates": [ [ 36.647842, 47.919576 ], [ 36.645139, 47.91938 ] ] } },
{ "type": "Feature", "properties": { "tessellate": -1, "extrude": 0, "visibility": -1 }, "geometry": { "type": "LineString", "coordinates": [ [ 36.693357, 47.93529 ], [ 36.694745, 47.935388 ] ] } },
{ "type": "Feature", "properties": { "tessellate": -1, "extrude": 0, "visibility": -1 }, "geometry": { "type": "LineString", "coordinates": [ [ 36.689339, 47.940772 ], [ 36.69102, 47.934262 ] ] } },
{ "type": "Feature", "properties": { "tessellate": -1, "extrude": 0, "visibility": -1 }, "geometry": { "type": "LineString", "coordinates": [ [ 36.691823, 47.941751 ], [ 36.692261, 47.940723 ] ] } },
{ "type": "Feature", "properties": { "tessellate": -1, "extrude": 0, "visibility": -1 }, "geometry": { "type": "LineString", "coordinates": [ [ 36.683495, 47.941017 ], [ 36.683495, 47.940087 ] ] } },
{ "type": "Feature", "properties": { "tessellate": -1, "extrude": 0, "visibility": -1 }, "geometry": { "type": "LineString", "coordinates": [ [ 36.679184, 47.941261 ], [ 36.680791, 47.939989 ] ] } },
{ "type": "Feature", "properties": { "tessellate": -1, "extrude": 0, "visibility": -1 }, "geometry": { "type": "LineString", "coordinates": [ [ 36.657924, 47.941457 ], [ 36.655732, 47.940821 ], [ 36.646016, 47.939695 ] ] } },
{ "type": "Feature", "properties": { "tessellate": -1, "extrude": 0, "visibility": -1 }, "geometry": { "type": "LineString", "coordinates": [ [ 36.689924, 47.95051 ], [ 36.689778, 47.949532 ] ] } },
{ "type": "Feature", "properties": { "tessellate": -1, "extrude": 0, "visibility": -1 }, "geometry": { "type": "LineString", "coordinates": [ [ 36.679634, 47.969096 ], [ 36.680546, 47.962789 ], [ 36.684883, 47.950706 ] ] } },
{ "type": "Feature", "properties": { "tessellate": -1, "extrude": 0, "visibility": -1 }, "geometry": { "type": "LineString", "coordinates": [ [ 36.622965, 47.971639 ], [ 36.62251, 47.970927 ], [ 36.623421, 47.96818 ] ] } },
{ "type": "Feature", "properties": { "tessellate": -1, "extrude": 0, "visibility": -1 }, "geometry": { "type": "LineString", "coordinates": [ [ 36.587597, 48.076003 ], [ 36.590875, 48.079557 ], [ 36.593669, 48.080563 ], [ 36.599634, 48.081352 ], [ 36.607157, 48.08505 ], [ 36.609952, 48.085301 ], [ 36.611886, 48.084835 ], [ 36.6128, 48.082286 ], [ 36.615755, 48.081388 ], [ 36.620269, 48.080455 ], [ 36.624783, 48.080634 ], [ 36.632736, 48.08164 ], [ 36.637832, 48.083775 ], [ 36.646454, 48.084171 ], [ 36.652772, 48.083907 ], [ 36.656721, 48.08294 ], [ 36.660736, 48.081972 ], [ 36.665672, 48.082368 ], [ 36.674795, 48.083595 ], [ 36.681293, 48.084705 ], [ 36.684222, 48.08292 ], [ 36.699643, 48.082525 ], [ 36.701052, 48.083464 ], [ 36.713496, 48.083726 ], [ 36.71467, 48.085817 ], [ 36.728601, 48.087804 ], [ 36.736193, 48.089895 ], [ 36.741828, 48.090836 ], [ 36.747776, 48.092927 ], [ 36.751689, 48.091673 ], [ 36.756072, 48.091777 ], [ 36.756855, 48.0923 ], [ 36.757402, 48.094077 ], [ 36.762098, 48.096011 ], [ 36.758655, 48.098625 ], [ 36.755341, 48.101607 ], [ 36.748676, 48.102892 ], [ 36.743344, 48.102695 ], [ 36.741419, 48.105464 ], [ 36.742011, 48.112881 ], [ 36.747555, 48.123055 ], [ 36.749181, 48.126582 ], [ 36.750198, 48.129974 ], [ 36.750807, 48.130245 ], [ 36.757311, 48.134179 ], [ 36.76097, 48.138113 ], [ 36.76219, 48.138927 ] ] } },
{ "type": "Feature", "properties": { "tessellate": -1, "extrude": 0, "visibility": -1 }, "geometry": { "type": "LineString", "coordinates": [ [ 37.494617, 48.282404 ], [ 37.493786, 48.281679 ], [ 37.492645, 48.27377 ], [ 37.491136, 48.266211 ], [ 37.490047, 48.26575 ], [ 37.487275, 48.265947 ], [ 37.458856, 48.264959 ], [ 37.449548, 48.265222 ], [ 37.447766, 48.264893 ] ] } },
{ "type": "Feature", "properties": { "tessellate": -1, "extrude": 0, "visibility": -1 }, "geometry": { "type": "LineString", "coordinates": [ [ 37.493164, 48.292141 ], [ 37.493008, 48.291554 ], [ 37.493682, 48.290691 ], [ 37.493838, 48.289828 ], [ 37.495032, 48.284165 ] ] } },
{ "type": "Feature", "properties": { "tessellate": -1, "extrude": 0, "visibility": -1 }, "geometry": { "type": "LineString", "coordinates": [ [ 37.484876, 48.305242 ], [ 37.489545, 48.311864 ], [ 37.490918, 48.314056 ], [ 37.491742, 48.307982 ], [ 37.492281, 48.304948 ], [ 37.492593, 48.299978 ], [ 37.492956, 48.296974 ] ] } },
{ "type": "Feature", "properties": { "tessellate": -1, "extrude": 0, "visibility": -1 }, "geometry": { "type": "LineString", "coordinates": [ [ 37.489339, 48.305516 ], [ 37.485562, 48.302045 ], [ 37.483571, 48.301132 ], [ 37.480619, 48.2983 ] ] } },
{ "type": "Feature", "properties": { "tessellate": -1, "extrude": 0, "visibility": -1 }, "geometry": { "type": "LineString", "coordinates": [ [ 37.488652, 48.314786 ], [ 37.495587, 48.318028 ], [ 37.490918, 48.314056 ], [ 37.490643, 48.318667 ], [ 37.496891, 48.320996 ], [ 37.495587, 48.318028 ], [ 37.508323, 48.318768 ], [ 37.518379, 48.318768 ], [ 37.520711, 48.32245 ], [ 37.524647, 48.327102 ], [ 37.527999, 48.332141 ], [ 37.530914, 48.334079 ], [ 37.539222, 48.336986 ], [ 37.543786, 48.339483 ], [ 37.545788, 48.341213 ], [ 37.547289, 48.344207 ] ] } },
{ "type": "Feature", "properties": { "tessellate": -1, "extrude": 0, "visibility": -1 }, "geometry": { "type": "LineString", "coordinates": [ [ 37.492086, 48.327419 ], [ 37.496891, 48.320996 ] ] } },
{ "type": "Feature", "properties": { "tessellate": -1, "extrude": 0, "visibility": -1 }, "geometry": { "type": "LineString", "coordinates": [ [ 38.160631, 48.52966 ], [ 38.151859, 48.533165 ], [ 38.144901, 48.537571 ], [ 38.131744, 48.54388 ], [ 38.1325, 48.539574 ], [ 38.09469, 48.537972 ], [ 38.099983, 48.529559 ], [ 38.099076, 48.523249 ] ] } },
{ "type": "Feature", "properties": { "tessellate": -1, "extrude": 0, "visibility": -1 }, "geometry": { "type": "LineString", "coordinates": [ [ 38.116513, 48.621902 ], [ 38.123632, 48.615897 ], [ 38.13198, 48.610702 ], [ 38.136153, 48.603235 ], [ 38.13468, 48.599014 ], [ 38.13198, 48.589271 ] ] } },
{ "type": "Feature", "properties": { "tessellate": -1, "extrude": 0, "visibility": -1 }, "geometry": { "type": "LineString", "coordinates": [ [ 38.176064, 48.609553 ], [ 38.176632, 48.608052 ] ] } },
{ "type": "Feature", "properties": { "tessellate": -1, "extrude": 0, "visibility": -1 }, "geometry": { "type": "LineString", "coordinates": [ [ 38.180518, 48.60808 ], [ 38.17947, 48.60886 ] ] } },
{ "type": "Feature", "properties": { "tessellate": -1, "extrude": 0, "visibility": -1 }, "geometry": { "type": "LineString", "coordinates": [ [ 38.119505, 48.854668 ], [ 38.121242, 48.84878 ] ] } },
{ "type": "Feature", "properties": { "tessellate": -1, "extrude": 0, "visibility": -1 }, "geometry": { "type": "LineString", "coordinates": [ [ 38.126584, 48.874348 ], [ 38.121909, 48.870746 ], [ 38.122177, 48.866617 ], [ 38.124046, 48.860643 ], [ 38.125248, 48.85581 ] ] } },
{ "type": "Feature", "properties": { "tessellate": -1, "extrude": 0, "visibility": -1 }, "geometry": { "type": "LineString", "coordinates": [ [ 38.114697, 48.876895 ], [ 38.114163, 48.875314 ], [ 38.114564, 48.873469 ], [ 38.112694, 48.872679 ], [ 38.112961, 48.864772 ] ] } },
{ "type": "Feature", "properties": { "tessellate": -1, "extrude": 0, "visibility": -1 }, "geometry": { "type": "LineString", "coordinates": [ [ 38.041376, 48.875051 ], [ 38.042578, 48.865651 ] ] } },
{ "type": "Feature", "properties": { "tessellate": -1, "extrude": 0, "visibility": -1 }, "geometry": { "type": "LineString", "coordinates": [ [ 37.94732, 48.87871 ], [ 37.947426, 48.872476 ] ] } },
{ "type": "Feature", "properties": { "tessellate": -1, "extrude": 0, "visibility": -1 }, "geometry": { "type": "LineString", "coordinates": [ [ 37.878699, 48.463825 ], [ 37.875646, 48.463452 ], [ 37.868496, 48.46228 ] ] } },
{ "type": "Feature", "properties": { "tessellate": -1, "extrude": 0, "visibility": -1 }, "geometry": { "type": "LineString", "coordinates": [ [ 37.888662, 48.467874 ], [ 37.882556, 48.464731 ] ] } },
{ "type": "Feature", "properties": { "tessellate": -1, "extrude": 0, "visibility": -1 }, "geometry": { "type": "LineString", "coordinates": [ [ 37.888826, 48.478634 ], [ 37.886573, 48.470591 ] ] } },
{ "type": "Feature", "properties": { "tessellate": -1, "extrude": 0, "visibility": -1 }, "geometry": { "type": "LineString", "coordinates": [ [ 37.862804, 48.479896 ], [ 37.861456, 48.479107 ] ] } },
{ "type": "Feature", "properties": { "tessellate": -1, "extrude": 0, "visibility": -1 }, "geometry": { "type": "LineString", "coordinates": [ [ 37.896328, 48.439697 ], [ 37.896428, 48.438833 ] ] } },
{ "type": "Feature", "properties": { "tessellate": -1, "extrude": 0, "visibility": -1 }, "geometry": { "type": "LineString", "coordinates": [ [ 37.768046, 48.424879 ], [ 37.769198, 48.425056 ], [ 37.770528, 48.425115 ], [ 37.772478, 48.424291 ] ] } },
{ "type": "Feature", "properties": { "tessellate": -1, "extrude": 0, "visibility": -1 }, "geometry": { "type": "LineString", "coordinates": [ [ 37.669833, 48.40613 ], [ 37.677784, 48.406927 ], [ 37.680035, 48.411707 ], [ 37.679435, 48.413101 ], [ 37.679285, 48.414893 ], [ 37.677935, 48.417582 ], [ 37.683035, 48.418876 ], [ 37.696237, 48.420668 ], [ 37.728183, 48.423557 ], [ 37.746151, 48.426115 ], [ 37.756877, 48.426938 ], [ 37.7606, 48.427527 ], [ 37.75927, 48.434349 ] ] } },
{ "type": "Feature", "properties": { "tessellate": -1, "extrude": 0, "visibility": -1 }, "geometry": { "type": "LineString", "coordinates": [ [ 37.771196, 48.441543 ], [ 37.772555, 48.441543 ], [ 37.772308, 48.440846 ], [ 37.770021, 48.439328 ] ] } },
{ "type": "Feature", "properties": { "tessellate": -1, "extrude": 0, "visibility": -1 }, "geometry": { "type": "LineString", "coordinates": [ [ 37.783496, 48.445356 ], [ 37.782074, 48.444946 ], [ 37.777933, 48.442117 ], [ 37.772555, 48.441543 ] ] } },
{ "type": "Feature", "properties": { "tessellate": -1, "extrude": 0, "visibility": -1 }, "geometry": { "type": "LineString", "coordinates": [ [ 37.789334, 48.466493 ], [ 37.7862, 48.464367 ], [ 37.784277, 48.464367 ], [ 37.782283, 48.463234 ], [ 37.780644, 48.460636 ] ] } },
{ "type": "Feature", "properties": { "tessellate": -1, "extrude": 0, "visibility": -1 }, "geometry": { "type": "LineString", "coordinates": [ [ 37.787713, 48.490238 ], [ 37.784632, 48.487126 ], [ 37.773921, 48.478665 ] ] } },
{ "type": "Feature", "properties": { "tessellate": -1, "extrude": 0, "visibility": -1 }, "geometry": { "type": "LineString", "coordinates": [ [ 37.67713, 48.46337 ], [ 37.679122, 48.465241 ], [ 37.680035, 48.467058 ], [ 37.681114, 48.467663 ], [ 37.69261, 48.467196 ], [ 37.705503, 48.468374 ], [ 37.709844, 48.468504 ], [ 37.71164, 48.469125 ], [ 37.716118, 48.469597 ], [ 37.720138, 48.4698 ], [ 37.728738, 48.470744 ], [ 37.739475, 48.473916 ], [ 37.740696, 48.474388 ], [ 37.743596, 48.475771 ], [ 37.746751, 48.476581 ] ] } },
{ "type": "Feature", "properties": { "tessellate": -1, "extrude": 0, "visibility": -1 }, "geometry": { "type": "LineString", "coordinates": [ [ 37.695699, 48.470599 ], [ 37.695792, 48.47008 ], [ 37.696483, 48.469317 ] ] } },
{ "type": "Feature", "properties": { "tessellate": -1, "extrude": 0, "visibility": -1 }, "geometry": { "type": "LineString", "coordinates": [ [ 37.766652, 48.482589 ], [ 37.76606, 48.482731 ], [ 37.765253, 48.481591 ], [ 37.762618, 48.480521 ], [ 37.761812, 48.47988 ], [ 37.760413, 48.479666 ] ] } },
{ "type": "Feature", "properties": { "tessellate": -1, "extrude": 0, "visibility": -1 }, "geometry": { "type": "LineString", "coordinates": [ [ 37.766867, 48.483124 ], [ 37.766114, 48.483409 ], [ 37.76606, 48.482731 ] ] } },
{ "type": "Feature", "properties": { "tessellate": -1, "extrude": 0, "visibility": -1 }, "geometry": { "type": "LineString", "coordinates": [ [ 37.771701, 48.495041 ], [ 37.770991, 48.494314 ], [ 37.770087, 48.491961 ], [ 37.767781, 48.488043 ], [ 37.766114, 48.483409 ] ] } },
{ "type": "Feature", "properties": { "tessellate": -1, "extrude": 0, "visibility": -1 }, "geometry": { "type": "LineString", "coordinates": [ [ 37.795676, 48.457853 ], [ 37.805863, 48.453382 ], [ 37.809458, 48.45373 ], [ 37.811706, 48.454972 ], [ 37.813428, 48.454525 ], [ 37.82826, 48.466545 ], [ 37.829608, 48.466843 ], [ 37.833803, 48.46888 ], [ 37.831256, 48.473349 ], [ 37.830806, 48.475038 ], [ 37.830799, 48.476455 ], [ 37.830067, 48.47825 ], [ 37.828896, 48.479706 ], [ 37.829116, 48.48184 ], [ 37.830433, 48.482325 ], [ 37.831824, 48.482325 ], [ 37.835651, 48.483543 ], [ 37.835833, 48.487097 ], [ 37.835651, 48.494023 ], [ 37.833742, 48.494324 ], [ 37.832219, 48.496017 ], [ 37.83138, 48.496128 ], [ 37.829281, 48.50019 ], [ 37.827853, 48.507922 ], [ 37.82651, 48.507978 ], [ 37.825387, 48.509238 ], [ 37.824681, 48.511889 ], [ 37.823857, 48.512981 ], [ 37.817089, 48.511733 ] ] } },
{ "type": "Feature", "properties": { "tessellate": -1, "extrude": 0, "visibility": -1 }, "geometry": { "type": "LineString", "coordinates": [ [ 37.815147, 48.507717 ], [ 37.816677, 48.507562 ], [ 37.820562, 48.507717 ] ] } },
{ "type": "Feature", "properties": { "tessellate": -1, "extrude": 0, "visibility": -1 }, "geometry": { "type": "LineString", "coordinates": [ [ 37.803083, 48.503818 ], [ 37.80173, 48.503312 ], [ 37.799258, 48.498671 ], [ 37.798905, 48.497657 ], [ 37.797198, 48.494576 ], [ 37.795727, 48.49364 ] ] } },
{ "type": "Feature", "properties": { "tessellate": -1, "extrude": 0, "visibility": -1 }, "geometry": { "type": "LineString", "coordinates": [ [ 37.762854, 48.499887 ], [ 37.762541, 48.498891 ], [ 37.762478, 48.497439 ], [ 37.762353, 48.496775 ] ] } },
{ "type": "Feature", "properties": { "tessellate": -1, "extrude": 0, "visibility": -1 }, "geometry": { "type": "LineString", "coordinates": [ [ 37.869486, 48.529558 ], [ 37.870633, 48.528545 ], [ 37.871254, 48.527786 ], [ 37.872592, 48.526963 ], [ 37.873405, 48.526203 ], [ 37.87503, 48.526362 ], [ 37.878614, 48.527279 ], [ 37.879904, 48.528482 ], [ 37.880764, 48.527723 ], [ 37.881577, 48.526108 ], [ 37.882963, 48.525191 ], [ 37.882963, 48.524463 ], [ 37.883966, 48.523545 ] ] } },
{ "type": "Feature", "properties": { "tessellate": -1, "extrude": 0, "visibility": -1 }, "geometry": { "type": "LineString", "coordinates": [ [ 37.882389, 48.530887 ], [ 37.881863, 48.530508 ], [ 37.880812, 48.529938 ], [ 37.879904, 48.528482 ] ] } },
{ "type": "Feature", "properties": { "tessellate": -1, "extrude": 0, "visibility": -1 }, "geometry": { "type": "LineString", "coordinates": [ [ 37.86977, 48.540577 ], [ 37.87111, 48.541154 ], [ 37.872449, 48.541154 ], [ 37.877138, 48.536896 ], [ 37.877515, 48.535476 ], [ 37.880716, 48.533324 ], [ 37.881863, 48.530508 ] ] } },
{ "type": "Feature", "properties": { "tessellate": -1, "extrude": 0, "visibility": -1 }, "geometry": { "type": "LineString", "coordinates": [ [ 37.817814, 48.520464 ], [ 37.819287, 48.51864 ], [ 37.821977, 48.516944 ], [ 37.823857, 48.512981 ] ] } },
{ "type": "Feature", "properties": { "tessellate": -1, "extrude": 0, "visibility": -1 }, "geometry": { "type": "LineString", "coordinates": [ [ 37.822361, 48.525002 ], [ 37.822681, 48.523094 ], [ 37.821977, 48.516944 ] ] } },
{ "type": "Feature", "properties": { "tessellate": -1, "extrude": 0, "visibility": -1 }, "geometry": { "type": "LineString", "coordinates": [ [ 37.816149, 48.526699 ], [ 37.817238, 48.525681 ], [ 37.817558, 48.524621 ], [ 37.817174, 48.52267 ] ] } },
{ "type": "Feature", "properties": { "tessellate": -1, "extrude": 0, "visibility": -1 }, "geometry": { "type": "LineString", "coordinates": [ [ 37.81922, 48.531545 ], [ 37.822041, 48.527505 ], [ 37.822937, 48.525893 ] ] } },
{ "type": "Feature", "properties": { "tessellate": -1, "extrude": 0, "visibility": -1 }, "geometry": { "type": "LineString", "coordinates": [ [ 37.811782, 48.530381 ], [ 37.812476, 48.531762 ], [ 37.814479, 48.533277 ], [ 37.815194, 48.533983 ], [ 37.81595, 48.533385 ], [ 37.81734, 48.532519 ] ] } },
{ "type": "Feature", "properties": { "tessellate": -1, "extrude": 0, "visibility": -1 }, "geometry": { "type": "LineString", "coordinates": [ [ 37.793765, 48.563179 ], [ 37.795256, 48.56198 ], [ 37.795439, 48.564864 ], [ 37.79681, 48.568165 ] ] } },
{ "type": "Feature", "properties": { "tessellate": -1, "extrude": 0, "visibility": -1 }, "geometry": { "type": "LineString", "coordinates": [ [ 37.793203, 48.555551 ], [ 37.793584, 48.559366 ], [ 37.795256, 48.56198 ], [ 37.801222, 48.55634 ], [ 37.804618, 48.550086 ], [ 37.80731, 48.547623 ], [ 37.812851, 48.541045 ], [ 37.814809, 48.536024 ], [ 37.815194, 48.533983 ] ] } },
{ "type": "Feature", "properties": { "tessellate": -1, "extrude": 0, "visibility": -1 }, "geometry": { "type": "LineString", "coordinates": [ [ 37.803553, 48.565299 ], [ 37.803773, 48.563703 ] ] } },
{ "type": "Feature", "properties": { "tessellate": -1, "extrude": 0, "visibility": -1 }, "geometry": { "type": "LineString", "coordinates": [ [ 37.756707, 48.567116 ], [ 37.75798, 48.567562 ], [ 37.759366, 48.567785 ], [ 37.764347, 48.565976 ], [ 37.765283, 48.565951 ] ] } },
{ "type": "Feature", "properties": { "tessellate": -1, "extrude": 0, "visibility": -1 }, "geometry": { "type": "LineString", "coordinates": [ [ 37.75888, 48.567707 ], [ 37.757905, 48.566942 ] ] } },
{ "type": "Feature", "properties": { "tessellate": -1, "extrude": 0, "visibility": -1 }, "geometry": { "type": "LineString", "coordinates": [ [ 37.78211, 48.527864 ], [ 37.777626, 48.536385 ], [ 37.772687, 48.536557 ], [ 37.770737, 48.53673 ], [ 37.770607, 48.537676 ], [ 37.768852, 48.537891 ], [ 37.768658, 48.53858 ], [ 37.765213, 48.540086 ], [ 37.763003, 48.54327 ], [ 37.755876, 48.548687 ], [ 37.754152, 48.557372 ] ] } },
{ "type": "Feature", "properties": { "tessellate": -1, "extrude": 0, "visibility": -1 }, "geometry": { "type": "LineString", "coordinates": [ [ 37.773792, 48.54512 ], [ 37.774637, 48.542711 ] ] } },
{ "type": "Feature", "properties": { "tessellate": -1, "extrude": 0, "visibility": -1 }, "geometry": { "type": "LineString", "coordinates": [ [ 37.755725, 48.541291 ], [ 37.757414, 48.54086 ], [ 37.758974, 48.539268 ], [ 37.763003, 48.535955 ], [ 37.764368, 48.535998 ], [ 37.770737, 48.53673 ] ] } },
{ "type": "Feature", "properties": { "tessellate": -1, "extrude": 0, "visibility": -1 }, "geometry": { "type": "LineString", "coordinates": [ [ 37.742147, 48.564709 ], [ 37.743441, 48.556693 ], [ 37.748121, 48.546411 ], [ 37.757414, 48.54086 ] ] } },
{ "type": "Feature", "properties": { "tessellate": -1, "extrude": 0, "visibility": -1 }, "geometry": { "type": "LineString", "coordinates": [ [ 37.761099, 48.529735 ], [ 37.761688, 48.529995 ], [ 37.763259, 48.533702 ], [ 37.764241, 48.534482 ], [ 37.764368, 48.535998 ] ] } },
{ "type": "Feature", "properties": { "tessellate": -1, "extrude": 0, "visibility": -1 }, "geometry": { "type": "LineString", "coordinates": [ [ 37.76236, 48.522028 ], [ 37.765395, 48.51797 ], [ 37.765268, 48.516961 ], [ 37.765395, 48.513157 ], [ 37.765198, 48.511683 ], [ 37.766138, 48.510472 ], [ 37.767392, 48.509089 ], [ 37.767862, 48.505906 ], [ 37.768436, 48.505214 ], [ 37.768697, 48.504487 ], [ 37.768384, 48.503899 ], [ 37.767131, 48.503276 ], [ 37.765721, 48.503484 ], [ 37.764311, 48.503138 ], [ 37.763736, 48.501858 ], [ 37.763214, 48.500923 ] ] } },
{ "type": "Feature", "properties": { "tessellate": -1, "extrude": 0, "visibility": -1 }, "geometry": { "type": "LineString", "coordinates": [ [ 37.746701, 48.516763 ], [ 37.745981, 48.516173 ], [ 37.739642, 48.513903 ], [ 37.735188, 48.511951 ], [ 37.733372, 48.512904 ] ] } },
{ "type": "Feature", "properties": { "tessellate": -1, "extrude": 0, "visibility": -1 }, "geometry": { "type": "LineString", "coordinates": [ [ 37.74653, 48.516241 ], [ 37.745981, 48.516173 ] ] } },
{ "type": "Feature", "properties": { "tessellate": -1, "extrude": 0, "visibility": -1 }, "geometry": { "type": "LineString", "coordinates": [ [ 37.75352, 48.51935 ], [ 37.753862, 48.518783 ], [ 37.749237, 48.51724 ], [ 37.750333, 48.515288 ] ] } },
{ "type": "Feature", "properties": { "tessellate": -1, "extrude": 0, "visibility": -1 }, "geometry": { "type": "LineString", "coordinates": [ [ 37.754445, 48.516604 ], [ 37.754788, 48.516604 ], [ 37.754925, 48.516332 ] ] } },
{ "type": "Feature", "properties": { "tessellate": -1, "extrude": 0, "visibility": -1 }, "geometry": { "type": "LineString", "coordinates": [ [ 37.737415, 48.526454 ], [ 37.7393, 48.525705 ], [ 37.741733, 48.525092 ], [ 37.747455, 48.522392 ], [ 37.749339, 48.524184 ], [ 37.752937, 48.522097 ], [ 37.752697, 48.521461 ], [ 37.750676, 48.520304 ] ] } },
{ "type": "Feature", "properties": { "tessellate": -1, "extrude": 0, "visibility": -1 }, "geometry": { "type": "LineString", "coordinates": [ [ 37.745009, 48.531893 ], [ 37.743967, 48.532183 ], [ 37.741444, 48.535525 ], [ 37.740237, 48.536506 ], [ 37.740127, 48.537269 ], [ 37.742267, 48.536942 ], [ 37.743254, 48.536288 ], [ 37.743803, 48.534 ], [ 37.746326, 48.534726 ], [ 37.74841, 48.533963 ], [ 37.748081, 48.532401 ], [ 37.751208, 48.530004 ], [ 37.751395, 48.529336 ], [ 37.750642, 48.52861 ], [ 37.751498, 48.527747 ], [ 37.752492, 48.527248 ], [ 37.75304, 48.526068 ], [ 37.754582, 48.525206 ], [ 37.754685, 48.524275 ], [ 37.754479, 48.523753 ], [ 37.752972, 48.523345 ] ] } },
{ "type": "Feature", "properties": { "tessellate": -1, "extrude": 0, "visibility": -1 }, "geometry": { "type": "LineString", "coordinates": [ [ 37.715269, 48.541573 ], [ 37.719414, 48.542164 ], [ 37.721327, 48.542839 ], [ 37.721199, 48.543726 ], [ 37.719924, 48.544612 ], [ 37.72088, 48.54609 ], [ 37.72681, 48.545076 ], [ 37.727576, 48.543515 ], [ 37.72477, 48.542797 ], [ 37.724961, 48.541657 ], [ 37.727456, 48.539884 ], [ 37.733435, 48.539157 ], [ 37.736452, 48.537087 ], [ 37.740237, 48.536506 ] ] } },
{ "type": "Feature", "properties": { "tessellate": -1, "extrude": 0, "visibility": -1 }, "geometry": { "type": "LineString", "coordinates": [ [ 37.730509, 48.538195 ], [ 37.725408, 48.540053 ], [ 37.723048, 48.542206 ], [ 37.721837, 48.541868 ], [ 37.721327, 48.542839 ] ] } },
{ "type": "Feature", "properties": { "tessellate": -1, "extrude": 0, "visibility": -1 }, "geometry": { "type": "LineString", "coordinates": [ [ 37.705695, 48.54975 ], [ 37.708447, 48.547972 ], [ 37.717777, 48.54775 ], [ 37.72088, 48.54609 ] ] } },
{ "type": "Feature", "properties": { "tessellate": -1, "extrude": 0, "visibility": -1 }, "geometry": { "type": "LineString", "coordinates": [ [ 37.736302, 48.546861 ], [ 37.736034, 48.544817 ], [ 37.737913, 48.540285 ], [ 37.740127, 48.537269 ] ] } },
{ "type": "Feature", "properties": { "tessellate": -1, "extrude": 0, "visibility": -1 }, "geometry": { "type": "LineString", "coordinates": [ [ 37.735027, 48.557702 ], [ 37.737041, 48.556103 ], [ 37.737443, 48.554903 ] ] } },
{ "type": "Feature", "properties": { "tessellate": -1, "extrude": 0, "visibility": -1 }, "geometry": { "type": "LineString", "coordinates": [ [ 37.686617, 48.576239 ], [ 37.689467, 48.57346 ], [ 37.690367, 48.572071 ], [ 37.69368, 48.56903 ], [ 37.69415, 48.567919 ], [ 37.694821, 48.56592 ], [ 37.696365, 48.562989 ], [ 37.699654, 48.559035 ], [ 37.706433, 48.556903 ], [ 37.707642, 48.555348 ], [ 37.712944, 48.554548 ] ] } },
{ "type": "Feature", "properties": { "tessellate": -1, "extrude": 0, "visibility": -1 }, "geometry": { "type": "LineString", "coordinates": [ [ 37.657371, 48.576537 ], [ 37.657896, 48.573361 ], [ 37.659096, 48.570235 ], [ 37.659171, 48.569441 ] ] } },
{ "type": "Feature", "properties": { "tessellate": -1, "extrude": 0, "visibility": -1 }, "geometry": { "type": "LineString", "coordinates": [ [ 37.659846, 48.591071 ], [ 37.657821, 48.588244 ], [ 37.656097, 48.584623 ], [ 37.655722, 48.58378 ], [ 37.654372, 48.581597 ] ] } },
{ "type": "Feature", "properties": { "tessellate": -1, "extrude": 0, "visibility": -1 }, "geometry": { "type": "LineString", "coordinates": [ [ 37.661721, 48.595188 ], [ 37.66382, 48.593403 ] ] } },
{ "type": "Feature", "properties": { "tessellate": -1, "extrude": 0, "visibility": -1 }, "geometry": { "type": "LineString", "coordinates": [ [ 37.536937, 48.372799 ], [ 37.539162, 48.372503 ], [ 37.540179, 48.371109 ], [ 37.540179, 48.369843 ], [ 37.538653, 48.369167 ], [ 37.539289, 48.36828 ], [ 37.541005, 48.368069 ], [ 37.545424, 48.36147 ], [ 37.545899, 48.360207 ], [ 37.546846, 48.359474 ], [ 37.54835, 48.357771 ], [ 37.548685, 48.356365 ], [ 37.548518, 48.355365 ], [ 37.548685, 48.354588 ], [ 37.549465, 48.353218 ], [ 37.549353, 48.352145 ], [ 37.548829, 48.350469 ], [ 37.547099, 48.349247 ], [ 37.546579, 48.349156 ], [ 37.54547, 48.349592 ], [ 37.545268, 48.349625 ], [ 37.544057, 48.349123 ], [ 37.541636, 48.348486 ] ] } },
{ "type": "Feature", "properties": { "tessellate": -1, "extrude": 0, "visibility": -1 }, "geometry": { "type": "LineString", "coordinates": [ [ 37.614164, 48.425775 ], [ 37.613797, 48.427233 ], [ 37.607959, 48.429332 ], [ 37.600255, 48.428679 ], [ 37.598042, 48.429984 ], [ 37.595912, 48.429713 ], [ 37.59501, 48.428734 ], [ 37.587307, 48.426939 ], [ 37.586241, 48.426069 ], [ 37.584357, 48.426069 ], [ 37.583045, 48.425525 ], [ 37.579603, 48.42509 ], [ 37.575035, 48.422793 ], [ 37.568834, 48.421764 ], [ 37.566121, 48.418484 ], [ 37.562051, 48.416298 ], [ 37.558853, 48.415076 ], [ 37.554784, 48.415076 ], [ 37.551683, 48.411731 ], [ 37.549758, 48.409931 ], [ 37.5468, 48.407543 ], [ 37.54624, 48.406641 ], [ 37.542722, 48.405155 ], [ 37.542402, 48.404995 ], [ 37.540643, 48.40266 ], [ 37.53594, 48.39821 ], [ 37.535121, 48.395869 ], [ 37.536842, 48.393529 ], [ 37.53799, 48.388303 ], [ 37.53874, 48.387574 ], [ 37.538925, 48.38701 ], [ 37.539257, 48.385514 ], [ 37.539368, 48.383381 ], [ 37.539552, 48.382669 ], [ 37.539737, 48.381762 ], [ 37.539368, 48.381198 ] ] } },
{ "type": "Feature", "properties": { "tessellate": -1, "extrude": 0, "visibility": -1 }, "geometry": { "type": "LineString", "coordinates": [ [ 37.652616, 48.428205 ], [ 37.645109, 48.428812 ], [ 37.628537, 48.427233 ], [ 37.626706, 48.428752 ], [ 37.62515, 48.42778 ], [ 37.613797, 48.427233 ] ] } },
{ "type": "Feature", "properties": { "tessellate": -1, "extrude": 0, "visibility": -1 }, "geometry": { "type": "LineString", "coordinates": [ [ 37.613111, 48.41578 ], [ 37.613017, 48.415157 ], [ 37.6102, 48.415344 ], [ 37.599968, 48.415656 ], [ 37.588234, 48.418896 ], [ 37.58523, 48.418896 ], [ 37.574716, 48.41684 ], [ 37.561386, 48.410983 ], [ 37.553313, 48.405748 ] ] } },
{ "type": "Feature", "properties": { "tessellate": -1, "extrude": 0, "visibility": -1 }, "geometry": { "type": "LineString", "coordinates": [ [ 37.670494, 48.404039 ], [ 37.665497, 48.403956 ], [ 37.659869, 48.40949 ], [ 37.650339, 48.412172 ], [ 37.640809, 48.414166 ], [ 37.634697, 48.413409 ], [ 37.624912, 48.413523 ], [ 37.622541, 48.414933 ], [ 37.613017, 48.415157 ], [ 37.613009, 48.414605 ] ] } },
{ "type": "Feature", "properties": { "tessellate": -1, "extrude": 0, "visibility": -1 }, "geometry": { "type": "LineString", "coordinates": [ [ 37.706494, 48.662691 ], [ 37.707842, 48.657998 ], [ 37.705289, 48.651789 ], [ 37.703422, 48.650293 ], [ 37.699605, 48.647111 ], [ 37.696789, 48.64417 ], [ 37.697334, 48.642909 ], [ 37.696789, 48.641348 ], [ 37.69161, 48.641168 ], [ 37.691337, 48.640687 ], [ 37.694881, 48.637565 ], [ 37.697152, 48.633422 ], [ 37.698424, 48.6306 ] ] } },
{ "type": "Feature", "properties": { "tessellate": -1, "extrude": 0, "visibility": -1 }, "geometry": { "type": "LineString", "coordinates": [ [ 37.756231, 48.652981 ], [ 37.747778, 48.656623 ], [ 37.742511, 48.65638 ] ] } },
{ "type": "Feature", "properties": { "tessellate": -1, "extrude": 0, "visibility": -1 }, "geometry": { "type": "LineString", "coordinates": [ [ 37.787461, 48.64378 ], [ 37.788858, 48.64378 ], [ 37.789186, 48.643074 ], [ 37.788858, 48.641716 ], [ 37.790259, 48.636311 ], [ 37.787821, 48.626644 ], [ 37.789771, 48.620627 ] ] } },
{ "type": "Feature", "properties": { "tessellate": -1, "extrude": 0, "visibility": -1 }, "geometry": { "type": "LineString", "coordinates": [ [ 37.789597, 48.651815 ], [ 37.789022, 48.648232 ], [ 37.788036, 48.645191 ], [ 37.788858, 48.64378 ] ] } },
{ "type": "Feature", "properties": { "tessellate": -1, "extrude": 0, "visibility": -1 }, "geometry": { "type": "LineString", "coordinates": [ [ 37.764773, 48.710571 ], [ 37.766188, 48.709824 ], [ 37.76831, 48.70609 ], [ 37.769384, 48.699587 ], [ 37.770942, 48.697016 ], [ 37.770831, 48.695988 ], [ 37.771944, 48.694151 ], [ 37.771276, 48.686363 ], [ 37.7693, 48.67944 ], [ 37.769793, 48.672603 ], [ 37.771929, 48.66799 ], [ 37.776285, 48.6713 ], [ 37.780969, 48.673851 ], [ 37.784009, 48.673688 ], [ 37.787378, 48.671409 ], [ 37.790583, 48.665656 ], [ 37.797404, 48.662508 ] ] } },
{ "type": "Feature", "properties": { "tessellate": -1, "extrude": 0, "visibility": -1 }, "geometry": { "type": "LineString", "coordinates": [ [ 37.751674, 48.739201 ], [ 37.751674, 48.737013 ], [ 37.75226, 48.733924 ], [ 37.754406, 48.730578 ], [ 37.76251, 48.718599 ], [ 37.76251, 48.717292 ], [ 37.765056, 48.714772 ], [ 37.766188, 48.709824 ] ] } },
{ "type": "Feature", "properties": { "tessellate": -1, "extrude": 0, "visibility": -1 }, "geometry": { "type": "LineString", "coordinates": [ [ 37.801779, 48.699381 ], [ 37.801565, 48.697216 ] ] } },
{ "type": "Feature", "properties": { "tessellate": -1, "extrude": 0, "visibility": -1 }, "geometry": { "type": "LineString", "coordinates": [ [ 37.804275, 48.705359 ], [ 37.808198, 48.710442 ], [ 37.806673, 48.716259 ], [ 37.805879, 48.720346 ], [ 37.798415, 48.730612 ], [ 37.80048, 48.736373 ], [ 37.800956, 48.739934 ], [ 37.801541, 48.744529 ], [ 37.800538, 48.746761 ], [ 37.802795, 48.749158 ], [ 37.798783, 48.753869 ], [ 37.799661, 48.757175 ], [ 37.796025, 48.759324 ], [ 37.792617, 48.764237 ], [ 37.792719, 48.766064 ], [ 37.781427, 48.773709 ], [ 37.771982, 48.76762 ], [ 37.771571, 48.767417 ] ] } },
{ "type": "Feature", "properties": { "tessellate": -1, "extrude": 0, "visibility": -1 }, "geometry": { "type": "LineString", "coordinates": [ [ 37.796167, 48.75165 ], [ 37.793609, 48.751499 ], [ 37.792035, 48.751759 ], [ 37.790264, 48.751867 ] ] } },
{ "type": "Feature", "properties": { "tessellate": -1, "extrude": 0, "visibility": -1 }, "geometry": { "type": "LineString", "coordinates": [ [ 37.909523, 48.837756 ], [ 37.910952, 48.837756 ], [ 37.912382, 48.83695 ], [ 37.916669, 48.827946 ], [ 37.917281, 48.825123 ], [ 37.918915, 48.820687 ], [ 37.918506, 48.817999 ], [ 37.915852, 48.814235 ], [ 37.906665, 48.813697 ], [ 37.900419, 48.809253 ], [ 37.899478, 48.806507 ], [ 37.893694, 48.802343 ], [ 37.88253, 48.794635 ], [ 37.873653, 48.795964 ], [ 37.868407, 48.796761 ], [ 37.855629, 48.795255 ], [ 37.854284, 48.795698 ], [ 37.849442, 48.795078 ], [ 37.842313, 48.791799 ], [ 37.836529, 48.786482 ], [ 37.831015, 48.780278 ] ] } },
{ "type": "Feature", "properties": { "tessellate": -1, "extrude": 0, "visibility": -1 }, "geometry": { "type": "LineString", "coordinates": [ [ 37.854236, 48.8545 ], [ 37.856835, 48.852287 ] ] } },
{ "type": "Feature", "properties": { "tessellate": -1, "extrude": 0, "visibility": -1 }, "geometry": { "type": "LineString", "coordinates": [ [ 37.850415, 48.859478 ], [ 37.850568, 48.856964 ], [ 37.85095, 48.855807 ] ] } },
{ "type": "Feature", "properties": { "tessellate": -1, "extrude": 0, "visibility": -1 }, "geometry": { "type": "LineString", "coordinates": [ [ 37.758739, 48.767282 ], [ 37.759458, 48.762816 ] ] } },
{ "type": "Feature", "properties": { "tessellate": -1, "extrude": 0, "visibility": -1 }, "geometry": { "type": "LineString", "coordinates": [ [ 37.758636, 48.768838 ], [ 37.768286, 48.782504 ], [ 37.781119, 48.794476 ], [ 37.782351, 48.796707 ], [ 37.793027, 48.797316 ], [ 37.801548, 48.798127 ], [ 37.804833, 48.798804 ], [ 37.80473, 48.805295 ], [ 37.820271, 48.822362 ], [ 37.824319, 48.824855 ], [ 37.827974, 48.828379 ], [ 37.829672, 48.828121 ] ] } },
{ "type": "Feature", "properties": { "tessellate": -1, "extrude": 0, "visibility": -1 }, "geometry": { "type": "LineString", "coordinates": [ [ 37.820292, 48.879562 ], [ 37.822339, 48.877158 ], [ 37.82307, 48.875331 ], [ 37.8238, 48.871004 ], [ 37.826103, 48.864225 ], [ 37.826219, 48.861844 ], [ 37.82727, 48.857621 ], [ 37.827036, 48.856163 ], [ 37.826681, 48.851575 ], [ 37.824427, 48.848675 ], [ 37.824837, 48.838222 ], [ 37.826067, 48.835321 ], [ 37.82471, 48.833277 ], [ 37.825755, 48.830098 ], [ 37.827974, 48.828379 ] ] } },
{ "type": "Feature", "properties": { "tessellate": -1, "extrude": 0, "visibility": -1 }, "geometry": { "type": "LineString", "coordinates": [ [ 37.796171, 48.862446 ], [ 37.796756, 48.861292 ], [ 37.801434, 48.857733 ], [ 37.809766, 48.851673 ], [ 37.811813, 48.851096 ] ] } },
{ "type": "Feature", "properties": { "tessellate": -1, "extrude": 0, "visibility": -1 }, "geometry": { "type": "LineString", "coordinates": [ [ 37.874406, 48.992018 ], [ 37.87413, 48.992834 ], [ 37.883246, 48.993015 ], [ 37.887943, 48.989299 ], [ 37.891122, 48.982376 ] ] } },
{ "type": "Feature", "properties": { "tessellate": -1, "extrude": 0, "visibility": -1 }, "geometry": { "type": "LineString", "coordinates": [ [ 37.74532, 49.03095 ], [ 37.758386, 49.034349 ], [ 37.768341, 49.03666 ], [ 37.780991, 49.041555 ], [ 37.794264, 49.040875 ], [ 37.811685, 49.0387 ], [ 37.814174, 49.036932 ], [ 37.818736, 49.03734 ], [ 37.826825, 49.036388 ], [ 37.833461, 49.033941 ], [ 37.836157, 49.030678 ], [ 37.83595, 49.024422 ], [ 37.839268, 49.018438 ], [ 37.843416, 49.01735 ], [ 37.854101, 49.014038 ], [ 37.856173, 49.0144 ], [ 37.85783, 49.0144 ], [ 37.86004, 49.012589 ], [ 37.861145, 49.00978 ], [ 37.86446, 49.007605 ], [ 37.87261, 49.002893 ], [ 37.87413, 48.992834 ] ] } },
{ "type": "Feature", "properties": { "tessellate": -1, "extrude": 0, "visibility": -1 }, "geometry": { "type": "LineString", "coordinates": [ [ 37.926055, 48.994639 ], [ 37.926752, 48.995477 ], [ 37.926752, 48.996469 ], [ 37.930239, 48.995477 ], [ 37.933609, 48.995172 ], [ 37.935585, 48.994257 ], [ 37.939885, 48.994257 ] ] } },
{ "type": "Feature", "properties": { "tessellate": -1, "extrude": 0, "visibility": -1 }, "geometry": { "type": "LineString", "coordinates": [ [ 37.923033, 49.00417 ], [ 37.923382, 49.002035 ], [ 37.926752, 48.996469 ] ] } },
{ "type": "Feature", "properties": { "tessellate": -1, "extrude": 0, "visibility": -1 }, "geometry": { "type": "LineString", "coordinates": [ [ 37.920942, 49.004398 ], [ 37.921058, 49.008439 ], [ 37.920244, 49.009277 ], [ 37.921523, 49.010116 ], [ 37.919663, 49.01751 ], [ 37.920244, 49.019034 ], [ 37.920244, 49.021321 ], [ 37.918733, 49.022769 ], [ 37.911063, 49.025969 ], [ 37.905252, 49.027951 ], [ 37.905485, 49.028103 ] ] } },
{ "type": "Feature", "properties": { "tessellate": -1, "extrude": 0, "visibility": -1 }, "geometry": { "type": "LineString", "coordinates": [ [ 37.900836, 49.034199 ], [ 37.900255, 49.032446 ], [ 37.900836, 49.030313 ], [ 37.905252, 49.027951 ] ] } },
{ "type": "Feature", "properties": { "tessellate": -1, "extrude": 0, "visibility": -1 }, "geometry": { "type": "LineString", "coordinates": [ [ 37.740102, 49.036068 ], [ 37.747995, 49.034675 ], [ 37.751766, 49.036803 ], [ 37.755868, 49.040783 ], [ 37.757344, 49.045514 ], [ 37.766367, 49.050245 ], [ 37.769156, 49.050353 ], [ 37.771475, 49.051394 ], [ 37.779506, 49.052333 ], [ 37.787449, 49.052547 ], [ 37.792345, 49.055827 ], [ 37.802533, 49.058871 ], [ 37.812723, 49.061439 ], [ 37.82399, 49.0633 ], [ 37.835606, 49.062404 ], [ 37.852067, 49.062476 ], [ 37.858784, 49.061743 ], [ 37.867749, 49.060753 ], [ 37.884169, 49.055868 ], [ 37.889911, 49.052039 ], [ 37.892832, 49.049068 ], [ 37.893033, 49.045041 ] ] } },
{ "type": "Feature", "properties": { "tessellate": -1, "extrude": 0, "visibility": -1 }, "geometry": { "type": "LineString", "coordinates": [ [ 37.749663, 49.079812 ], [ 37.761697, 49.073325 ], [ 37.768156, 49.068967 ], [ 37.757311, 49.063692 ], [ 37.7591, 49.059663 ], [ 37.761559, 49.057611 ], [ 37.759323, 49.053728 ], [ 37.765473, 49.053361 ], [ 37.771475, 49.051394 ] ] } },
{ "type": "Feature", "properties": { "tessellate": -1, "extrude": 0, "visibility": -1 }, "geometry": { "type": "LineString", "coordinates": [ [ 37.599584, 49.156636 ], [ 37.598851, 49.157168 ], [ 37.594781, 49.158446 ], [ 37.593723, 49.158446 ] ] } },
{ "type": "Feature", "properties": { "tessellate": -1, "extrude": 0, "visibility": -1 }, "geometry": { "type": "LineString", "coordinates": [ [ 37.600317, 49.17383 ], [ 37.601131, 49.177449 ], [ 37.600887, 49.179205 ], [ 37.600887, 49.182238 ], [ 37.601864, 49.185165 ], [ 37.606015, 49.186602 ], [ 37.609272, 49.186761 ], [ 37.619448, 49.189262 ], [ 37.6236, 49.191018 ], [ 37.627019, 49.191975 ], [ 37.631432, 49.200032 ], [ 37.634323, 49.203484 ], [ 37.634921, 49.205307 ], [ 37.633525, 49.206935 ], [ 37.633326, 49.208953 ], [ 37.632529, 49.211232 ], [ 37.632767, 49.227976 ], [ 37.633258, 49.230331 ], [ 37.633258, 49.231723 ], [ 37.627684, 49.233972 ], [ 37.619485, 49.235471 ], [ 37.616206, 49.240716 ], [ 37.622216, 49.248917 ], [ 37.630539, 49.254243 ], [ 37.636928, 49.256877 ], [ 37.638778, 49.25995 ], [ 37.641804, 49.260279 ], [ 37.647521, 49.258962 ], [ 37.654919, 49.25995 ], [ 37.666639, 49.274883 ], [ 37.665676, 49.276266 ], [ 37.675121, 49.288464 ] ] } },
{ "type": "Feature", "properties": { "tessellate": -1, "extrude": 0, "visibility": -1 }, "geometry": { "type": "LineString", "coordinates": [ [ 37.612278, 49.350253 ], [ 37.616386, 49.350857 ], [ 37.628842, 49.351461 ], [ 37.645538, 49.353533 ], [ 37.647659, 49.36553 ], [ 37.647791, 49.368377 ] ] } },
{ "type": "Feature", "properties": { "tessellate": -1, "extrude": 0, "visibility": -1 }, "geometry": { "type": "LineString", "coordinates": [ [ 37.645549, 49.370107 ], [ 37.6459, 49.370427 ] ] } },
{ "type": "Feature", "properties": { "tessellate": -1, "extrude": 0, "visibility": -1 }, "geometry": { "type": "LineString", "coordinates": [ [ 37.682692, 49.361505 ], [ 37.684622, 49.365678 ], [ 37.686344, 49.369088 ], [ 37.689996, 49.373754 ] ] } },
{ "type": "Feature", "properties": { "tessellate": -1, "extrude": 0, "visibility": -1 }, "geometry": { "type": "LineString", "coordinates": [ [ 37.695991, 49.377344 ], [ 37.696404, 49.38156 ], [ 37.696887, 49.388423 ], [ 37.696019, 49.393141 ], [ 37.695753, 49.393545 ] ] } },
{ "type": "Feature", "properties": { "tessellate": -1, "extrude": 0, "visibility": -1 }, "geometry": { "type": "LineString", "coordinates": [ [ 37.662729, 49.3911 ], [ 37.653247, 49.394916 ] ] } },
{ "type": "Feature", "properties": { "tessellate": -1, "extrude": 0, "visibility": -1 }, "geometry": { "type": "LineString", "coordinates": [ [ 37.642386, 49.396225 ], [ 37.632732, 49.397908 ] ] } },
{ "type": "Feature", "properties": { "tessellate": -1, "extrude": 0, "visibility": -1 }, "geometry": { "type": "LineString", "coordinates": [ [ 37.633249, 49.399254 ], [ 37.631065, 49.400039 ] ] } },
{ "type": "Feature", "properties": { "tessellate": -1, "extrude": 0, "visibility": -1 }, "geometry": { "type": "LineString", "coordinates": [ [ 37.629629, 49.395738 ], [ 37.633766, 49.390053 ], [ 37.629858, 49.390839 ], [ 37.626698, 49.392223 ] ] } },
{ "type": "Feature", "properties": { "tessellate": -1, "extrude": 0, "visibility": -1 }, "geometry": { "type": "LineString", "coordinates": [ [ 37.64842, 49.378157 ], [ 37.64842, 49.388033 ], [ 37.633766, 49.390053 ] ] } },
{ "type": "Feature", "properties": { "tessellate": -1, "extrude": 0, "visibility": -1 }, "geometry": { "type": "LineString", "coordinates": [ [ 37.608702, 49.394819 ], [ 37.612349, 49.401481 ], [ 37.618938, 49.400294 ] ] } },
{ "type": "Feature", "properties": { "tessellate": -1, "extrude": 0, "visibility": -1 }, "geometry": { "type": "LineString", "coordinates": [ [ 37.57765, 49.418567 ], [ 37.583393, 49.417866 ], [ 37.588347, 49.416325 ], [ 37.588563, 49.416232 ], [ 37.596029, 49.415951 ], [ 37.599763, 49.417539 ], [ 37.60364, 49.417913 ], [ 37.606152, 49.417913 ], [ 37.607014, 49.417586 ] ] } },
{ "type": "Feature", "properties": { "tessellate": -1, "extrude": 0, "visibility": -1 }, "geometry": { "type": "LineString", "coordinates": [ [ 37.769427, 49.327019 ], [ 37.777741, 49.330505 ], [ 37.778376, 49.333887 ], [ 37.780751, 49.338464 ] ] } },
{ "type": "Feature", "properties": { "tessellate": -1, "extrude": 0, "visibility": -1 }, "geometry": { "type": "LineString", "coordinates": [ [ 37.780252, 49.329398 ], [ 37.785743, 49.335049 ] ] } },
{ "type": "Feature", "properties": { "tessellate": -1, "extrude": 0, "visibility": -1 }, "geometry": { "type": "LineString", "coordinates": [ [ 37.79585, 49.339115 ], [ 37.79741, 49.342448 ], [ 37.798698, 49.346347 ] ] } },
{ "type": "Feature", "properties": { "tessellate": -1, "extrude": 0, "visibility": -1 }, "geometry": { "type": "LineString", "coordinates": [ [ 37.7954, 49.348853 ], [ 37.795479, 49.354325 ], [ 37.795793, 49.354939 ], [ 37.796264, 49.3577 ] ] } },
{ "type": "Feature", "properties": { "tessellate": -1, "extrude": 0, "visibility": -1 }, "geometry": { "type": "LineString", "coordinates": [ [ 37.795008, 49.36813 ], [ 37.795479, 49.374009 ] ] } },
{ "type": "Feature", "properties": { "tessellate": -1, "extrude": 0, "visibility": -1 }, "geometry": { "type": "LineString", "coordinates": [ [ 37.797206, 49.380859 ], [ 37.79752, 49.382903 ], [ 37.795322, 49.389036 ] ] } },
{ "type": "Feature", "properties": { "tessellate": -1, "extrude": 0, "visibility": -1 }, "geometry": { "type": "LineString", "coordinates": [ [ 37.794223, 49.388116 ], [ 37.789434, 49.388729 ] ] } },
{ "type": "Feature", "properties": { "tessellate": -1, "extrude": 0, "visibility": -1 }, "geometry": { "type": "LineString", "coordinates": [ [ 37.78386, 49.389751 ], [ 37.779777, 49.390109 ] ] } },
{ "type": "Feature", "properties": { "tessellate": -1, "extrude": 0, "visibility": -1 }, "geometry": { "type": "LineString", "coordinates": [ [ 37.779542, 49.387707 ], [ 37.777658, 49.388831 ], [ 37.77334, 49.390058 ] ] } },
{ "type": "Feature", "properties": { "tessellate": -1, "extrude": 0, "visibility": -1 }, "geometry": { "type": "LineString", "coordinates": [ [ 37.766588, 49.393021 ], [ 37.750243, 49.400115 ] ] } },
{ "type": "Feature", "properties": { "tessellate": -1, "extrude": 0, "visibility": -1 }, "geometry": { "type": "LineString", "coordinates": [ [ 37.747546, 49.399814 ], [ 37.752103, 49.40404 ] ] } },
{ "type": "Feature", "properties": { "tessellate": -1, "extrude": 0, "visibility": -1 }, "geometry": { "type": "LineString", "coordinates": [ [ 37.754003, 49.405276 ], [ 37.754403, 49.406805 ], [ 37.755953, 49.409472 ] ] } },
{ "type": "Feature", "properties": { "tessellate": -1, "extrude": 0, "visibility": -1 }, "geometry": { "type": "LineString", "coordinates": [ [ 37.758502, 49.413213 ], [ 37.758752, 49.416921 ], [ 37.760406, 49.426506 ] ] } },
{ "type": "Feature", "properties": { "tessellate": -1, "extrude": 0, "visibility": -1 }, "geometry": { "type": "LineString", "coordinates": [ [ 37.760208, 49.436578 ], [ 37.75777, 49.439963 ], [ 37.756255, 49.441291 ] ] } },
{ "type": "Feature", "properties": { "tessellate": -1, "extrude": 0, "visibility": -1 }, "geometry": { "type": "LineString", "coordinates": [ [ 37.739912, 49.441634 ], [ 37.733058, 49.440606 ] ] } },
{ "type": "Feature", "properties": { "tessellate": -1, "extrude": 0, "visibility": -1 }, "geometry": { "type": "LineString", "coordinates": [ [ 37.726357, 49.446591 ], [ 37.72031, 49.443899 ], [ 37.716211, 49.442897 ], [ 37.712193, 49.442342 ], [ 37.716049, 49.443583 ] ] } },
{ "type": "Feature", "properties": { "tessellate": -1, "extrude": 0, "visibility": -1 }, "geometry": { "type": "LineString", "coordinates": [ [ 37.706186, 49.440205 ], [ 37.712193, 49.442342 ] ] } },
{ "type": "Feature", "properties": { "tessellate": -1, "extrude": 0, "visibility": -1 }, "geometry": { "type": "LineString", "coordinates": [ [ 37.70574, 49.440601 ], [ 37.695675, 49.439334 ], [ 37.683144, 49.438998 ], [ 37.677839, 49.439701 ], [ 37.67057, 49.440851 ], [ 37.664283, 49.441425 ], [ 37.663223, 49.44117 ], [ 37.662032, 49.441621 ], [ 37.66039, 49.44165 ], [ 37.654056, 49.442608 ] ] } },
{ "type": "Feature", "properties": { "tessellate": -1, "extrude": 0, "visibility": -1 }, "geometry": { "type": "LineString", "coordinates": [ [ 37.687129, 49.480694 ], [ 37.685114, 49.481494 ], [ 37.684106, 49.480767 ], [ 37.682875, 49.480912 ], [ 37.681532, 49.481603 ], [ 37.680804, 49.481712 ], [ 37.679573, 49.482367 ], [ 37.678734, 49.483567 ], [ 37.67767, 49.484258 ], [ 37.676887, 49.485239 ], [ 37.674984, 49.486548 ], [ 37.673697, 49.487021 ], [ 37.671514, 49.488293 ] ] } },
{ "type": "Feature", "properties": { "tessellate": -1, "extrude": 0, "visibility": -1 }, "geometry": { "type": "LineString", "coordinates": [ [ 37.743349, 49.599321 ], [ 37.748306, 49.59989 ], [ 37.746988, 49.602045 ], [ 37.742659, 49.603143 ], [ 37.743412, 49.607128 ], [ 37.748946, 49.61625 ], [ 37.750781, 49.620465 ], [ 37.756954, 49.621762 ], [ 37.762293, 49.625113 ] ] } },
{ "type": "Feature", "properties": { "tessellate": -1, "extrude": 0, "visibility": -1 }, "geometry": { "type": "LineString", "coordinates": [ [ 37.764462, 49.629435 ], [ 37.763794, 49.633326 ], [ 37.764629, 49.637972 ], [ 37.776808, 49.63754 ], [ 37.781813, 49.638944 ], [ 37.782002, 49.645564 ], [ 37.782983, 49.650485 ] ] } },
{ "type": "Feature", "properties": { "tessellate": -1, "extrude": 0, "visibility": -1 }, "geometry": { "type": "LineString", "coordinates": [ [ 37.794384, 49.65366 ], [ 37.797081, 49.661437 ], [ 37.80048, 49.667718 ], [ 37.803534, 49.667279 ], [ 37.808453, 49.676282 ], [ 37.807944, 49.679794 ] ] } },
{ "type": "Feature", "properties": { "tessellate": -1, "extrude": 0, "visibility": -1 }, "geometry": { "type": "LineString", "coordinates": [ [ 37.830474, 49.680892 ], [ 37.82987, 49.682161 ], [ 37.826702, 49.683527 ], [ 37.822176, 49.684747 ], [ 37.815613, 49.684943 ], [ 37.811917, 49.685138 ], [ 37.811011, 49.684845 ] ] } },
{ "type": "Feature", "properties": { "tessellate": -1, "extrude": 0, "visibility": -1 }, "geometry": { "type": "LineString", "coordinates": [ [ 37.810936, 49.688896 ], [ 37.810861, 49.687725 ], [ 37.811917, 49.685138 ] ] } },
{ "type": "Feature", "properties": { "tessellate": -1, "extrude": 0, "visibility": -1 }, "geometry": { "type": "LineString", "coordinates": [ [ 37.710771, 49.63243 ], [ 37.710254, 49.642473 ] ] } },
{ "type": "Feature", "properties": { "tessellate": -1, "extrude": 0, "visibility": -1 }, "geometry": { "type": "LineString", "coordinates": [ [ 37.691645, 49.633769 ], [ 37.695485, 49.641995 ], [ 37.701171, 49.649932 ], [ 37.703811, 49.651528 ], [ 37.7094, 49.65652 ], [ 37.709882, 49.659639 ] ] } },
{ "type": "Feature", "properties": { "tessellate": -1, "extrude": 0, "visibility": -1 }, "geometry": { "type": "LineString", "coordinates": [ [ 37.70834, 49.649157 ], [ 37.709882, 49.653587 ] ] } },
{ "type": "Feature", "properties": { "tessellate": -1, "extrude": 0, "visibility": -1 }, "geometry": { "type": "LineString", "coordinates": [ [ 37.719905, 49.663756 ], [ 37.720483, 49.66675 ], [ 37.719808, 49.670056 ] ] } },
{ "type": "Feature", "properties": { "tessellate": -1, "extrude": 0, "visibility": -1 }, "geometry": { "type": "LineString", "coordinates": [ [ 37.776102, 49.713893 ], [ 37.772966, 49.714966 ], [ 37.771306, 49.715741 ], [ 37.769, 49.715562 ], [ 37.765956, 49.716994 ], [ 37.763651, 49.716994 ], [ 37.762175, 49.717113 ] ] } },
{ "type": "Feature", "properties": { "tessellate": -1, "extrude": 0, "visibility": -1 }, "geometry": { "type": "LineString", "coordinates": [ [ 37.716613, 49.729515 ], [ 37.723991, 49.729515 ], [ 37.724452, 49.729396 ], [ 37.733491, 49.729396 ], [ 37.736073, 49.729575 ], [ 37.747602, 49.729515 ] ] } },
{ "type": "Feature", "properties": { "tessellate": -1, "extrude": 0, "visibility": -1 }, "geometry": { "type": "LineString", "coordinates": [ [ 37.748248, 49.73333 ], [ 37.748894, 49.738815 ], [ 37.748894, 49.739828 ], [ 37.749631, 49.740543 ] ] } },
{ "type": "Feature", "properties": { "tessellate": -1, "extrude": 0, "visibility": -1 }, "geometry": { "type": "LineString", "coordinates": [ [ 37.708773, 49.738338 ], [ 37.703608, 49.738755 ], [ 37.700195, 49.738874 ], [ 37.700103, 49.740007 ], [ 37.694293, 49.746861 ], [ 37.69005, 49.750377 ] ] } },
{ "type": "Feature", "properties": { "tessellate": -1, "extrude": 0, "visibility": -1 }, "geometry": { "type": "LineString", "coordinates": [ [ 37.690972, 49.747814 ], [ 37.688297, 49.747814 ] ] } },
{ "type": "Feature", "properties": { "tessellate": -1, "extrude": 0, "visibility": -1 }, "geometry": { "type": "LineString", "coordinates": [ [ 37.677414, 49.75288 ], [ 37.676492, 49.753118 ], [ 37.675293, 49.75282 ] ] } },
{ "type": "Feature", "properties": { "tessellate": -1, "extrude": 0, "visibility": -1 }, "geometry": { "type": "LineString", "coordinates": [ [ 36.339842, 47.677119 ], [ 36.340817, 47.677447 ], [ 36.338134, 47.680158 ], [ 36.337402, 47.683196 ], [ 36.335816, 47.684756 ], [ 36.334231, 47.692968 ], [ 36.337036, 47.695677 ], [ 36.337524, 47.699289 ], [ 36.33789, 47.702573 ], [ 36.334597, 47.704379 ], [ 36.330083, 47.704297 ] ] } },
{ "type": "Feature", "properties": { "tessellate": -1, "extrude": 0, "visibility": -1 }, "geometry": { "type": "LineString", "coordinates": [ [ 36.345888, 47.724467 ], [ 36.353893, 47.727641 ], [ 36.360045, 47.728378 ], [ 36.362657, 47.729568 ], [ 36.367208, 47.729172 ], [ 36.37041, 47.730815 ], [ 36.373865, 47.730362 ], [ 36.37673, 47.731439 ], [ 36.380522, 47.731382 ], [ 36.383387, 47.732629 ], [ 36.387095, 47.732232 ], [ 36.392067, 47.733536 ], [ 36.396625, 47.733276 ], [ 36.39903, 47.734027 ], [ 36.404011, 47.733796 ], [ 36.411053, 47.734547 ], [ 36.419641, 47.734951 ], [ 36.423591, 47.736395 ], [ 36.430288, 47.738847 ], [ 36.43202, 47.739053 ], [ 36.436503, 47.740492 ], [ 36.439764, 47.740697 ], [ 36.44496, 47.742068 ], [ 36.448221, 47.742068 ], [ 36.451685, 47.743301 ], [ 36.45464, 47.743096 ] ] } },
{ "type": "Feature", "properties": { "tessellate": -1, "extrude": 0, "visibility": -1 }, "geometry": { "type": "LineString", "coordinates": [ [ 36.257251, 47.634601 ], [ 36.257012, 47.635488 ] ] } },
{ "type": "Feature", "properties": { "tessellate": -1, "extrude": 0, "visibility": -1 }, "geometry": { "type": "LineString", "coordinates": [ [ 36.256593, 47.636012 ], [ 36.257281, 47.636072 ] ] } },
{ "type": "Feature", "properties": { "tessellate": -1, "extrude": 0, "visibility": -1 }, "geometry": { "type": "LineString", "coordinates": [ [ 36.258062, 47.629958 ], [ 36.258191, 47.62997 ] ] } },
{ "type": "Feature", "properties": { "tessellate": -1, "extrude": 0, "visibility": -1 }, "geometry": { "type": "LineString", "coordinates": [ [ 36.25797, 47.630375 ], [ 36.258164, 47.630394 ] ] } },
{ "type": "Feature", "properties": { "tessellate": -1, "extrude": 0, "visibility": -1 }, "geometry": { "type": "LineString", "coordinates": [ [ 36.253863, 47.647797 ], [ 36.254939, 47.64786 ] ] } },
{ "type": "Feature", "properties": { "tessellate": -1, "extrude": 0, "visibility": -1 }, "geometry": { "type": "LineString", "coordinates": [ [ 36.254026, 47.648065 ], [ 36.254518, 47.648065 ] ] } },
{ "type": "Feature", "properties": { "tessellate": -1, "extrude": 0, "visibility": -1 }, "geometry": { "type": "LineString", "coordinates": [ [ 36.253863, 47.64909 ], [ 36.254354, 47.649153 ] ] } },
{ "type": "Feature", "properties": { "tessellate": -1, "extrude": 0, "visibility": -1 }, "geometry": { "type": "LineString", "coordinates": [ [ 36.258893, 47.649452 ], [ 36.259876, 47.649579 ] ] } },
{ "type": "Feature", "properties": { "tessellate": -1, "extrude": 0, "visibility": -1 }, "geometry": { "type": "LineString", "coordinates": [ [ 35.337193, 47.578332 ], [ 35.337677, 47.578467 ] ] } },
{ "type": "Feature", "properties": { "tessellate": -1, "extrude": 0, "visibility": -1 }, "geometry": { "type": "LineString", "coordinates": [ [ 35.336679, 47.578755 ], [ 35.337264, 47.578986 ] ] } },
{ "type": "Feature", "properties": { "tessellate": -1, "extrude": 0, "visibility": -1 }, "geometry": { "type": "LineString", "coordinates": [ [ 35.336622, 47.579159 ], [ 35.33705, 47.579351 ] ] } },
{ "type": "Feature", "properties": { "tessellate": -1, "extrude": 0, "visibility": -1 }, "geometry": { "type": "LineString", "coordinates": [ [ 35.338839, 47.575883 ], [ 35.339625, 47.576045 ], [ 35.340514, 47.57729 ], [ 35.343384, 47.578304 ], [ 35.346426, 47.579779 ], [ 35.34875, 47.580171 ], [ 35.354218, 47.579964 ], [ 35.359276, 47.580125 ], [ 35.364026, 47.581047 ], [ 35.36512, 47.581439 ], [ 35.365256, 47.581439 ], [ 35.368571, 47.581854 ], [ 35.368913, 47.582361 ], [ 35.367819, 47.582315 ] ] } },
{ "type": "Feature", "properties": { "tessellate": -1, "extrude": 0, "visibility": -1 }, "geometry": { "type": "LineString", "coordinates": [ [ 35.45854, 47.595763 ], [ 35.458659, 47.594798 ], [ 35.472533, 47.594645 ], [ 35.476339, 47.59545 ], [ 35.484748, 47.599127 ], [ 35.486793, 47.601426 ], [ 35.4939, 47.604813 ], [ 35.495374, 47.607179 ], [ 35.497621, 47.609404 ], [ 35.501692, 47.610682 ], [ 35.520071, 47.612927 ], [ 35.528594, 47.612927 ], [ 35.537448, 47.609301 ], [ 35.542495, 47.606958 ], [ 35.553868, 47.606431 ], [ 35.568254, 47.606311 ], [ 35.570131, 47.606311 ], [ 35.563965, 47.611372 ], [ 35.559676, 47.614082 ], [ 35.548685, 47.613841 ], [ 35.528594, 47.612927 ] ] } },
{ "type": "Feature", "properties": { "tessellate": -1, "extrude": 0, "visibility": -1 }, "geometry": { "type": "LineString", "coordinates": [ [ 35.438654, 47.594372 ], [ 35.442007, 47.593855 ], [ 35.437217, 47.589849 ], [ 35.428212, 47.585264 ], [ 35.421958, 47.584544 ], [ 35.417611, 47.586808 ], [ 35.410442, 47.586808 ], [ 35.4064, 47.588196 ], [ 35.404798, 47.588042 ], [ 35.398817, 47.588096 ], [ 35.393712, 47.588796 ], [ 35.390283, 47.586483 ], [ 35.386454, 47.585568 ], [ 35.383061, 47.582384 ], [ 35.376158, 47.582822 ], [ 35.373903, 47.582407 ], [ 35.368913, 47.582361 ] ] } },
{ "type": "Feature", "properties": { "tessellate": -1, "extrude": 0, "visibility": -1 }, "geometry": { "type": "LineString", "coordinates": [ [ 35.585233, 47.593296 ], [ 35.573705, 47.602274 ], [ 35.570131, 47.606311 ] ] } },
{ "type": "Feature", "properties": { "tessellate": -1, "extrude": 0, "visibility": -1 }, "geometry": { "type": "LineString", "coordinates": [ [ 35.674198, 47.578671 ], [ 35.662721, 47.576997 ], [ 35.658069, 47.578671 ], [ 35.638217, 47.577938 ], [ 35.615574, 47.576369 ], [ 35.609538, 47.58076 ], [ 35.598279, 47.581905 ], [ 35.586662, 47.584617 ], [ 35.575493, 47.58522 ], [ 35.572544, 47.590041 ], [ 35.571382, 47.594742 ], [ 35.570756, 47.603118 ], [ 35.566825, 47.604503 ], [ 35.549042, 47.605467 ], [ 35.542495, 47.606958 ] ] } },
{ "type": "Feature", "properties": { "tessellate": -1, "extrude": 0, "visibility": -1 }, "geometry": { "type": "LineString", "coordinates": [ [ 35.679429, 47.580716 ], [ 35.681155, 47.580328 ], [ 35.684677, 47.58028 ], [ 35.687265, 47.579892 ], [ 35.691003, 47.580231 ], [ 35.694166, 47.577952 ], [ 35.70229, 47.573927 ], [ 35.706028, 47.572423 ], [ 35.710701, 47.572278 ], [ 35.716667, 47.577855 ], [ 35.721843, 47.583674 ], [ 35.7263, 47.57994 ], [ 35.731332, 47.576449 ], [ 35.733154, 47.564654 ], [ 35.733647, 47.557679 ], [ 35.736436, 47.555022 ], [ 35.762784, 47.540979 ], [ 35.766907, 47.539557 ], [ 35.769747, 47.537578 ], [ 35.778175, 47.535475 ] ] } },
{ "type": "Feature", "properties": { "tessellate": -1, "extrude": 0, "visibility": -1 }, "geometry": { "type": "LineString", "coordinates": [ [ 35.758464, 47.542862 ], [ 35.758634, 47.542998 ] ] } },
{ "type": "Feature", "properties": { "tessellate": -1, "extrude": 0, "visibility": -1 }, "geometry": { "type": "LineString", "coordinates": [ [ 35.757999, 47.543175 ], [ 35.758123, 47.543322 ] ] } },
{ "type": "Feature", "properties": { "tessellate": -1, "extrude": 0, "visibility": -1 }, "geometry": { "type": "LineString", "coordinates": [ [ 35.757906, 47.54283 ], [ 35.758154, 47.542715 ] ] } },
{ "type": "Feature", "properties": { "tessellate": -1, "extrude": 0, "visibility": -1 }, "geometry": { "type": "LineString", "coordinates": [ [ 35.784641, 47.533694 ], [ 35.787332, 47.533344 ], [ 35.794368, 47.531737 ], [ 35.798921, 47.531458 ], [ 35.802335, 47.531668 ], [ 35.806991, 47.53055 ], [ 35.81082, 47.530759 ], [ 35.812475, 47.533903 ], [ 35.817132, 47.53537 ], [ 35.817856, 47.537256 ], [ 35.814855, 47.539631 ], [ 35.810302, 47.542355 ], [ 35.810509, 47.543822 ], [ 35.812786, 47.544381 ], [ 35.818063, 47.54473 ], [ 35.82065, 47.545778 ], [ 35.820339, 47.549619 ], [ 35.822512, 47.551924 ] ] } },
{ "type": "Feature", "properties": { "tessellate": -1, "extrude": 0, "visibility": -1 }, "geometry": { "type": "LineString", "coordinates": [ [ 35.818284, 47.549356 ], [ 35.818049, 47.548466 ], [ 35.818237, 47.547165 ] ] } },
{ "type": "Feature", "properties": { "tessellate": -1, "extrude": 0, "visibility": -1 }, "geometry": { "type": "LineString", "coordinates": [ [ 35.816214, 47.54672 ], [ 35.80897, 47.545037 ], [ 35.806758, 47.543926 ], [ 35.807182, 47.54256 ], [ 35.810334, 47.540528 ], [ 35.808405, 47.5384 ], [ 35.805159, 47.536621 ], [ 35.803936, 47.533667 ], [ 35.800549, 47.532651 ], [ 35.800313, 47.532651 ], [ 35.797161, 47.532302 ], [ 35.794368, 47.531737 ] ] } },
{ "type": "Feature", "properties": { "tessellate": -1, "extrude": 0, "visibility": -1 }, "geometry": { "type": "LineString", "coordinates": [ [ 35.827203, 47.526313 ], [ 35.832401, 47.52735 ], [ 35.837246, 47.527589 ] ] } },
{ "type": "Feature", "properties": { "tessellate": -1, "extrude": 0, "visibility": -1 }, "geometry": { "type": "LineString", "coordinates": [ [ 35.748829, 47.596559 ], [ 35.740957, 47.594323 ], [ 35.729149, 47.588968 ], [ 35.721843, 47.583674 ] ] } },
{ "type": "Feature", "properties": { "tessellate": -1, "extrude": 0, "visibility": -1 }, "geometry": { "type": "LineString", "coordinates": [ [ 35.739977, 47.607181 ], [ 35.742722, 47.609278 ], [ 35.744918, 47.611067 ], [ 35.748944, 47.612732 ], [ 35.751598, 47.612732 ], [ 35.760656, 47.607551 ], [ 35.765505, 47.603479 ], [ 35.776942, 47.597063 ], [ 35.781334, 47.599901 ], [ 35.785634, 47.602616 ], [ 35.793046, 47.600888 ], [ 35.806599, 47.595474 ] ] } },
{ "type": "Feature", "properties": { "tessellate": -1, "extrude": 0, "visibility": -1 }, "geometry": { "type": "LineString", "coordinates": [ [ 35.803724, 47.618647 ], [ 35.807421, 47.618 ], [ 35.810844, 47.6192 ], [ 35.814131, 47.618647 ], [ 35.816322, 47.620769 ], [ 35.843434, 47.617077 ] ] } },
{ "type": "Feature", "properties": { "tessellate": -1, "extrude": 0, "visibility": -1 }, "geometry": { "type": "LineString", "coordinates": [ [ 35.80167, 47.587624 ], [ 35.809338, 47.584576 ], [ 35.811529, 47.583191 ], [ 35.81728, 47.582821 ], [ 35.834808, 47.577649 ], [ 35.83782, 47.584114 ], [ 35.84275, 47.586608 ], [ 35.848364, 47.587347 ], [ 35.856443, 47.583837 ], [ 35.877257, 47.581528 ], [ 35.881502, 47.579311 ], [ 35.886431, 47.575524 ], [ 35.888485, 47.573215 ], [ 35.901631, 47.571736 ], [ 35.91337, 47.573954 ], [ 35.936903, 47.571561 ], [ 35.942935, 47.600672 ], [ 35.951331, 47.609165 ], [ 35.954399, 47.6096 ], [ 35.967963, 47.607967 ], [ 35.977168, 47.606769 ], [ 35.995695, 47.606813 ], [ 36.003208, 47.60808 ], [ 36.019071, 47.610613 ], [ 36.025958, 47.612442 ], [ 36.028254, 47.6161 ], [ 36.034307, 47.617648 ], [ 36.048598, 47.615518 ], [ 36.057392, 47.61652 ], [ 36.075102, 47.618857 ], [ 36.090459, 47.620026 ], [ 36.097147, 47.620861 ], [ 36.109578, 47.623136 ], [ 36.127946, 47.628041 ], [ 36.141636, 47.629442 ], [ 36.154806, 47.631311 ], [ 36.157405, 47.63388 ], [ 36.162816, 47.6344 ], [ 36.175069, 47.638488 ] ] } },
{ "type": "Feature", "properties": { "tessellate": -1, "extrude": 0, "visibility": -1 }, "geometry": { "type": "LineString", "coordinates": [ [ 35.259804, 47.657707 ], [ 35.262106, 47.660525 ], [ 35.268802, 47.662287 ], [ 35.270581, 47.662076 ], [ 35.276753, 47.664542 ], [ 35.289936, 47.671165 ], [ 35.298829, 47.67356 ], [ 35.30134, 47.675955 ] ] } },
{ "type": "Feature", "properties": { "tessellate": -1, "extrude": 0, "visibility": -1 }, "geometry": { "type": "LineString", "coordinates": [ [ 35.291746, 47.679705 ], [ 35.293254, 47.680382 ], [ 35.292713, 47.680981 ], [ 35.294671, 47.682082 ] ] } },
{ "type": "Feature", "properties": { "tessellate": -1, "extrude": 0, "visibility": -1 }, "geometry": { "type": "LineString", "coordinates": [ [ 35.365355, 47.684705 ], [ 35.367576, 47.684705 ], [ 35.373315, 47.687073 ], [ 35.375351, 47.690686 ], [ 35.383495, 47.693303 ], [ 35.396452, 47.694673 ], [ 35.398303, 47.700902 ], [ 35.401265, 47.70302 ] ] } },
{ "type": "Feature", "properties": { "tessellate": -1, "extrude": 0, "visibility": -1 }, "geometry": { "type": "LineString", "coordinates": [ [ 35.404042, 47.700778 ], [ 35.406818, 47.69704 ], [ 35.413667, 47.6943 ], [ 35.421441, 47.691932 ], [ 35.428105, 47.691932 ] ] } },
{ "type": "Feature", "properties": { "tessellate": -1, "extrude": 0, "visibility": -1 }, "geometry": { "type": "LineString", "coordinates": [ [ 35.433432, 47.697834 ], [ 35.440431, 47.698636 ], [ 35.445867, 47.699538 ], [ 35.449664, 47.698786 ], [ 35.459418, 47.699688 ], [ 35.472076, 47.699287 ], [ 35.477858, 47.700138 ] ] } },
{ "type": "Feature", "properties": { "tessellate": -1, "extrude": 0, "visibility": -1 }, "geometry": { "type": "LineString", "coordinates": [ [ 35.482964, 47.701685 ], [ 35.481347, 47.701627 ], [ 35.480836, 47.69968 ], [ 35.480156, 47.695556 ], [ 35.479208, 47.692975 ], [ 35.480411, 47.69189 ], [ 35.484411, 47.690917 ], [ 35.489857, 47.690172 ], [ 35.499388, 47.692291 ], [ 35.508371, 47.689725 ], [ 35.519468, 47.689646 ], [ 35.525659, 47.684693 ], [ 35.535704, 47.683985 ], [ 35.542712, 47.685322 ], [ 35.545633, 47.684535 ], [ 35.553225, 47.684535 ], [ 35.560278, 47.680594 ], [ 35.568554, 47.676207 ], [ 35.568554, 47.671702 ], [ 35.582111, 47.669805 ], [ 35.594964, 47.668501 ], [ 35.595316, 47.668145 ], [ 35.605352, 47.663284 ], [ 35.603944, 47.660556 ], [ 35.601479, 47.65688 ], [ 35.589154, 47.656524 ], [ 35.581935, 47.654034 ], [ 35.567673, 47.658422 ], [ 35.562919, 47.661505 ], [ 35.561511, 47.667552 ], [ 35.556229, 47.668145 ], [ 35.552179, 47.668145 ], [ 35.543728, 47.665062 ], [ 35.532283, 47.664825 ], [ 35.522247, 47.665537 ], [ 35.514324, 47.670042 ], [ 35.499006, 47.672651 ], [ 35.491963, 47.675259 ], [ 35.4858, 47.67597 ], [ 35.482279, 47.680001 ], [ 35.476293, 47.684031 ], [ 35.475588, 47.685928 ], [ 35.474857, 47.686707 ], [ 35.47812, 47.690276 ], [ 35.479208, 47.692975 ] ] } },
{ "type": "Feature", "properties": { "tessellate": -1, "extrude": 0, "visibility": -1 }, "geometry": { "type": "LineString", "coordinates": [ [ 35.613334, 47.699727 ], [ 35.611969, 47.695594 ], [ 35.608899, 47.690427 ], [ 35.606681, 47.686753 ], [ 35.608046, 47.684571 ], [ 35.612993, 47.677336 ], [ 35.614528, 47.672512 ], [ 35.614528, 47.666309 ], [ 35.611969, 47.662404 ], [ 35.603944, 47.660556 ] ] } },
{ "type": "Feature", "properties": { "tessellate": -1, "extrude": 0, "visibility": -1 }, "geometry": { "type": "LineString", "coordinates": [ [ 35.617428, 47.696168 ], [ 35.618451, 47.692838 ] ] } },
{ "type": "Feature", "properties": { "tessellate": -1, "extrude": 0, "visibility": -1 }, "geometry": { "type": "LineString", "coordinates": [ [ 35.583924, 47.700885 ], [ 35.58433, 47.704929 ] ] } },
{ "type": "Feature", "properties": { "tessellate": -1, "extrude": 0, "visibility": -1 }, "geometry": { "type": "LineString", "coordinates": [ [ 35.553234, 47.701377 ], [ 35.562084, 47.701432 ], [ 35.562896, 47.706131 ], [ 35.5659, 47.708589 ] ] } },
{ "type": "Feature", "properties": { "tessellate": -1, "extrude": 0, "visibility": -1 }, "geometry": { "type": "LineString", "coordinates": [ [ 35.629055, 47.687255 ], [ 35.636299, 47.68892 ], [ 35.639729, 47.690369 ], [ 35.642689, 47.690867 ], [ 35.646792, 47.694398 ], [ 35.657589, 47.698069 ], [ 35.662396, 47.693628 ], [ 35.66892, 47.690776 ], [ 35.672822, 47.688422 ], [ 35.680995, 47.682008 ], [ 35.686431, 47.677942 ], [ 35.69217, 47.676518 ], [ 35.700324, 47.677738 ], [ 35.707875, 47.677332 ], [ 35.716784, 47.67723 ], [ 35.724637, 47.683127 ], [ 35.730526, 47.684957 ], [ 35.736532, 47.683458 ], [ 35.743393, 47.685805 ], [ 35.749491, 47.685585 ], [ 35.758421, 47.681846 ], [ 35.763975, 47.680746 ], [ 35.767786, 47.681039 ], [ 35.770182, 47.67796 ], [ 35.773994, 47.675173 ], [ 35.784252, 47.672386 ], [ 35.79337, 47.672194 ], [ 35.799069, 47.670755 ], [ 35.809185, 47.670755 ], [ 35.812889, 47.666917 ], [ 35.823574, 47.665574 ], [ 35.826423, 47.664423 ], [ 35.834687, 47.662312 ], [ 35.835541, 47.655115 ], [ 35.843805, 47.651276 ], [ 35.855333, 47.642962 ], [ 35.863588, 47.639728 ], [ 35.87357, 47.63947 ], [ 35.879713, 47.635977 ], [ 35.898525, 47.632097 ], [ 35.906972, 47.632097 ], [ 35.90966, 47.635719 ], [ 35.90582, 47.644902 ], [ 35.906396, 47.647101 ], [ 35.913115, 47.649687 ], [ 35.922713, 47.655377 ], [ 35.936792, 47.658915 ], [ 35.944132, 47.663675 ], [ 35.952831, 47.664041 ], [ 35.966695, 47.661478 ], [ 35.98355, 47.656901 ], [ 36.001491, 47.654337 ], [ 36.024679, 47.656826 ], [ 36.029808, 47.659813 ], [ 36.043425, 47.669525 ], [ 36.051396, 47.673297 ], [ 36.052473, 47.673442 ], [ 36.074447, 47.675473 ], [ 36.08608, 47.678229 ], [ 36.105226, 47.678679 ], [ 36.1241, 47.683107 ], [ 36.138399, 47.68561 ], [ 36.148408, 47.693117 ], [ 36.165566, 47.701201 ], [ 36.173573, 47.705435 ], [ 36.180742, 47.707657 ], [ 36.184894, 47.711121 ], [ 36.185226, 47.716932 ], [ 36.186388, 47.722518 ], [ 36.181406, 47.729109 ], [ 36.179081, 47.73704 ], [ 36.179103, 47.741856 ], [ 36.177204, 47.748773 ], [ 36.175147, 47.758347 ], [ 36.168185, 47.763666 ], [ 36.168343, 47.767601 ], [ 36.167935, 47.776775 ], [ 36.166928, 47.793519 ], [ 36.172717, 47.799437 ], [ 36.179513, 47.80248 ], [ 36.186057, 47.805692 ], [ 36.190231, 47.813194 ], [ 36.1969, 47.81705 ], [ 36.196529, 47.823766 ], [ 36.195233, 47.830109 ], [ 36.190231, 47.835456 ], [ 36.184345, 47.838754 ], [ 36.181953, 47.844374 ], [ 36.183747, 47.849591 ], [ 36.185541, 47.853203 ], [ 36.194213, 47.859824 ], [ 36.194084, 47.866961 ], [ 36.191874, 47.86795 ] ] } },
{ "type": "Feature", "properties": { "tessellate": -1, "extrude": 0, "visibility": -1 }, "geometry": { "type": "LineString", "coordinates": [ [ 35.638109, 47.69441 ], [ 35.654267, 47.70437 ], [ 35.657589, 47.698069 ] ] } },
{ "type": "Feature", "properties": { "tessellate": -1, "extrude": 0, "visibility": -1 }, "geometry": { "type": "LineString", "coordinates": [ [ 36.460575, 47.873535 ], [ 36.459175, 47.877225 ], [ 36.445373, 47.882121 ], [ 36.435272, 47.885676 ], [ 36.427771, 47.887554 ], [ 36.41847, 47.887554 ], [ 36.400068, 47.885475 ], [ 36.382567, 47.883463 ], [ 36.369565, 47.883999 ], [ 36.364682, 47.881479 ], [ 36.363318, 47.878004 ], [ 36.356861, 47.872144 ], [ 36.351116, 47.868634 ], [ 36.344653, 47.866501 ], [ 36.333983, 47.8654 ], [ 36.317198, 47.866387 ], [ 36.305334, 47.866635 ], [ 36.301255, 47.865143 ], [ 36.294582, 47.86191 ], [ 36.283274, 47.860168 ], [ 36.276044, 47.861401 ], [ 36.272644, 47.864476 ], [ 36.262444, 47.86874 ], [ 36.25254, 47.871814 ], [ 36.246923, 47.871913 ], [ 36.234801, 47.871417 ], [ 36.225488, 47.869533 ], [ 36.204645, 47.868279 ], [ 36.194084, 47.866961 ] ] } },
{ "type": "Feature", "properties": { "tessellate": -1, "extrude": 0, "visibility": -1 }, "geometry": { "type": "LineString", "coordinates": [ [ 37.15098, 48.07184 ], [ 37.154587, 48.071512 ] ] } },
{ "type": "Feature", "properties": { "tessellate": -1, "extrude": 0, "visibility": -1 }, "geometry": { "type": "LineString", "coordinates": [ [ 36.855431, 48.035052 ], [ 36.855616, 48.0389 ], [ 36.858376, 48.051836 ], [ 36.876308, 48.051097 ], [ 36.878887, 48.061605 ], [ 36.88208, 48.061605 ], [ 36.881957, 48.063575 ], [ 36.896277, 48.077913 ], [ 36.895241, 48.08385 ], [ 36.903757, 48.083999 ], [ 36.910867, 48.083454 ], [ 36.926598, 48.080234 ], [ 36.9478, 48.074458 ], [ 36.959702, 48.072569 ], [ 36.981823, 48.071284 ], [ 36.993845, 48.07077 ], [ 37.00179, 48.07057 ], [ 37.00548, 48.06939 ], [ 37.007727, 48.069283 ], [ 37.029629, 48.065423 ], [ 37.040649, 48.065813 ], [ 37.047338, 48.065765 ], [ 37.058414, 48.068793 ], [ 37.063449, 48.067639 ], [ 37.067836, 48.067447 ], [ 37.080495, 48.066486 ], [ 37.087256, 48.067015 ], [ 37.088334, 48.073551 ], [ 37.087543, 48.076386 ], [ 37.088694, 48.080999 ] ] } },
{ "type": "Feature", "properties": { "tessellate": -1, "extrude": 0, "visibility": -1 }, "geometry": { "type": "LineString", "coordinates": [ [ 36.941394, 48.162391 ], [ 36.941191, 48.162662 ], [ 36.931465, 48.164013 ], [ 36.925589, 48.165094 ], [ 36.919003, 48.164216 ], [ 36.908669, 48.161445 ], [ 36.87949, 48.158674 ], [ 36.882055, 48.144521 ], [ 36.891259, 48.101915 ], [ 36.895241, 48.08385 ] ] } },
{ "type": "Feature", "properties": { "tessellate": -1, "extrude": 0, "visibility": -1 }, "geometry": { "type": "LineString", "coordinates": [ [ 36.938658, 48.135285 ], [ 36.938152, 48.13711 ], [ 36.940786, 48.13995 ], [ 36.944839, 48.147386 ] ] } },
{ "type": "Feature", "properties": { "tessellate": -1, "extrude": 0, "visibility": -1 }, "geometry": { "type": "LineString", "coordinates": [ [ 36.880185, 48.181869 ], [ 36.88041, 48.176465 ], [ 36.882887, 48.167824 ], [ 36.876958, 48.166986 ], [ 36.87949, 48.158674 ] ] } },
{ "type": "Feature", "properties": { "tessellate": -1, "extrude": 0, "visibility": -1 }, "geometry": { "type": "LineString", "coordinates": [ [ 36.875098, 48.17299 ], [ 36.877864, 48.17748 ], [ 36.883678, 48.181282 ], [ 36.8931, 48.185838 ], [ 36.896931, 48.188806 ], [ 36.900244, 48.19633 ], [ 36.915879, 48.206819 ], [ 36.923269, 48.210015 ], [ 36.923724, 48.214353 ], [ 36.932383, 48.214744 ], [ 36.934856, 48.213659 ], [ 36.936093, 48.211924 ], [ 36.938502, 48.20815 ], [ 36.938632, 48.202857 ], [ 36.939348, 48.200861 ], [ 36.939218, 48.200687 ], [ 36.938046, 48.196174 ], [ 36.938046, 48.194048 ], [ 36.925873, 48.193354 ] ] } },
{ "type": "Feature", "properties": { "tessellate": -1, "extrude": 0, "visibility": -1 }, "geometry": { "type": "LineString", "coordinates": [ [ 36.891444, 48.187012 ], [ 36.886474, 48.185631 ] ] } },
{ "type": "Feature", "properties": { "tessellate": -1, "extrude": 0, "visibility": -1 }, "geometry": { "type": "LineString", "coordinates": [ [ 36.939348, 48.187799 ], [ 36.938046, 48.194048 ] ] } },
{ "type": "Feature", "properties": { "tessellate": -1, "extrude": 0, "visibility": -1 }, "geometry": { "type": "LineString", "coordinates": [ [ 36.873616, 48.220164 ], [ 36.868391, 48.220164 ], [ 36.865202, 48.220813 ], [ 36.859269, 48.219574 ], [ 36.849112, 48.210276 ], [ 36.848321, 48.207203 ], [ 36.848585, 48.201848 ], [ 36.847766, 48.198043 ], [ 36.849941, 48.194632 ], [ 36.853012, 48.193381 ], [ 36.856765, 48.189684 ] ] } },
{ "type": "Feature", "properties": { "tessellate": -1, "extrude": 0, "visibility": -1 }, "geometry": { "type": "LineString", "coordinates": [ [ 36.889135, 48.304357 ], [ 36.893201, 48.298668 ], [ 36.903575, 48.29643 ], [ 36.908251, 48.290695 ], [ 36.91414, 48.286814 ], [ 36.917839, 48.285436 ], [ 36.920611, 48.272219 ], [ 36.926034, 48.244899 ], [ 36.926794, 48.239518 ], [ 36.917195, 48.239455 ], [ 36.922573, 48.247323 ], [ 36.919179, 48.267748 ], [ 36.917587, 48.275233 ], [ 36.916526, 48.283141 ], [ 36.91414, 48.286814 ] ] } },
{ "type": "Feature", "properties": { "tessellate": -1, "extrude": 0, "visibility": -1 }, "geometry": { "type": "LineString", "coordinates": [ [ 36.967365, 48.236516 ], [ 36.97035, 48.236402 ], [ 36.972958, 48.234985 ] ] } },
{ "type": "Feature", "properties": { "tessellate": -1, "extrude": 0, "visibility": -1 }, "geometry": { "type": "LineString", "coordinates": [ [ 37.024725, 48.220317 ], [ 37.029596, 48.22106 ], [ 37.037695, 48.217424 ] ] } },
{ "type": "Feature", "properties": { "tessellate": -1, "extrude": 0, "visibility": -1 }, "geometry": { "type": "LineString", "coordinates": [ [ 37.123416, 48.241827 ], [ 37.132431, 48.243581 ], [ 37.135768, 48.244478 ], [ 37.135944, 48.249 ], [ 37.138754, 48.249624 ], [ 37.141154, 48.249818 ], [ 37.144666, 48.251222 ], [ 37.146364, 48.251378 ], [ 37.146539, 48.25473 ], [ 37.148471, 48.255431 ] ] } },
{ "type": "Feature", "properties": { "tessellate": -1, "extrude": 0, "visibility": -1 }, "geometry": { "type": "LineString", "coordinates": [ [ 37.144783, 48.254964 ], [ 37.14291, 48.252235 ] ] } },
{ "type": "Feature", "properties": { "tessellate": -1, "extrude": 0, "visibility": -1 }, "geometry": { "type": "LineString", "coordinates": [ [ 37.151925, 48.255509 ], [ 37.151574, 48.255081 ], [ 37.150813, 48.255003 ] ] } },
{ "type": "Feature", "properties": { "tessellate": -1, "extrude": 0, "visibility": -1 }, "geometry": { "type": "LineString", "coordinates": [ [ 37.136417, 48.28893 ], [ 37.136417, 48.28734 ], [ 37.138452, 48.276447 ], [ 37.139425, 48.273738 ], [ 37.141018, 48.272089 ], [ 37.146539, 48.268565 ], [ 37.149232, 48.266149 ], [ 37.151222, 48.263343 ], [ 37.15491, 48.261394 ], [ 37.157193, 48.261121 ] ] } },
{ "type": "Feature", "properties": { "tessellate": -1, "extrude": 0, "visibility": -1 }, "geometry": { "type": "LineString", "coordinates": [ [ 37.134028, 48.289047 ], [ 37.134205, 48.288223 ] ] } },
{ "type": "Feature", "properties": { "tessellate": -1, "extrude": 0, "visibility": -1 }, "geometry": { "type": "LineString", "coordinates": [ [ 37.128365, 48.297171 ], [ 37.124207, 48.29099 ], [ 37.121198, 48.288576 ] ] } },
{ "type": "Feature", "properties": { "tessellate": -1, "extrude": 0, "visibility": -1 }, "geometry": { "type": "LineString", "coordinates": [ [ 37.141106, 48.26726 ], [ 37.141726, 48.266258 ], [ 37.144734, 48.26349 ] ] } },
{ "type": "Feature", "properties": { "tessellate": -1, "extrude": 0, "visibility": -1 }, "geometry": { "type": "LineString", "coordinates": [ [ 37.181678, 48.26161 ], [ 37.178834, 48.262931 ] ] } },
{ "type": "Feature", "properties": { "tessellate": -1, "extrude": 0, "visibility": -1 }, "geometry": { "type": "LineString", "coordinates": [ [ 37.18641, 48.254532 ], [ 37.187242, 48.25465 ], [ 37.188608, 48.257577 ], [ 37.194548, 48.254967 ], [ 37.194548, 48.252119 ], [ 37.193479, 48.252 ], [ 37.191816, 48.25022 ], [ 37.177284, 48.248701 ], [ 37.17605, 48.24793 ], [ 37.175008, 48.248007 ], [ 37.172731, 48.249343 ], [ 37.167174, 48.249651 ], [ 37.166248, 48.250165 ], [ 37.159959, 48.250294 ], [ 37.158377, 48.2496 ], [ 37.155868, 48.249651 ], [ 37.154325, 48.250808 ], [ 37.151045, 48.251553 ], [ 37.146364, 48.251378 ] ] } },
{ "type": "Feature", "properties": { "tessellate": -1, "extrude": 0, "visibility": -1 }, "geometry": { "type": "LineString", "coordinates": [ [ 37.194311, 48.256074 ], [ 37.193895, 48.255679 ], [ 37.188846, 48.25817 ], [ 37.188965, 48.258407 ] ] } },
{ "type": "Feature", "properties": { "tessellate": -1, "extrude": 0, "visibility": -1 }, "geometry": { "type": "LineString", "coordinates": [ [ 37.200607, 48.258051 ], [ 37.199895, 48.257616 ], [ 37.199063, 48.255441 ], [ 37.194548, 48.254967 ] ] } },
{ "type": "Feature", "properties": { "tessellate": -1, "extrude": 0, "visibility": -1 }, "geometry": { "type": "LineString", "coordinates": [ [ 37.204884, 48.253108 ], [ 37.203637, 48.252989 ], [ 37.198885, 48.246937 ], [ 37.198885, 48.246739 ], [ 37.199122, 48.24132 ] ] } },
{ "type": "Feature", "properties": { "tessellate": -1, "extrude": 0, "visibility": -1 }, "geometry": { "type": "LineString", "coordinates": [ [ 37.206666, 48.248757 ], [ 37.214151, 48.249706 ], [ 37.216705, 48.250458 ], [ 37.219794, 48.252554 ], [ 37.221873, 48.253147 ], [ 37.223834, 48.254452 ], [ 37.225081, 48.256746 ], [ 37.223922, 48.263631 ], [ 37.220983, 48.263587 ], [ 37.216909, 48.261942 ], [ 37.215774, 48.260786 ], [ 37.214104, 48.260074 ] ] } },
{ "type": "Feature", "properties": { "tessellate": -1, "extrude": 0, "visibility": -1 }, "geometry": { "type": "LineString", "coordinates": [ [ 37.204353, 48.256739 ], [ 37.205956, 48.258073 ], [ 37.207492, 48.258651 ], [ 37.209896, 48.260652 ], [ 37.211566, 48.260741 ], [ 37.212234, 48.261052 ], [ 37.212902, 48.261008 ] ] } },
{ "type": "Feature", "properties": { "tessellate": -1, "extrude": 0, "visibility": -1 }, "geometry": { "type": "LineString", "coordinates": [ [ 37.212368, 48.260163 ], [ 37.211566, 48.260741 ] ] } },
{ "type": "Feature", "properties": { "tessellate": -1, "extrude": 0, "visibility": -1 }, "geometry": { "type": "LineString", "coordinates": [ [ 37.212835, 48.264387 ], [ 37.213503, 48.262742 ], [ 37.212234, 48.261052 ] ] } },
{ "type": "Feature", "properties": { "tessellate": -1, "extrude": 0, "visibility": -1 }, "geometry": { "type": "LineString", "coordinates": [ [ 37.25892, 48.263009 ], [ 37.256382, 48.264521 ], [ 37.256849, 48.26501 ], [ 37.251373, 48.268789 ], [ 37.251506, 48.270745 ], [ 37.257465, 48.275636 ], [ 37.261786, 48.278764 ], [ 37.259309, 48.288548 ], [ 37.259309, 48.289144 ], [ 37.257359, 48.289635 ], [ 37.244256, 48.297346 ], [ 37.243479, 48.296381 ], [ 37.24291, 48.294909 ], [ 37.240266, 48.293149 ], [ 37.236645, 48.291904 ], [ 37.233472, 48.291525 ], [ 37.231846, 48.293958 ], [ 37.23041, 48.297383 ], [ 37.229213, 48.300051 ], [ 37.226339, 48.301524 ], [ 37.224963, 48.303793 ], [ 37.223885, 48.30459 ], [ 37.216536, 48.307656 ], [ 37.212162, 48.309865 ], [ 37.209367, 48.31097 ], [ 37.208395, 48.310512 ], [ 37.206491, 48.310377 ] ] } },
{ "type": "Feature", "properties": { "tessellate": -1, "extrude": 0, "visibility": -1 }, "geometry": { "type": "LineString", "coordinates": [ [ 37.213169, 48.273901 ], [ 37.214572, 48.270078 ], [ 37.216709, 48.270389 ], [ 37.221852, 48.271545 ], [ 37.225792, 48.271989 ], [ 37.230334, 48.27279 ], [ 37.236679, 48.273323 ], [ 37.23895, 48.275012 ], [ 37.238816, 48.275901 ], [ 37.239684, 48.276346 ], [ 37.238592, 48.283629 ], [ 37.237215, 48.284042 ] ] } },
{ "type": "Feature", "properties": { "tessellate": -1, "extrude": 0, "visibility": -1 }, "geometry": { "type": "LineString", "coordinates": [ [ 35.294733, 47.712794 ], [ 35.29114, 47.711683 ], [ 35.289392, 47.710311 ], [ 35.280263, 47.705279 ], [ 35.273329, 47.69864 ], [ 35.271164, 47.697316 ], [ 35.268213, 47.696389 ], [ 35.262572, 47.696389 ], [ 35.24578, 47.693872 ], [ 35.239942, 47.691797 ], [ 35.234826, 47.691179 ], [ 35.228857, 47.690958 ], [ 35.22761, 47.691664 ], [ 35.22643, 47.691885 ] ] } },
{ "type": "Feature", "properties": { "tessellate": -1, "extrude": 0, "visibility": -1 }, "geometry": { "type": "LineString", "coordinates": [ [ 35.299589, 47.716453 ], [ 35.303668, 47.719458 ], [ 35.308815, 47.721157 ], [ 35.314934, 47.721941 ], [ 35.320955, 47.723182 ], [ 35.32144, 47.723052 ], [ 35.330666, 47.721876 ], [ 35.341641, 47.71985 ], [ 35.366867, 47.722799 ], [ 35.367397, 47.724939 ], [ 35.366999, 47.728505 ], [ 35.380386, 47.730199 ], [ 35.384363, 47.731893 ], [ 35.389664, 47.731982 ] ] } },
{ "type": "Feature", "properties": { "tessellate": -1, "extrude": 0, "visibility": -1 }, "geometry": { "type": "LineString", "coordinates": [ [ 35.382374, 47.739916 ], [ 35.384363, 47.731893 ] ] } },
{ "type": "Feature", "properties": { "tessellate": -1, "extrude": 0, "visibility": -1 }, "geometry": { "type": "LineString", "coordinates": [ [ 35.223983, 47.73332 ], [ 35.227694, 47.732696 ], [ 35.228754, 47.731715 ], [ 35.237502, 47.731804 ], [ 35.238828, 47.732517 ], [ 35.234851, 47.739738 ], [ 35.234321, 47.743214 ], [ 35.231803, 47.744729 ] ] } },
{ "type": "Feature", "properties": { "tessellate": -1, "extrude": 0, "visibility": -1 }, "geometry": { "type": "LineString", "coordinates": [ [ 35.331832, 47.832624 ], [ 35.332343, 47.828275 ], [ 35.334048, 47.823582 ], [ 35.336305, 47.812706 ], [ 35.33705, 47.804707 ], [ 35.337298, 47.800707 ], [ 35.342509, 47.797206 ], [ 35.336305, 47.78487 ], [ 35.331734, 47.777052 ], [ 35.327349, 47.773991 ], [ 35.30812, 47.76719 ], [ 35.304747, 47.763108 ], [ 35.303112, 47.758186 ], [ 35.299534, 47.75578 ], [ 35.288797, 47.75079 ], [ 35.276471, 47.749275 ], [ 35.268385, 47.74464 ], [ 35.26653, 47.741253 ], [ 35.266, 47.738044 ], [ 35.261095, 47.734211 ], [ 35.254468, 47.732785 ], [ 35.246118, 47.733676 ], [ 35.238828, 47.732517 ] ] } },
{ "type": "Feature", "properties": { "tessellate": -1, "extrude": 0, "visibility": -1 }, "geometry": { "type": "LineString", "coordinates": [ [ 35.569889, 47.755998 ], [ 35.572441, 47.753774 ], [ 35.577166, 47.752249 ], [ 35.580569, 47.749962 ], [ 35.581514, 47.743289 ], [ 35.556374, 47.740366 ], [ 35.54853, 47.7417 ], [ 35.543518, 47.743614 ], [ 35.521374, 47.745575 ], [ 35.49305, 47.743152 ], [ 35.478458, 47.747075 ] ] } },
{ "type": "Feature", "properties": { "tessellate": -1, "extrude": 0, "visibility": -1 }, "geometry": { "type": "LineString", "coordinates": [ [ 35.870698, 48.10087 ], [ 35.867372, 48.095961 ], [ 35.858826, 48.091128 ], [ 35.868869, 48.086753 ], [ 35.862749, 48.081718 ], [ 35.863406, 48.07839 ], [ 35.874403, 48.076444 ], [ 35.875436, 48.073681 ], [ 35.875812, 48.066584 ], [ 35.874967, 48.064825 ], [ 35.876068, 48.061678 ], [ 35.882406, 48.057759 ], [ 35.893103, 48.059718 ], [ 35.896589, 48.059771 ], [ 35.898807, 48.057282 ], [ 35.900075, 48.04902 ], [ 35.901038, 48.02964 ], [ 35.902719, 48.02638 ], [ 35.906244, 48.014915 ], [ 35.907821, 48.014312 ], [ 35.923776, 48.011 ], [ 35.928779, 48.011093 ], [ 35.931976, 48.012069 ], [ 35.935659, 48.00914 ], [ 35.932949, 48.004305 ], [ 35.93207, 48.0016 ], [ 35.925684, 47.99395 ], [ 35.934692, 47.991902 ], [ 35.939423, 47.991645 ], [ 35.945561, 47.989677 ], [ 35.962248, 47.985826 ], [ 35.966758, 47.985026 ], [ 35.972824, 47.997055 ], [ 36.00154, 47.98875 ], [ 36.014322, 48.01 ], [ 35.995807, 48.045084 ], [ 36.019183, 48.049572 ], [ 36.034752, 48.051763 ], [ 36.041614, 48.053338 ], [ 36.048067, 48.053954 ], [ 36.062407, 48.056419 ], [ 36.066709, 48.057446 ], [ 36.077276, 48.058987 ], [ 36.080547, 48.065692 ], [ 36.079107, 48.070264 ], [ 36.106859, 48.078565 ], [ 36.11733, 48.082169 ], [ 36.130551, 48.085207 ], [ 36.136262, 48.084571 ], [ 36.139498, 48.085568 ], [ 36.141618, 48.086944 ], [ 36.164616, 48.097834 ], [ 36.173452, 48.095541 ], [ 36.18308, 48.092338 ], [ 36.201883, 48.086969 ], [ 36.214395, 48.087529 ], [ 36.224391, 48.086455 ], [ 36.231451, 48.087623 ], [ 36.255226, 48.090025 ], [ 36.265333, 48.090658 ], [ 36.268649, 48.093032 ], [ 36.266833, 48.100573 ], [ 36.266222, 48.104077 ], [ 36.269612, 48.106078 ], [ 36.275999, 48.108657 ], [ 36.276787, 48.109131 ], [ 36.265032, 48.122764 ], [ 36.256282, 48.131827 ], [ 36.255409, 48.139224 ], [ 36.247554, 48.146245 ], [ 36.23784, 48.16145 ], [ 36.248644, 48.185442 ], [ 36.236632, 48.218549 ], [ 36.2128, 48.213178 ], [ 36.178588, 48.204954 ], [ 36.166333, 48.203139 ], [ 36.157522, 48.198449 ], [ 36.142614, 48.189452 ], [ 36.124052, 48.182336 ] ] } },
{ "type": "Feature", "properties": { "tessellate": -1, "extrude": 0, "visibility": -1 }, "geometry": { "type": "LineString", "coordinates": [ [ 35.772345, 48.336505 ], [ 35.77709, 48.327676 ], [ 35.777197, 48.321891 ], [ 35.77956, 48.314035 ], [ 35.787626, 48.311629 ], [ 35.791412, 48.293635 ], [ 35.803146, 48.296042 ], [ 35.810603, 48.296407 ], [ 35.82135, 48.295969 ], [ 35.822776, 48.287505 ], [ 35.825079, 48.282032 ], [ 35.825627, 48.280646 ], [ 35.826614, 48.277872 ], [ 35.827711, 48.274661 ], [ 35.830534, 48.264839 ], [ 35.836747, 48.257777 ], [ 35.83311, 48.253742 ], [ 35.83311, 48.250008 ], [ 35.83523, 48.238408 ], [ 35.835068, 48.234204 ], [ 35.837334, 48.226225 ], [ 35.837496, 48.221049 ], [ 35.842837, 48.213283 ], [ 35.844672, 48.203825 ], [ 35.838157, 48.196977 ], [ 35.842166, 48.193469 ], [ 35.844421, 48.18662 ], [ 35.848932, 48.183613 ], [ 35.849731, 48.177883 ], [ 35.857697, 48.176703 ], [ 35.860648, 48.165683 ], [ 35.86109, 48.165388 ], [ 35.859429, 48.160403 ], [ 35.859319, 48.156638 ], [ 35.860536, 48.150951 ], [ 35.863525, 48.14881 ], [ 35.861643, 48.14423 ], [ 35.864112, 48.132964 ], [ 35.86687, 48.1284 ], [ 35.867752, 48.123541 ], [ 35.868414, 48.121184 ], [ 35.870065, 48.113083 ], [ 35.871331, 48.109488 ], [ 35.872123, 48.103461 ] ] } },
{ "type": "Feature", "properties": { "tessellate": -1, "extrude": 0, "visibility": -1 }, "geometry": { "type": "LineString", "coordinates": [ [ 36.022592, 47.670167 ], [ 36.021401, 47.670244 ], [ 35.996164, 47.667952 ], [ 35.992802, 47.67865 ], [ 35.991679, 47.680163 ], [ 35.980689, 47.679176 ], [ 35.978686, 47.686476 ], [ 35.975071, 47.68641 ], [ 35.971014, 47.686971 ], [ 35.964543, 47.69033 ], [ 35.962126, 47.691117 ], [ 35.947235, 47.70072 ], [ 35.944194, 47.702137 ], [ 35.94225, 47.703474 ], [ 35.942357, 47.706642 ], [ 35.94011, 47.717516 ], [ 35.941929, 47.724283 ], [ 35.93988, 47.732178 ], [ 35.942144, 47.739387 ], [ 35.950296, 47.74634 ], [ 35.944365, 47.757004 ], [ 35.940672, 47.758384 ], [ 35.930494, 47.76175 ], [ 35.916001, 47.770043 ], [ 35.915377, 47.771415 ], [ 35.915207, 47.774159 ], [ 35.91658, 47.77592 ], [ 35.914841, 47.779893 ], [ 35.914046, 47.7926 ], [ 35.913473, 47.794141 ], [ 35.915029, 47.801074 ], [ 35.91144, 47.814701 ], [ 35.902515, 47.821463 ], [ 35.900017, 47.826132 ], [ 35.898014, 47.834054 ], [ 35.906615, 47.842913 ], [ 35.898875, 47.847048 ], [ 35.884819, 47.847849 ], [ 35.882945, 47.85105 ], [ 35.875619, 47.856709 ], [ 35.876151, 47.859548 ], [ 35.873779, 47.866909 ], [ 35.870319, 47.868169 ], [ 35.869133, 47.872612 ], [ 35.868441, 47.873142 ], [ 35.868243, 47.87606 ], [ 35.867123, 47.884205 ], [ 35.864167, 47.892289 ], [ 35.858117, 47.891749 ], [ 35.841481, 47.892357 ], [ 35.825853, 47.889517 ], [ 35.82313, 47.888503 ], [ 35.816103, 47.888022 ], [ 35.815613, 47.87937 ], [ 35.823841, 47.877814 ], [ 35.826588, 47.874827 ], [ 35.831265, 47.871231 ], [ 35.837231, 47.867322 ], [ 35.838947, 47.861912 ], [ 35.839033, 47.852349 ], [ 35.84075, 47.845268 ], [ 35.848904, 47.841237 ], [ 35.851135, 47.838704 ], [ 35.854139, 47.831381 ], [ 35.86092, 47.829423 ], [ 35.863066, 47.821878 ], [ 35.864525, 47.818469 ], [ 35.865469, 47.814321 ], [ 35.875254, 47.812996 ], [ 35.875168, 47.806544 ], [ 35.865555, 47.787747 ], [ 35.867615, 47.774249 ], [ 35.878859, 47.772692 ], [ 35.894179, 47.772363 ], [ 35.896068, 47.772161 ], [ 35.915377, 47.771415 ] ] } },
{ "type": "Feature", "properties": { "tessellate": -1, "extrude": 0, "visibility": -1 }, "geometry": { "type": "LineString", "coordinates": [ [ 36.119821, 47.842806 ], [ 36.121436, 47.84389 ], [ 36.131125, 47.84489 ], [ 36.128641, 47.852143 ], [ 36.125574, 47.864994 ], [ 36.139401, 47.881226 ], [ 36.139833, 47.884559 ], [ 36.140698, 47.885573 ], [ 36.142426, 47.889775 ], [ 36.150028, 47.906396 ], [ 36.169111, 47.929302 ], [ 36.17851, 47.930256 ], [ 36.189333, 47.933119 ], [ 36.208843, 47.942643 ], [ 36.22357, 47.939496 ], [ 36.243522, 47.943216 ], [ 36.256209, 47.941167 ], [ 36.276279, 47.953523 ], [ 36.292807, 47.947098 ], [ 36.305169, 47.952447 ], [ 36.306765, 47.953016 ], [ 36.29718, 47.973381 ], [ 36.292438, 47.977147 ], [ 36.31618, 47.989147 ], [ 36.313843, 47.993179 ], [ 36.313474, 47.995483 ], [ 36.307238, 48.007849 ], [ 36.307617, 48.01609 ], [ 36.307996, 48.022808 ], [ 36.307048, 48.029146 ], [ 36.304963, 48.038397 ], [ 36.304774, 48.040045 ], [ 36.303447, 48.049674 ], [ 36.295487, 48.050434 ], [ 36.282221, 48.052841 ], [ 36.258341, 48.055882 ], [ 36.230671, 48.055248 ], [ 36.213804, 48.055122 ], [ 36.176468, 48.046127 ], [ 36.164209, 48.043544 ], [ 36.161539, 48.043098 ], [ 36.153865, 48.045217 ], [ 36.084657, 48.027578 ], [ 36.075912, 48.006367 ], [ 36.073412, 47.997561 ], [ 36.064989, 47.988754 ], [ 36.052224, 47.978087 ], [ 36.032764, 47.973002 ], [ 36.032694, 47.964644 ], [ 36.029071, 47.958406 ], [ 36.027148, 47.948008 ], [ 36.019837, 47.931054 ], [ 36.01617, 47.930536 ], [ 35.999865, 47.92349 ], [ 36.00026, 47.920171 ], [ 35.998514, 47.911148 ], [ 35.997539, 47.906963 ], [ 35.996324, 47.904584 ], [ 35.994171, 47.903717 ], [ 35.984482, 47.902467 ], [ 35.967257, 47.901408 ], [ 35.955917, 47.902707 ], [ 35.951602, 47.893456 ], [ 35.952803, 47.886542 ], [ 35.950948, 47.853202 ], [ 35.93547, 47.853635 ], [ 35.92816, 47.850172 ], [ 35.926548, 47.847503 ], [ 35.927085, 47.833939 ], [ 35.92343, 47.825929 ], [ 35.912789, 47.825063 ], [ 35.909564, 47.826074 ], [ 35.900017, 47.826132 ] ] } },
{ "type": "Feature", "properties": { "tessellate": -1, "extrude": 0, "visibility": -1 }, "geometry": { "type": "LineString", "coordinates": [ [ 36.07697, 47.847644 ], [ 36.076832, 47.846858 ], [ 36.079608, 47.836462 ], [ 36.098098, 47.837535 ], [ 36.099163, 47.838358 ] ] } },
{ "type": "Feature", "properties": { "tessellate": -1, "extrude": 0, "visibility": -1 }, "geometry": { "type": "LineString", "coordinates": [ [ 36.077866, 47.848615 ], [ 36.076626, 47.854348 ], [ 36.07759, 47.855134 ], [ 36.075317, 47.858462 ], [ 36.068647, 47.883099 ], [ 36.055536, 47.889753 ], [ 36.052299, 47.902053 ], [ 36.045932, 47.905526 ], [ 36.037299, 47.906104 ], [ 36.030166, 47.90845 ], [ 36.02149, 47.909427 ], [ 36.004206, 47.911195 ], [ 35.998514, 47.911148 ], [ 35.993222, 47.912062 ], [ 35.981697, 47.916206 ], [ 35.965513, 47.932803 ], [ 35.966765, 47.946316 ], [ 35.949848, 47.9463 ], [ 35.940668, 47.940003 ], [ 35.928046, 47.937014 ], [ 35.915736, 47.943645 ], [ 35.907653, 47.940702 ], [ 35.884136, 47.943748 ], [ 35.880174, 47.940994 ], [ 35.879084, 47.935456 ], [ 35.875723, 47.933752 ], [ 35.870454, 47.931317 ], [ 35.86464, 47.930769 ], [ 35.865601, 47.924877 ], [ 35.861909, 47.919989 ], [ 35.86452, 47.911539 ], [ 35.861828, 47.901485 ], [ 35.864167, 47.892289 ] ] } },
{ "type": "Feature", "properties": { "tessellate": -1, "extrude": 0, "visibility": -1 }, "geometry": { "type": "LineString", "coordinates": [ [ 36.161694, 47.955957 ], [ 36.161573, 47.95961 ], [ 36.181572, 47.959853 ], [ 36.19745, 47.958392 ], [ 36.201571, 47.952467 ], [ 36.208843, 47.942643 ] ] } },
{ "type": "Feature", "properties": { "tessellate": -1, "extrude": 0, "visibility": -1 }, "geometry": { "type": "LineString", "coordinates": [ [ 36.300856, 48.366304 ], [ 36.302159, 48.359382 ], [ 36.307362, 48.333346 ], [ 36.311299, 48.31717 ], [ 36.319491, 48.312371 ], [ 36.322416, 48.300955 ], [ 36.326707, 48.294727 ], [ 36.337715, 48.294554 ], [ 36.348622, 48.28903 ], [ 36.36068, 48.286087 ], [ 36.360179, 48.293146 ], [ 36.361319, 48.294012 ], [ 36.370272, 48.294987 ], [ 36.369621, 48.30679 ], [ 36.371412, 48.307548 ], [ 36.382806, 48.306357 ], [ 36.388016, 48.305708 ], [ 36.396969, 48.30744 ], [ 36.406736, 48.30744 ], [ 36.41455, 48.304516 ], [ 36.43213, 48.307548 ], [ 36.458664, 48.309822 ], [ 36.461757, 48.310688 ], [ 36.488454, 48.31307 ], [ 36.488779, 48.305166 ], [ 36.479175, 48.294879 ], [ 36.438053, 48.283742 ], [ 36.416233, 48.267879 ], [ 36.414695, 48.265521 ], [ 36.412892, 48.266893 ], [ 36.410703, 48.271993 ], [ 36.401559, 48.271393 ], [ 36.398211, 48.272165 ], [ 36.380503, 48.270579 ], [ 36.374, 48.271993 ], [ 36.37033, 48.273579 ], [ 36.366917, 48.275422 ], [ 36.364315, 48.274173 ], [ 36.361904, 48.273201 ], [ 36.351458, 48.271548 ], [ 36.347879, 48.269798 ], [ 36.349048, 48.267707 ], [ 36.348682, 48.266054 ], [ 36.349851, 48.261337 ], [ 36.353211, 48.255549 ], [ 36.357959, 48.24981 ], [ 36.357813, 48.248059 ] ] } },
{ "type": "Feature", "properties": { "tessellate": -1, "extrude": 0, "visibility": -1 }, "geometry": { "type": "LineString", "coordinates": [ [ 36.458047, 48.071691 ], [ 36.457919, 48.070979 ], [ 36.457608, 48.060691 ], [ 36.452833, 48.060639 ], [ 36.449597, 48.060125 ], [ 36.403686, 48.061157 ], [ 36.394995, 48.059462 ], [ 36.392572, 48.053588 ], [ 36.372786, 48.041306 ], [ 36.360185, 48.023064 ], [ 36.358181, 48.020011 ], [ 36.355842, 48.019042 ], [ 36.355174, 48.013605 ], [ 36.353949, 48.011221 ], [ 36.335799, 48.004293 ], [ 36.32934, 47.998779 ], [ 36.325888, 47.99632 ], [ 36.322548, 47.992594 ], [ 36.31618, 47.989147 ] ] } },
{ "type": "Feature", "properties": { "tessellate": -1, "extrude": 0, "visibility": -1 }, "geometry": { "type": "LineString", "coordinates": [ [ 36.512489, 48.166513 ], [ 36.501397, 48.162736 ], [ 36.490547, 48.162736 ], [ 36.488738, 48.156359 ], [ 36.481255, 48.149318 ], [ 36.484924, 48.136046 ], [ 36.466772, 48.132566 ], [ 36.458082, 48.132824 ], [ 36.450118, 48.125641 ], [ 36.452826, 48.111057 ], [ 36.45409, 48.102257 ], [ 36.456701, 48.087043 ], [ 36.458519, 48.081046 ], [ 36.458857, 48.076362 ], [ 36.458303, 48.074539 ] ] } },
{ "type": "Feature", "properties": { "tessellate": -1, "extrude": 0, "visibility": -1 }, "geometry": { "type": "LineString", "coordinates": [ [ 36.357017, 48.340777 ], [ 36.350781, 48.338509 ], [ 36.349251, 48.335849 ], [ 36.316776, 48.335458 ], [ 36.307362, 48.333346 ], [ 36.303127, 48.332173 ], [ 36.287595, 48.329826 ], [ 36.270446, 48.326016 ], [ 36.264859, 48.325264 ], [ 36.263329, 48.323805 ], [ 36.256345, 48.322168 ], [ 36.250657, 48.332019 ], [ 36.244867, 48.343365 ] ] } },
{ "type": "Feature", "properties": { "tessellate": -1, "extrude": 0, "visibility": -1 }, "geometry": { "type": "LineString", "coordinates": [ [ 36.289518, 48.132378 ], [ 36.28841, 48.1308 ], [ 36.288631, 48.126064 ], [ 36.28804, 48.12419 ], [ 36.28538, 48.119996 ], [ 36.278137, 48.109881 ], [ 36.276787, 48.109131 ] ] } },
{ "type": "Feature", "properties": { "tessellate": -1, "extrude": 0, "visibility": -1 }, "geometry": { "type": "LineString", "coordinates": [ [ 36.35587, 48.245232 ], [ 36.346068, 48.241243 ], [ 36.338654, 48.230594 ], [ 36.332348, 48.217393 ], [ 36.325716, 48.204345 ], [ 36.324533, 48.203127 ], [ 36.319157, 48.200977 ], [ 36.31421, 48.197393 ], [ 36.310984, 48.194096 ], [ 36.309909, 48.189293 ], [ 36.306256, 48.185421 ], [ 36.298629, 48.183726 ], [ 36.292486, 48.178499 ], [ 36.29005, 48.173908 ], [ 36.293895, 48.163323 ], [ 36.29672, 48.158066 ], [ 36.305407, 48.142964 ], [ 36.290405, 48.133266 ] ] } },
{ "type": "Feature", "properties": { "tessellate": -1, "extrude": 0, "visibility": -1 }, "geometry": { "type": "LineString", "coordinates": [ [ 36.539301, 48.095698 ], [ 36.541, 48.096832 ], [ 36.541743, 48.101654 ], [ 36.538877, 48.103852 ], [ 36.544822, 48.111508 ], [ 36.548408, 48.113377 ], [ 36.550903, 48.112228 ] ] } },
{ "type": "Feature", "properties": { "tessellate": -1, "extrude": 0, "visibility": -1 }, "geometry": { "type": "LineString", "coordinates": [ [ 36.429259, 48.359148 ], [ 36.427177, 48.359148 ], [ 36.425094, 48.358456 ], [ 36.423967, 48.356554 ], [ 36.424747, 48.352287 ], [ 36.42801, 48.345512 ], [ 36.429445, 48.3355 ], [ 36.432001, 48.321483 ], [ 36.413755, 48.319184 ], [ 36.399336, 48.322093 ], [ 36.390667, 48.320724 ], [ 36.369084, 48.337448 ], [ 36.363449, 48.341771 ], [ 36.369239, 48.343514 ], [ 36.374098, 48.347323 ], [ 36.37512, 48.349421 ], [ 36.376977, 48.353494 ], [ 36.37707, 48.356456 ], [ 36.373727, 48.361391 ], [ 36.391091, 48.369966 ], [ 36.405297, 48.369781 ], [ 36.405762, 48.370213 ], [ 36.40247, 48.382313 ], [ 36.406495, 48.38317 ] ] } },
{ "type": "Feature", "properties": { "tessellate": -1, "extrude": 0, "visibility": -1 }, "geometry": { "type": "LineString", "coordinates": [ [ 36.523936, 48.06585 ], [ 36.527285, 48.055142 ], [ 36.526057, 48.052927 ], [ 36.522621, 48.050055 ], [ 36.522252, 48.046609 ], [ 36.524707, 48.041768 ], [ 36.524707, 48.038075 ], [ 36.522743, 48.033725 ], [ 36.521416, 48.031529 ], [ 36.522005, 48.029729 ], [ 36.520406, 48.025623 ], [ 36.522257, 48.021854 ], [ 36.523771, 48.017746 ], [ 36.52293, 48.015665 ], [ 36.5248, 48.011472 ], [ 36.522479, 48.00996 ], [ 36.521527, 48.007014 ], [ 36.520218, 48.004108 ], [ 36.513614, 48.000923 ], [ 36.510877, 47.998694 ], [ 36.507247, 47.9973 ], [ 36.507009, 47.992841 ] ] } },
{ "type": "Feature", "properties": { "tessellate": -1, "extrude": 0, "visibility": -1 }, "geometry": { "type": "LineString", "coordinates": [ [ 36.568183, 48.02015 ], [ 36.565895, 48.0322 ], [ 36.567611, 48.037555 ], [ 36.566467, 48.042527 ], [ 36.569327, 48.055336 ], [ 36.572187, 48.056865 ], [ 36.5729, 48.064274 ], [ 36.571146, 48.06443 ] ] } },
{ "type": "Feature", "properties": { "tessellate": -1, "extrude": 0, "visibility": -1 }, "geometry": { "type": "LineString", "coordinates": [ [ 36.576758, 48.049115 ], [ 36.575238, 48.053335 ], [ 36.574536, 48.064274 ], [ 36.578277, 48.06529 ], [ 36.582486, 48.06779 ], [ 36.582018, 48.074899 ], [ 36.585058, 48.075523 ] ] } },
{ "type": "Feature", "properties": { "tessellate": -1, "extrude": 0, "visibility": -1 }, "geometry": { "type": "LineString", "coordinates": [ [ 36.555481, 48.066305 ], [ 36.555597, 48.069352 ], [ 36.560157, 48.078413 ], [ 36.560391, 48.079585 ], [ 36.562027, 48.081538 ], [ 36.565885, 48.08841 ], [ 36.566704, 48.093486 ], [ 36.566119, 48.097468 ], [ 36.564833, 48.102777 ], [ 36.564145, 48.105978 ], [ 36.559367, 48.10612 ], [ 36.55512, 48.106617 ] ] } },
{ "type": "Feature", "properties": { "tessellate": -1, "extrude": 0, "visibility": -1 }, "geometry": { "type": "LineString", "coordinates": [ [ 36.550131, 48.108956 ], [ 36.550768, 48.108176 ], [ 36.557456, 48.107538 ], [ 36.556752, 48.111597 ], [ 36.561139, 48.116363 ], [ 36.562429, 48.116478 ] ] } },
{ "type": "Feature", "properties": { "tessellate": -1, "extrude": 0, "visibility": -1 }, "geometry": { "type": "LineString", "coordinates": [ [ 36.460548, 48.254767 ], [ 36.448023, 48.253786 ], [ 36.440655, 48.252437 ], [ 36.445239, 48.226949 ], [ 36.463495, 48.229129 ], [ 36.476021, 48.224221 ], [ 36.484309, 48.222012 ], [ 36.496098, 48.219435 ], [ 36.502545, 48.216366 ], [ 36.505123, 48.21563 ], [ 36.511939, 48.209616 ], [ 36.512675, 48.207529 ], [ 36.508992, 48.2009 ], [ 36.506044, 48.196111 ], [ 36.496225, 48.190132 ], [ 36.484429, 48.194144 ], [ 36.473595, 48.197996 ], [ 36.469503, 48.202489 ], [ 36.464447, 48.207783 ], [ 36.457225, 48.208906 ], [ 36.453855, 48.209548 ], [ 36.45023, 48.224575 ], [ 36.441456, 48.22875 ], [ 36.436442, 48.23028 ], [ 36.434509, 48.240979 ], [ 36.431969, 48.248804 ], [ 36.42911, 48.258955 ], [ 36.426887, 48.265086 ], [ 36.424029, 48.266144 ], [ 36.414695, 48.265521 ], [ 36.416168, 48.251204 ], [ 36.415521, 48.245602 ], [ 36.396886, 48.244051 ], [ 36.392615, 48.241465 ], [ 36.386791, 48.238966 ], [ 36.394545, 48.219036 ], [ 36.409002, 48.219514 ], [ 36.417922, 48.220061 ], [ 36.428791, 48.216987 ], [ 36.432546, 48.205392 ], [ 36.43728, 48.184372 ], [ 36.428414, 48.178509 ], [ 36.422725, 48.177278 ], [ 36.412362, 48.17474 ], [ 36.380741, 48.174463 ], [ 36.385182, 48.152349 ], [ 36.371218, 48.149057 ], [ 36.348486, 48.145842 ], [ 36.340575, 48.144143 ], [ 36.339828, 48.132125 ], [ 36.338106, 48.119637 ], [ 36.335769, 48.115153 ], [ 36.335265, 48.110189 ], [ 36.333724, 48.108782 ], [ 36.332427, 48.104504 ], [ 36.338645, 48.090152 ], [ 36.324655, 48.08167 ], [ 36.335941, 48.054643 ], [ 36.316307, 48.049142 ], [ 36.303447, 48.049674 ] ] } },
{ "type": "Feature", "properties": { "tessellate": -1, "extrude": 0, "visibility": -1 }, "geometry": { "type": "LineString", "coordinates": [ [ 36.767847, 48.344974 ], [ 36.765641, 48.345319 ], [ 36.760709, 48.346699 ], [ 36.753052, 48.351788 ], [ 36.750197, 48.354551 ], [ 36.752252, 48.363513 ], [ 36.755811, 48.371785 ], [ 36.755421, 48.374422 ], [ 36.753787, 48.377007 ], [ 36.753398, 48.379178 ], [ 36.755591, 48.381224 ], [ 36.756504, 48.385908 ], [ 36.75517, 48.39166 ], [ 36.754689, 48.394475 ], [ 36.752954, 48.396267 ], [ 36.748136, 48.397034 ], [ 36.749582, 48.399466 ], [ 36.749293, 48.400553 ], [ 36.747606, 48.402548 ], [ 36.746642, 48.40563 ], [ 36.74165, 48.408827 ], [ 36.737291, 48.413707 ], [ 36.737675, 48.416068 ], [ 36.738829, 48.420087 ], [ 36.740079, 48.421618 ], [ 36.739694, 48.422894 ], [ 36.742302, 48.431546 ], [ 36.744729, 48.438285 ], [ 36.743921, 48.444698 ], [ 36.739045, 48.448644 ], [ 36.726853, 48.450326 ], [ 36.715052, 48.457959 ], [ 36.714564, 48.458929 ], [ 36.703877, 48.463702 ], [ 36.692523, 48.47759 ], [ 36.682222, 48.491154 ], [ 36.670964, 48.506421 ], [ 36.661057, 48.516837 ], [ 36.661057, 48.521687 ], [ 36.659549, 48.526394 ], [ 36.658473, 48.529104 ], [ 36.654815, 48.533759 ], [ 36.655082, 48.536419 ], [ 36.648923, 48.546348 ], [ 36.644907, 48.550957 ], [ 36.635632, 48.557421 ], [ 36.630451, 48.561152 ], [ 36.625879, 48.566094 ], [ 36.618269, 48.573474 ], [ 36.610464, 48.581737 ], [ 36.602138, 48.59103 ], [ 36.598236, 48.595504 ], [ 36.593342, 48.602441 ], [ 36.592442, 48.605893 ], [ 36.590912, 48.608214 ], [ 36.587132, 48.609464 ], [ 36.584972, 48.615534 ] ] } },
{ "type": "Feature", "properties": { "tessellate": -1, "extrude": 0, "visibility": -1 }, "geometry": { "type": "LineString", "coordinates": [ [ 36.55815, 48.627492 ], [ 36.55068, 48.624696 ], [ 36.54087, 48.619758 ], [ 36.536729, 48.619223 ], [ 36.532319, 48.615474 ], [ 36.531329, 48.611725 ], [ 36.533939, 48.606905 ], [ 36.534479, 48.603572 ], [ 36.527459, 48.598692 ], [ 36.522033, 48.591212 ], [ 36.508644, 48.592775 ], [ 36.502028, 48.588503 ], [ 36.498562, 48.583189 ], [ 36.50061, 48.580167 ], [ 36.499665, 48.574539 ], [ 36.488953, 48.571621 ], [ 36.480605, 48.566096 ], [ 36.473201, 48.563803 ], [ 36.468161, 48.562761 ], [ 36.459025, 48.557131 ], [ 36.452848, 48.546864 ], [ 36.471519, 48.532556 ], [ 36.47259, 48.528031 ], [ 36.475157, 48.51071 ], [ 36.486199, 48.503819 ], [ 36.490039, 48.49014 ], [ 36.490039, 48.484095 ], [ 36.490131, 48.47271 ], [ 36.486243, 48.467186 ], [ 36.485965, 48.466941 ], [ 36.484392, 48.462583 ], [ 36.482262, 48.461539 ], [ 36.482633, 48.457242 ], [ 36.494173, 48.44986 ], [ 36.490858, 48.445462 ], [ 36.476436, 48.440073 ], [ 36.453229, 48.441503 ], [ 36.440465, 48.436004 ], [ 36.429057, 48.433783 ], [ 36.429324, 48.430946 ], [ 36.429057, 48.427046 ], [ 36.432263, 48.42146 ], [ 36.438943, 48.396008 ], [ 36.436071, 48.393028 ], [ 36.423883, 48.391376 ], [ 36.419935, 48.390294 ], [ 36.410923, 48.385793 ] ] } },
{ "type": "Feature", "properties": { "tessellate": -1, "extrude": 0, "visibility": -1 }, "geometry": { "type": "LineString", "coordinates": [ [ 36.47826, 48.384398 ], [ 36.501633, 48.395626 ], [ 36.498815, 48.410703 ], [ 36.501467, 48.420825 ], [ 36.501467, 48.421815 ], [ 36.508927, 48.426105 ], [ 36.508595, 48.427205 ], [ 36.511579, 48.429735 ], [ 36.508595, 48.444142 ], [ 36.494173, 48.44986 ] ] } },
{ "type": "Feature", "properties": { "tessellate": -1, "extrude": 0, "visibility": -1 }, "geometry": { "type": "LineString", "coordinates": [ [ 36.474819, 48.382018 ], [ 36.475485, 48.375681 ], [ 36.47726, 48.372586 ], [ 36.48489, 48.339571 ], [ 36.48489, 48.335604 ], [ 36.48058, 48.331196 ], [ 36.482735, 48.323481 ], [ 36.48804, 48.319733 ], [ 36.488454, 48.31307 ], [ 36.500957, 48.314258 ], [ 36.514775, 48.315628 ], [ 36.548588, 48.318485 ], [ 36.55623, 48.324245 ], [ 36.55563, 48.329095 ], [ 36.558548, 48.329494 ], [ 36.573141, 48.328638 ], [ 36.57932, 48.326984 ], [ 36.581294, 48.32744 ], [ 36.586358, 48.329779 ], [ 36.58816, 48.332917 ], [ 36.586015, 48.342047 ], [ 36.592194, 48.346267 ], [ 36.590392, 48.354824 ], [ 36.594683, 48.356364 ], [ 36.60584, 48.356934 ], [ 36.6061, 48.36412 ], [ 36.626097, 48.370108 ], [ 36.629186, 48.37313 ], [ 36.654166, 48.375697 ], [ 36.657341, 48.378262 ], [ 36.65571, 48.386355 ], [ 36.666696, 48.392509 ], [ 36.71425, 48.379576 ], [ 36.716482, 48.375189 ] ] } },
{ "type": "Feature", "properties": { "tessellate": -1, "extrude": 0, "visibility": -1 }, "geometry": { "type": "LineString", "coordinates": [ [ 36.809217, 48.364186 ], [ 36.800957, 48.359783 ], [ 36.793566, 48.350002 ], [ 36.796325, 48.340758 ], [ 36.823498, 48.327762 ], [ 36.832412, 48.324385 ], [ 36.834714, 48.317897 ], [ 36.844469, 48.314973 ], [ 36.847042, 48.311836 ], [ 36.848865, 48.307986 ], [ 36.852188, 48.302994 ], [ 36.860499, 48.292559 ], [ 36.861933, 48.286403 ], [ 36.868889, 48.282919 ], [ 36.871062, 48.280326 ], [ 36.873591, 48.267599 ], [ 36.875329, 48.260761 ], [ 36.873749, 48.259078 ], [ 36.874539, 48.255395 ], [ 36.875487, 48.248135 ], [ 36.877226, 48.241715 ] ] } },
{ "type": "Feature", "properties": { "tessellate": -1, "extrude": 0, "visibility": -1 }, "geometry": { "type": "LineString", "coordinates": [ [ 36.859626, 48.320637 ], [ 36.862305, 48.322204 ], [ 36.864234, 48.322775 ], [ 36.867342, 48.321848 ], [ 36.876988, 48.316646 ], [ 36.879239, 48.314436 ], [ 36.883526, 48.312868 ], [ 36.884597, 48.309518 ], [ 36.886634, 48.307023 ] ] } },
{ "type": "Feature", "properties": { "tessellate": -1, "extrude": 0, "visibility": -1 }, "geometry": { "type": "LineString", "coordinates": [ [ 36.812382, 48.366966 ], [ 36.815638, 48.365043 ], [ 36.815457, 48.363721 ], [ 36.813286, 48.361078 ], [ 36.81835, 48.352906 ], [ 36.825946, 48.348459 ], [ 36.826489, 48.348099 ], [ 36.831733, 48.344132 ], [ 36.837013, 48.340943 ], [ 36.843336, 48.338806 ], [ 36.846873, 48.336883 ], [ 36.850409, 48.333748 ], [ 36.854053, 48.330755 ], [ 36.855982, 48.321349 ], [ 36.856732, 48.320637 ] ] } },
{ "type": "Feature", "properties": { "tessellate": -1, "extrude": 0, "visibility": -1 }, "geometry": { "type": "LineString", "coordinates": [ [ 36.855967, 48.338001 ], [ 36.846925, 48.343171 ], [ 36.837882, 48.346416 ], [ 36.827935, 48.354949 ], [ 36.821244, 48.361799 ] ] } },
{ "type": "Feature", "properties": { "tessellate": -1, "extrude": 0, "visibility": -1 }, "geometry": { "type": "LineString", "coordinates": [ [ 36.837771, 48.085311 ], [ 36.814192, 48.082985 ], [ 36.807625, 48.083447 ], [ 36.796508, 48.082369 ], [ 36.794837, 48.083216 ], [ 36.771881, 48.080746 ], [ 36.767264, 48.079282 ], [ 36.760846, 48.080275 ], [ 36.754428, 48.081425 ], [ 36.752472, 48.081634 ], [ 36.74848, 48.082942 ] ] } },
{ "type": "Feature", "properties": { "tessellate": -1, "extrude": 0, "visibility": -1 }, "geometry": { "type": "LineString", "coordinates": [ [ 36.755602, 48.08566 ], [ 36.767029, 48.084353 ], [ 36.769533, 48.084562 ] ] } },
{ "type": "Feature", "properties": { "tessellate": -1, "extrude": 0, "visibility": -1 }, "geometry": { "type": "LineString", "coordinates": [ [ 36.788885, 48.100669 ], [ 36.769959, 48.094806 ], [ 36.762098, 48.096011 ] ] } },
{ "type": "Feature", "properties": { "tessellate": -1, "extrude": 0, "visibility": -1 }, "geometry": { "type": "LineString", "coordinates": [ [ 36.804618, 48.116351 ], [ 36.809862, 48.119396 ], [ 36.818641, 48.125028 ], [ 36.829814, 48.130355 ], [ 36.83255, 48.136442 ], [ 36.838935, 48.141083 ], [ 36.843723, 48.143669 ], [ 36.842006, 48.152369 ], [ 36.834727, 48.157225 ], [ 36.831554, 48.157225 ] ] } },
{ "type": "Feature", "properties": { "tessellate": -1, "extrude": 0, "visibility": -1 }, "geometry": { "type": "LineString", "coordinates": [ [ 36.816064, 48.1632 ], [ 36.814011, 48.163449 ], [ 36.809158, 48.16208 ], [ 36.803746, 48.162329 ], [ 36.799267, 48.162204 ], [ 36.795721, 48.160959 ], [ 36.784336, 48.151871 ], [ 36.780977, 48.149754 ], [ 36.777431, 48.147886 ] ] } },
{ "type": "Feature", "properties": { "tessellate": -1, "extrude": 0, "visibility": -1 }, "geometry": { "type": "LineString", "coordinates": [ [ 36.139161, 48.441569 ], [ 36.147769, 48.444751 ], [ 36.168061, 48.460982 ] ] } },
{ "type": "Feature", "properties": { "tessellate": -1, "extrude": 0, "visibility": -1 }, "geometry": { "type": "LineString", "coordinates": [ [ 36.171381, 48.463673 ], [ 36.181219, 48.471664 ], [ 36.1757, 48.488408 ], [ 36.161278, 48.516693 ], [ 36.151986, 48.532957 ], [ 36.150067, 48.5341 ], [ 36.142529, 48.54439 ], [ 36.137914, 48.549354 ], [ 36.10157, 48.560046 ], [ 36.075322, 48.566154 ], [ 36.067823, 48.574743 ], [ 36.065515, 48.575316 ], [ 36.065227, 48.577796 ], [ 36.059746, 48.57856 ], [ 36.053112, 48.581995 ], [ 36.010884, 48.597117 ], [ 35.978218, 48.613867 ], [ 35.955197, 48.623735 ], [ 35.91419, 48.621833 ], [ 35.880018, 48.620882 ], [ 35.856997, 48.611726 ] ] } },
{ "type": "Feature", "properties": { "tessellate": -1, "extrude": 0, "visibility": -1 }, "geometry": { "type": "LineString", "coordinates": [ [ 35.787753, 48.599596 ], [ 35.781638, 48.597931 ], [ 35.75466, 48.587819 ] ] } },
{ "type": "Feature", "properties": { "tessellate": -1, "extrude": 0, "visibility": -1 }, "geometry": { "type": "LineString", "coordinates": [ [ 35.748905, 48.58544 ], [ 35.726112, 48.557332 ], [ 35.748573, 48.531688 ], [ 35.77581, 48.509647 ], [ 35.777634, 48.502915 ], [ 35.771119, 48.483057 ], [ 35.778919, 48.45953 ], [ 35.797886, 48.435093 ], [ 35.834433, 48.412296 ], [ 35.83874, 48.403623 ], [ 35.855884, 48.381824 ], [ 35.871933, 48.383762 ], [ 35.885794, 48.404591 ], [ 35.894184, 48.407255 ], [ 35.901844, 48.409918 ] ] } },
{ "type": "Feature", "properties": { "tessellate": -1, "extrude": 0, "visibility": -1 }, "geometry": { "type": "LineString", "coordinates": [ [ 36.089684, 48.444132 ], [ 36.081754, 48.44308 ], [ 36.077789, 48.442817 ], [ 36.069066, 48.44045 ], [ 36.057962, 48.433641 ], [ 36.041183, 48.431947 ], [ 36.008354, 48.425896 ], [ 35.975525, 48.437271 ], [ 35.954004, 48.433883 ], [ 35.931389, 48.412824 ], [ 35.925635, 48.409422 ], [ 35.911176, 48.403423 ], [ 35.894184, 48.407255 ] ] } },
{ "type": "Feature", "properties": { "tessellate": -1, "extrude": 0, "visibility": -1 }, "geometry": { "type": "LineString", "coordinates": [ [ 36.360991, 48.341263 ], [ 36.363449, 48.341771 ] ] } },
{ "type": "Feature", "properties": { "tessellate": -1, "extrude": 0, "visibility": -1 }, "geometry": { "type": "LineString", "coordinates": [ [ 36.254454, 48.363953 ], [ 36.251106, 48.353574 ], [ 36.250935, 48.352377 ], [ 36.24999, 48.35175 ], [ 36.247845, 48.344745 ], [ 36.250657, 48.332019 ], [ 36.255381, 48.307496 ], [ 36.257515, 48.300907 ], [ 36.248153, 48.275206 ], [ 36.239858, 48.259651 ], [ 36.239956, 48.253504 ], [ 36.238483, 48.247422 ], [ 36.237796, 48.245264 ], [ 36.238938, 48.239475 ], [ 36.236632, 48.218549 ] ] } },
{ "type": "Feature", "properties": { "tessellate": -1, "extrude": 0, "visibility": -1 }, "geometry": { "type": "LineString", "coordinates": [ [ 36.752787, 48.248421 ], [ 36.754503, 48.241451 ], [ 36.754417, 48.240395 ], [ 36.754761, 48.239338 ], [ 36.754632, 48.238509 ], [ 36.751328, 48.237166 ], [ 36.749353, 48.235824 ], [ 36.746607, 48.235995 ], [ 36.745749, 48.237024 ], [ 36.744118, 48.236738 ], [ 36.740513, 48.236995 ], [ 36.738882, 48.236681 ] ] } },
{ "type": "Feature", "properties": { "tessellate": -1, "extrude": 0, "visibility": -1 }, "geometry": { "type": "LineString", "coordinates": [ [ 36.729999, 48.235336 ], [ 36.729312, 48.235479 ], [ 36.728067, 48.235251 ], [ 36.726952, 48.235393 ], [ 36.725063, 48.234936 ], [ 36.723776, 48.235279 ], [ 36.722016, 48.235136 ], [ 36.720858, 48.235851 ], [ 36.714034, 48.236908 ], [ 36.709185, 48.237365 ], [ 36.708412, 48.238708 ], [ 36.706781, 48.241136 ], [ 36.703005, 48.24205 ], [ 36.703091, 48.244506 ], [ 36.702876, 48.245053 ] ] } },
{ "type": "Feature", "properties": { "tessellate": -1, "extrude": 0, "visibility": -1 }, "geometry": { "type": "LineString", "coordinates": [ [ 35.802083, 47.67256 ], [ 35.797749, 47.687708 ], [ 35.824099, 47.69354 ], [ 35.828133, 47.698689 ], [ 35.835342, 47.706598 ], [ 35.838175, 47.713755 ], [ 35.84281, 47.71641 ], [ 35.843496, 47.719123 ], [ 35.848389, 47.721027 ], [ 35.857916, 47.723624 ], [ 35.870705, 47.727671 ], [ 35.874825, 47.727857 ], [ 35.879116, 47.741011 ], [ 35.87888, 47.747954 ], [ 35.879663, 47.74861 ], [ 35.879374, 47.749167 ], [ 35.878601, 47.750882 ], [ 35.876455, 47.759591 ], [ 35.874224, 47.764204 ], [ 35.878859, 47.772692 ] ] } },
{ "type": "Feature", "properties": { "tessellate": -1, "extrude": 0, "visibility": -1 }, "geometry": { "type": "LineString", "coordinates": [ [ 35.263099, 47.770492 ], [ 35.259922, 47.770094 ] ] } },
{ "type": "Feature", "properties": { "tessellate": -1, "extrude": 0, "visibility": -1 }, "geometry": { "type": "LineString", "coordinates": [ [ 35.283195, 47.773074 ], [ 35.272408, 47.771683 ] ] } },
{ "type": "Feature", "properties": { "tessellate": -1, "extrude": 0, "visibility": -1 }, "geometry": { "type": "LineString", "coordinates": [ [ 35.314906, 47.699183 ], [ 35.317563, 47.698255 ], [ 35.316727, 47.697527 ] ] } },
{ "type": "Feature", "properties": { "tessellate": -1, "extrude": 0, "visibility": -1 }, "geometry": { "type": "LineString", "coordinates": [ [ 35.357908, 47.705573 ], [ 35.354366, 47.70511 ] ] } },
{ "type": "Feature", "properties": { "tessellate": -1, "extrude": 0, "visibility": -1 }, "geometry": { "type": "LineString", "coordinates": [ [ 35.275079, 47.724159 ], [ 35.27619, 47.724359 ], [ 35.275774, 47.72488 ], [ 35.275073, 47.724786 ] ] } },
{ "type": "Feature", "properties": { "tessellate": -1, "extrude": 0, "visibility": -1 }, "geometry": { "type": "LineString", "coordinates": [ [ 35.502707, 47.809126 ], [ 35.501137, 47.806584 ], [ 35.491073, 47.802491 ], [ 35.488455, 47.790927 ], [ 35.489564, 47.785537 ], [ 35.488284, 47.784218 ], [ 35.48359, 47.777393 ] ] } },
{ "type": "Feature", "properties": { "tessellate": -1, "extrude": 0, "visibility": -1 }, "geometry": { "type": "LineString", "coordinates": [ [ 35.525209, 47.888936 ], [ 35.524444, 47.887071 ], [ 35.522721, 47.88553 ], [ 35.523619, 47.875923 ], [ 35.522688, 47.866247 ], [ 35.52106, 47.865311 ], [ 35.519189, 47.858213 ], [ 35.508608, 47.852016 ], [ 35.514674, 47.824717 ] ] } },
{ "type": "Feature", "properties": { "tessellate": -1, "extrude": 0, "visibility": -1 }, "geometry": { "type": "LineString", "coordinates": [ [ 35.525834, 47.890009 ], [ 35.527017, 47.891221 ], [ 35.528129, 47.892154 ], [ 35.52789, 47.897585 ], [ 35.529388, 47.899259 ], [ 35.533881, 47.905685 ], [ 35.543573, 47.906729 ], [ 35.542156, 47.911934 ], [ 35.542104, 47.914361 ], [ 35.536498, 47.920738 ], [ 35.532377, 47.937393 ], [ 35.530215, 47.940083 ], [ 35.526971, 47.94991 ], [ 35.528207, 47.952186 ], [ 35.527897, 47.954937 ], [ 35.524749, 47.965253 ], [ 35.543125, 47.967182 ], [ 35.543262, 47.970487 ], [ 35.544771, 47.975078 ], [ 35.552313, 47.982146 ] ] } },
{ "type": "Feature", "properties": { "tessellate": -1, "extrude": 0, "visibility": -1 }, "geometry": { "type": "LineString", "coordinates": [ [ 35.458303, 47.957602 ], [ 35.461963, 47.955201 ], [ 35.462486, 47.95325 ], [ 35.464876, 47.949298 ] ] } },
{ "type": "Feature", "properties": { "tessellate": -1, "extrude": 0, "visibility": -1 }, "geometry": { "type": "LineString", "coordinates": [ [ 35.568029, 47.995657 ], [ 35.567554, 47.994969 ], [ 35.56763, 47.993556 ], [ 35.56312, 47.990539 ], [ 35.559719, 47.982513 ] ] } },
{ "type": "Feature", "properties": { "tessellate": -1, "extrude": 0, "visibility": -1 }, "geometry": { "type": "LineString", "coordinates": [ [ 35.462573, 48.094796 ], [ 35.466614, 48.077289 ], [ 35.508242, 48.080611 ], [ 35.512705, 48.086285 ], [ 35.521631, 48.086571 ], [ 35.533047, 48.084945 ], [ 35.540943, 48.078732 ], [ 35.540943, 48.062633 ], [ 35.539405, 48.048214 ], [ 35.541243, 48.041763 ], [ 35.540372, 48.030376 ], [ 35.551398, 48.023002 ], [ 35.557001, 48.017078 ], [ 35.573719, 48.007249 ], [ 35.577108, 48.004578 ], [ 35.575451, 48.001908 ], [ 35.568839, 47.997069 ] ] } },
{ "type": "Feature", "properties": { "tessellate": -1, "extrude": 0, "visibility": -1 }, "geometry": { "type": "LineString", "coordinates": [ [ 35.286244, 47.832915 ], [ 35.289727, 47.832745 ], [ 35.291436, 47.832405 ] ] } },
{ "type": "Feature", "properties": { "tessellate": -1, "extrude": 0, "visibility": -1 }, "geometry": { "type": "LineString", "coordinates": [ [ 35.267123, 47.837166 ], [ 35.268769, 47.836953 ], [ 35.280799, 47.834318 ] ] } },
{ "type": "Feature", "properties": { "tessellate": -1, "extrude": 0, "visibility": -1 }, "geometry": { "type": "LineString", "coordinates": [ [ 35.339314, 47.89363 ], [ 35.340018, 47.882502 ], [ 35.339675, 47.861833 ], [ 35.340702, 47.858502 ], [ 35.332828, 47.855401 ], [ 35.329062, 47.856549 ] ] } },
{ "type": "Feature", "properties": { "tessellate": -1, "extrude": 0, "visibility": -1 }, "geometry": { "type": "LineString", "coordinates": [ [ 35.271409, 47.888355 ], [ 35.250354, 47.865078 ], [ 35.240868, 47.867949 ] ] } },
{ "type": "Feature", "properties": { "tessellate": -1, "extrude": 0, "visibility": -1 }, "geometry": { "type": "LineString", "coordinates": [ [ 35.270882, 47.885675 ], [ 35.270946, 47.886148 ] ] } },
{ "type": "Feature", "properties": { "tessellate": -1, "extrude": 0, "visibility": -1 }, "geometry": { "type": "LineString", "coordinates": [ [ 35.260087, 47.899634 ], [ 35.26594, 47.90077 ], [ 35.26594, 47.899428 ], [ 35.265016, 47.89633 ] ] } },
{ "type": "Feature", "properties": { "tessellate": -1, "extrude": 0, "visibility": -1 }, "geometry": { "type": "LineString", "coordinates": [ [ 35.225892, 47.914503 ], [ 35.229897, 47.911715 ], [ 35.236828, 47.910992 ], [ 35.251615, 47.907172 ], [ 35.257622, 47.904591 ] ] } },
{ "type": "Feature", "properties": { "tessellate": -1, "extrude": 0, "visibility": -1 }, "geometry": { "type": "LineString", "coordinates": [ [ 37.020862, 48.140618 ], [ 37.02226, 48.140441 ], [ 37.022327, 48.139641 ], [ 37.026322, 48.138885 ], [ 37.026322, 48.137553 ], [ 37.032913, 48.134665 ], [ 37.034311, 48.135109 ], [ 37.037374, 48.133998 ] ] } },
{ "type": "Feature", "properties": { "tessellate": -1, "extrude": 0, "visibility": -1 }, "geometry": { "type": "LineString", "coordinates": [ [ 36.985442, 48.143906 ], [ 36.985176, 48.144483 ], [ 36.984225, 48.144252 ], [ 36.984348, 48.143807 ] ] } },
{ "type": "Feature", "properties": { "tessellate": -1, "extrude": 0, "visibility": -1 }, "geometry": { "type": "LineString", "coordinates": [ [ 36.991017, 48.144361 ], [ 36.988241, 48.144407 ] ] } },
{ "type": "Feature", "properties": { "tessellate": -1, "extrude": 0, "visibility": -1 }, "geometry": { "type": "LineString", "coordinates": [ [ 37.494857, 48.330088 ], [ 37.491401, 48.332911 ], [ 37.489031, 48.332911 ], [ 37.489525, 48.330876 ] ] } },
{ "type": "Feature", "properties": { "tessellate": -1, "extrude": 0, "visibility": -1 }, "geometry": { "type": "LineString", "coordinates": [ [ 37.49466, 48.344792 ], [ 37.496437, 48.342626 ], [ 37.494956, 48.339147 ], [ 37.487846, 48.335865 ], [ 37.48123, 48.333173 ], [ 37.484489, 48.328643 ], [ 37.486069, 48.32779 ] ] } },
{ "type": "Feature", "properties": { "tessellate": -1, "extrude": 0, "visibility": -1 }, "geometry": { "type": "LineString", "coordinates": [ [ 37.502165, 48.347089 ], [ 37.499597, 48.34827 ] ] } },
{ "type": "Feature", "properties": { "tessellate": -1, "extrude": 0, "visibility": -1 }, "geometry": { "type": "LineString", "coordinates": [ [ 37.487254, 48.329825 ], [ 37.484489, 48.328643 ] ] } },
{ "type": "Feature", "properties": { "tessellate": -1, "extrude": 0, "visibility": -1 }, "geometry": { "type": "LineString", "coordinates": [ [ 37.476589, 48.334618 ], [ 37.476589, 48.335799 ], [ 37.477873, 48.336062 ], [ 37.48123, 48.333173 ], [ 37.465035, 48.327527 ], [ 37.452395, 48.322734 ], [ 37.447162, 48.322603 ], [ 37.432251, 48.31886 ], [ 37.434621, 48.311702 ], [ 37.439755, 48.305922 ] ] } },
{ "type": "Feature", "properties": { "tessellate": -1, "extrude": 0, "visibility": -1 }, "geometry": { "type": "LineString", "coordinates": [ [ 37.431757, 48.331007 ], [ 37.430967, 48.328053 ], [ 37.429881, 48.326083 ], [ 37.432251, 48.31886 ] ] } },
{ "type": "Feature", "properties": { "tessellate": -1, "extrude": 0, "visibility": -1 }, "geometry": { "type": "LineString", "coordinates": [ [ 37.441434, 48.333961 ], [ 37.442817, 48.324638 ], [ 37.441335, 48.324441 ] ] } },
{ "type": "Feature", "properties": { "tessellate": -1, "extrude": 0, "visibility": -1 }, "geometry": { "type": "LineString", "coordinates": [ [ 37.442224, 48.347286 ], [ 37.442224, 48.342954 ], [ 37.443804, 48.338491 ], [ 37.443705, 48.335865 ] ] } },
{ "type": "Feature", "properties": { "tessellate": -1, "extrude": 0, "visibility": -1 }, "geometry": { "type": "LineString", "coordinates": [ [ 37.467405, 48.331729 ], [ 37.465726, 48.331335 ], [ 37.46227, 48.330744 ], [ 37.456938, 48.33035 ] ] } },
{ "type": "Feature", "properties": { "tessellate": -1, "extrude": 0, "visibility": -1 }, "geometry": { "type": "LineString", "coordinates": [ [ 37.53399, 48.346349 ], [ 37.53399, 48.347215 ], [ 37.531514, 48.348774 ], [ 37.526042, 48.349813 ], [ 37.513794, 48.350939 ], [ 37.499721, 48.353276 ], [ 37.492685, 48.355528 ], [ 37.489155, 48.356523 ], [ 37.487385, 48.357853 ], [ 37.485152, 48.354783 ], [ 37.475989, 48.349053 ], [ 37.465518, 48.343475 ], [ 37.454431, 48.339432 ], [ 37.450427, 48.344959 ], [ 37.449426, 48.347722 ], [ 37.448733, 48.348285 ], [ 37.447887, 48.353965 ] ] } },
{ "type": "Feature", "properties": { "tessellate": -1, "extrude": 0, "visibility": -1 }, "geometry": { "type": "LineString", "coordinates": [ [ 37.478904, 48.33733 ], [ 37.484757, 48.341534 ], [ 37.488591, 48.34681 ], [ 37.49483, 48.354841 ], [ 37.502384, 48.365712 ] ] } },
{ "type": "Feature", "properties": { "tessellate": -1, "extrude": 0, "visibility": -1 }, "geometry": { "type": "LineString", "coordinates": [ [ 37.485075, 48.363736 ], [ 37.485845, 48.362099 ], [ 37.486461, 48.360053 ], [ 37.487385, 48.357853 ] ] } },
{ "type": "Feature", "properties": { "tessellate": -1, "extrude": 0, "visibility": -1 }, "geometry": { "type": "LineString", "coordinates": [ [ 37.460656, 48.389113 ], [ 37.460014, 48.38634 ], [ 37.462423, 48.377273 ] ] } },
{ "type": "Feature", "properties": { "tessellate": -1, "extrude": 0, "visibility": -1 }, "geometry": { "type": "LineString", "coordinates": [ [ 37.420506, 48.374606 ], [ 37.425645, 48.338428 ] ] } },
{ "type": "Feature", "properties": { "tessellate": -1, "extrude": 0, "visibility": -1 }, "geometry": { "type": "LineString", "coordinates": [ [ 37.4189, 48.361909 ], [ 37.422754, 48.337147 ] ] } },
{ "type": "Feature", "properties": { "tessellate": -1, "extrude": 0, "visibility": -1 }, "geometry": { "type": "LineString", "coordinates": [ [ 37.420297, 48.332956 ], [ 37.420638, 48.331234 ] ] } },
{ "type": "Feature", "properties": { "tessellate": -1, "extrude": 0, "visibility": -1 }, "geometry": { "type": "LineString", "coordinates": [ [ 37.406755, 48.344029 ], [ 37.408113, 48.341124 ], [ 37.409531, 48.339632 ], [ 37.410063, 48.335116 ] ] } },
{ "type": "Feature", "properties": { "tessellate": -1, "extrude": 0, "visibility": -1 }, "geometry": { "type": "LineString", "coordinates": [ [ 37.401715, 48.367935 ], [ 37.404721, 48.350795 ], [ 37.405848, 48.346551 ] ] } },
{ "type": "Feature", "properties": { "tessellate": -1, "extrude": 0, "visibility": -1 }, "geometry": { "type": "LineString", "coordinates": [ [ 37.298538, 48.277282 ], [ 37.297838, 48.279646 ], [ 37.295236, 48.279779 ], [ 37.295937, 48.281844 ], [ 37.28663, 48.281444 ], [ 37.287181, 48.279247 ], [ 37.284479, 48.27908 ], [ 37.27092, 48.277848 ], [ 37.27047, 48.279746 ], [ 37.263315, 48.27908 ], [ 37.261786, 48.278764 ] ] } },
{ "type": "Feature", "properties": { "tessellate": -1, "extrude": 0, "visibility": -1 }, "geometry": { "type": "LineString", "coordinates": [ [ 37.262014, 48.283176 ], [ 37.263315, 48.27908 ] ] } },
{ "type": "Feature", "properties": { "tessellate": -1, "extrude": 0, "visibility": -1 }, "geometry": { "type": "LineString", "coordinates": [ [ 37.26995, 48.291072 ], [ 37.271997, 48.291215 ], [ 37.275121, 48.292039 ], [ 37.27581, 48.29399 ], [ 37.282816, 48.29792 ], [ 37.285306, 48.288828 ], [ 37.28663, 48.281444 ] ] } },
{ "type": "Feature", "properties": { "tessellate": -1, "extrude": 0, "visibility": -1 }, "geometry": { "type": "LineString", "coordinates": [ [ 37.303546, 48.292372 ], [ 37.300593, 48.293336 ], [ 37.300072, 48.296687 ], [ 37.29156, 48.302658 ], [ 37.302388, 48.304237 ], [ 37.301309, 48.309232 ], [ 37.297482, 48.323791 ], [ 37.296487, 48.323638 ] ] } },
{ "type": "Feature", "properties": { "tessellate": -1, "extrude": 0, "visibility": -1 }, "geometry": { "type": "LineString", "coordinates": [ [ 37.27957, 48.319006 ], [ 37.283321, 48.320075 ], [ 37.284546, 48.32033 ], [ 37.281943, 48.3243 ] ] } },
{ "type": "Feature", "properties": { "tessellate": -1, "extrude": 0, "visibility": -1 }, "geometry": { "type": "LineString", "coordinates": [ [ 37.285141, 48.319695 ], [ 37.284546, 48.32033 ] ] } },
{ "type": "Feature", "properties": { "tessellate": -1, "extrude": 0, "visibility": -1 }, "geometry": { "type": "LineString", "coordinates": [ [ 37.280417, 48.323825 ], [ 37.283321, 48.320075 ] ] } },
{ "type": "Feature", "properties": { "tessellate": -1, "extrude": 0, "visibility": -1 }, "geometry": { "type": "LineString", "coordinates": [ [ 37.289605, 48.326306 ], [ 37.286385, 48.327689 ], [ 37.286111, 48.328159 ], [ 37.280053, 48.331165 ], [ 37.271683, 48.332541 ], [ 37.266554, 48.337865 ], [ 37.225247, 48.328891 ], [ 37.220567, 48.328233 ], [ 37.218767, 48.327575 ] ] } },
{ "type": "Feature", "properties": { "tessellate": -1, "extrude": 0, "visibility": -1 }, "geometry": { "type": "LineString", "coordinates": [ [ 37.292292, 48.336669 ], [ 37.294182, 48.335054 ], [ 37.300251, 48.338764 ], [ 37.308387, 48.330438 ] ] } },
{ "type": "Feature", "properties": { "tessellate": -1, "extrude": 0, "visibility": -1 }, "geometry": { "type": "LineString", "coordinates": [ [ 37.266103, 48.347159 ], [ 37.266639, 48.343033 ], [ 37.266554, 48.337865 ] ] } },
{ "type": "Feature", "properties": { "tessellate": -1, "extrude": 0, "visibility": -1 }, "geometry": { "type": "LineString", "coordinates": [ [ 37.319519, 48.326381 ], [ 37.321125, 48.326381 ], [ 37.320911, 48.328658 ], [ 37.315345, 48.32873 ] ] } },
{ "type": "Feature", "properties": { "tessellate": -1, "extrude": 0, "visibility": -1 }, "geometry": { "type": "LineString", "coordinates": [ [ 37.323694, 48.325598 ], [ 37.319412, 48.325456 ], [ 37.319412, 48.324317 ] ] } },
{ "type": "Feature", "properties": { "tessellate": -1, "extrude": 0, "visibility": -1 }, "geometry": { "type": "LineString", "coordinates": [ [ 37.333097, 48.310952 ], [ 37.331486, 48.310344 ], [ 37.32864, 48.308237 ], [ 37.327029, 48.307987 ] ] } },
{ "type": "Feature", "properties": { "tessellate": -1, "extrude": 0, "visibility": -1 }, "geometry": { "type": "LineString", "coordinates": [ [ 37.33068, 48.30738 ], [ 37.329338, 48.30713 ] ] } },
{ "type": "Feature", "properties": { "tessellate": -1, "extrude": 0, "visibility": -1 }, "geometry": { "type": "LineString", "coordinates": [ [ 37.341275, 48.328755 ], [ 37.342989, 48.328992 ], [ 37.346773, 48.327473 ] ] } },
{ "type": "Feature", "properties": { "tessellate": -1, "extrude": 0, "visibility": -1 }, "geometry": { "type": "LineString", "coordinates": [ [ 37.342489, 48.327853 ], [ 37.342204, 48.327758 ], [ 37.342561, 48.326856 ] ] } },
{ "type": "Feature", "properties": { "tessellate": -1, "extrude": 0, "visibility": -1 }, "geometry": { "type": "LineString", "coordinates": [ [ 37.354912, 48.334688 ], [ 37.354555, 48.333217 ] ] } },
{ "type": "Feature", "properties": { "tessellate": -1, "extrude": 0, "visibility": -1 }, "geometry": { "type": "LineString", "coordinates": [ [ 37.340515, 48.358921 ], [ 37.334766, 48.373749 ], [ 37.331612, 48.388323 ], [ 37.331335, 48.389363 ], [ 37.341742, 48.390708 ] ] } },
{ "type": "Feature", "properties": { "tessellate": -1, "extrude": 0, "visibility": -1 }, "geometry": { "type": "LineString", "coordinates": [ [ 37.311903, 48.386733 ], [ 37.316232, 48.388384 ], [ 37.331612, 48.388323 ] ] } },
{ "type": "Feature", "properties": { "tessellate": -1, "extrude": 0, "visibility": -1 }, "geometry": { "type": "LineString", "coordinates": [ [ 37.325718, 48.390341 ], [ 37.322494, 48.39083 ], [ 37.315495, 48.390219 ] ] } },
{ "type": "Feature", "properties": { "tessellate": -1, "extrude": 0, "visibility": -1 }, "geometry": { "type": "LineString", "coordinates": [ [ 37.39967, 48.406091 ], [ 37.383093, 48.404344 ], [ 37.37508, 48.404711 ], [ 37.333177, 48.40147 ], [ 37.335033, 48.404984 ], [ 37.336396, 48.41033 ], [ 37.337263, 48.420775 ] ] } },
{ "type": "Feature", "properties": { "tessellate": -1, "extrude": 0, "visibility": -1 }, "geometry": { "type": "LineString", "coordinates": [ [ 37.348736, 48.39102 ], [ 37.351135, 48.39102 ], [ 37.389704, 48.398985 ], [ 37.405022, 48.399598 ], [ 37.407974, 48.401191 ], [ 37.414618, 48.398128 ], [ 37.425137, 48.394574 ], [ 37.428828, 48.39923 ], [ 37.449316, 48.402183 ], [ 37.450387, 48.400115 ], [ 37.450777, 48.398434 ] ] } },
{ "type": "Feature", "properties": { "tessellate": -1, "extrude": 0, "visibility": -1 }, "geometry": { "type": "LineString", "coordinates": [ [ 37.493582, 48.402686 ], [ 37.486896, 48.400311 ], [ 37.483671, 48.39743 ], [ 37.479917, 48.39669 ], [ 37.474639, 48.39926 ], [ 37.463144, 48.400309 ], [ 37.450387, 48.400115 ] ] } },
{ "type": "Feature", "properties": { "tessellate": -1, "extrude": 0, "visibility": -1 }, "geometry": { "type": "LineString", "coordinates": [ [ 37.496515, 48.403855 ], [ 37.500503, 48.407125 ], [ 37.529354, 48.415289 ], [ 37.538742, 48.417434 ], [ 37.543822, 48.420294 ], [ 37.550793, 48.421883 ], [ 37.553186, 48.422485 ], [ 37.559443, 48.420663 ], [ 37.562051, 48.416298 ] ] } },
{ "type": "Feature", "properties": { "tessellate": -1, "extrude": 0, "visibility": -1 }, "geometry": { "type": "LineString", "coordinates": [ [ 37.550453, 48.420076 ], [ 37.551474, 48.420482 ], [ 37.550793, 48.421883 ] ] } },
{ "type": "Feature", "properties": { "tessellate": -1, "extrude": 0, "visibility": -1 }, "geometry": { "type": "LineString", "coordinates": [ [ 37.479054, 48.423929 ], [ 37.48951, 48.423594 ], [ 37.487992, 48.428965 ], [ 37.490184, 48.431986 ], [ 37.491365, 48.439371 ], [ 37.486285, 48.440565 ], [ 37.47763, 48.444256 ], [ 37.470005, 48.444666 ] ] } },
{ "type": "Feature", "properties": { "tessellate": -1, "extrude": 0, "visibility": -1 }, "geometry": { "type": "LineString", "coordinates": [ [ 37.316901, 48.363674 ], [ 37.314119, 48.359053 ], [ 37.311336, 48.354767 ], [ 37.315131, 48.351237 ], [ 37.318798, 48.34964 ] ] } },
{ "type": "Feature", "properties": { "tessellate": -1, "extrude": 0, "visibility": -1 }, "geometry": { "type": "LineString", "coordinates": [ [ 37.292366, 48.351657 ], [ 37.293631, 48.35275 ], [ 37.292493, 48.361574 ], [ 37.292113, 48.381065 ], [ 37.30906, 48.382493 ], [ 37.311336, 48.375185 ], [ 37.309945, 48.370396 ] ] } },
{ "type": "Feature", "properties": { "tessellate": -1, "extrude": 0, "visibility": -1 }, "geometry": { "type": "LineString", "coordinates": [ [ 37.286422, 48.379637 ], [ 37.286043, 48.366531 ], [ 37.288446, 48.354599 ] ] } },
{ "type": "Feature", "properties": { "tessellate": -1, "extrude": 0, "visibility": -1 }, "geometry": { "type": "LineString", "coordinates": [ [ 37.205574, 48.368634 ], [ 37.211441, 48.376501 ], [ 37.217117, 48.385768 ], [ 37.227602, 48.405903 ], [ 37.230148, 48.412589 ], [ 37.229112, 48.419934 ], [ 37.228685, 48.426785 ], [ 37.2333, 48.427301 ], [ 37.238847, 48.430747 ], [ 37.242742, 48.437091 ], [ 37.246992, 48.43803 ], [ 37.25105, 48.442741 ], [ 37.261447, 48.442458 ], [ 37.274549, 48.437922 ], [ 37.277825, 48.434237 ], [ 37.280958, 48.43282 ], [ 37.284376, 48.429796 ], [ 37.298049, 48.431119 ], [ 37.298761, 48.4366 ], [ 37.320836, 48.439434 ], [ 37.321121, 48.441796 ], [ 37.325678, 48.443875 ], [ 37.329523, 48.446709 ], [ 37.335078, 48.446614 ], [ 37.336787, 48.445575 ], [ 37.341344, 48.446048 ], [ 37.343078, 48.448402 ], [ 37.346647, 48.448797 ], [ 37.349875, 48.449304 ], [ 37.354038, 48.44891 ], [ 37.354887, 48.450375 ] ] } },
{ "type": "Feature", "properties": { "tessellate": -1, "extrude": 0, "visibility": -1 }, "geometry": { "type": "LineString", "coordinates": [ [ 37.358625, 48.450825 ], [ 37.370264, 48.450375 ], [ 37.373624, 48.455511 ], [ 37.376163, 48.458879 ], [ 37.376468, 48.465883 ], [ 37.382412, 48.471825 ], [ 37.387504, 48.477901 ], [ 37.406852, 48.475988 ], [ 37.411943, 48.476213 ], [ 37.420933, 48.474924 ], [ 37.420938, 48.476888 ], [ 37.418474, 48.487126 ] ] } },
{ "type": "Feature", "properties": { "tessellate": -1, "extrude": 0, "visibility": -1 }, "geometry": { "type": "LineString", "coordinates": [ [ 37.364485, 48.480713 ], [ 37.364414, 48.480145 ], [ 37.368838, 48.479648 ] ] } },
{ "type": "Feature", "properties": { "tessellate": -1, "extrude": 0, "visibility": -1 }, "geometry": { "type": "LineString", "coordinates": [ [ 37.308071, 48.398691 ], [ 37.308792, 48.394037 ], [ 37.311232, 48.389937 ], [ 37.311113, 48.388631 ], [ 37.308431, 48.387444 ], [ 37.30906, 48.382493 ] ] } },
{ "type": "Feature", "properties": { "tessellate": -1, "extrude": 0, "visibility": -1 }, "geometry": { "type": "LineString", "coordinates": [ [ 37.436947, 48.424854 ], [ 37.432853, 48.421956 ], [ 37.428486, 48.421956 ], [ 37.400921, 48.423949 ], [ 37.391368, 48.428839 ], [ 37.393045, 48.431817 ], [ 37.393835, 48.432917 ], [ 37.395178, 48.432708 ], [ 37.394862, 48.431555 ], [ 37.393045, 48.431817 ] ] } },
{ "type": "Feature", "properties": { "tessellate": -1, "extrude": 0, "visibility": -1 }, "geometry": { "type": "LineString", "coordinates": [ [ 37.447066, 48.41836 ], [ 37.448561, 48.418513 ], [ 37.448331, 48.419658 ], [ 37.446893, 48.419658 ] ] } },
{ "type": "Feature", "properties": { "tessellate": -1, "extrude": 0, "visibility": -1 }, "geometry": { "type": "LineString", "coordinates": [ [ 37.404773, 48.405978 ], [ 37.411341, 48.406463 ], [ 37.421435, 48.406867 ], [ 37.431894, 48.407674 ], [ 37.44661, 48.407755 ], [ 37.448434, 48.4084 ] ] } },
{ "type": "Feature", "properties": { "tessellate": -1, "extrude": 0, "visibility": -1 }, "geometry": { "type": "LineString", "coordinates": [ [ 37.456057, 48.471251 ], [ 37.445449, 48.468594 ], [ 37.419283, 48.472032 ], [ 37.41775, 48.470782 ], [ 37.411562, 48.460803 ], [ 37.407263, 48.457046 ], [ 37.407068, 48.453417 ], [ 37.39739, 48.438263 ], [ 37.416839, 48.439608 ], [ 37.432707, 48.439882 ], [ 37.442598, 48.438105 ], [ 37.459496, 48.439608 ], [ 37.463617, 48.439198 ], [ 37.465678, 48.443846 ], [ 37.467326, 48.44412 ] ] } },
{ "type": "Feature", "properties": { "tessellate": -1, "extrude": 0, "visibility": -1 }, "geometry": { "type": "LineString", "coordinates": [ [ 37.468103, 48.463662 ], [ 37.468759, 48.454535 ], [ 37.47374, 48.450536 ], [ 37.495892, 48.441145 ], [ 37.505699, 48.438923 ], [ 37.534692, 48.440624 ], [ 37.550291, 48.438102 ], [ 37.553186, 48.422485 ], [ 37.530488, 48.430756 ], [ 37.518852, 48.433441 ], [ 37.51295, 48.437021 ], [ 37.505699, 48.438923 ], [ 37.497098, 48.439035 ], [ 37.495243, 48.439818 ], [ 37.491365, 48.439371 ] ] } },
{ "type": "Feature", "properties": { "tessellate": -1, "extrude": 0, "visibility": -1 }, "geometry": { "type": "LineString", "coordinates": [ [ 37.608941, 48.451665 ], [ 37.60829, 48.450178 ], [ 37.609731, 48.443629 ], [ 37.615506, 48.446547 ], [ 37.615693, 48.446712 ], [ 37.626206, 48.450714 ], [ 37.632279, 48.455665 ], [ 37.636687, 48.458967 ], [ 37.641502, 48.463621 ], [ 37.649438, 48.470972 ], [ 37.655841, 48.468834 ], [ 37.660537, 48.466475 ], [ 37.655604, 48.465469 ] ] } },
{ "type": "Feature", "properties": { "tessellate": -1, "extrude": 0, "visibility": -1 }, "geometry": { "type": "LineString", "coordinates": [ [ 37.585036, 48.435204 ], [ 37.586672, 48.435817 ], [ 37.586127, 48.436624 ], [ 37.584449, 48.43615 ] ] } },
{ "type": "Feature", "properties": { "tessellate": -1, "extrude": 0, "visibility": -1 }, "geometry": { "type": "LineString", "coordinates": [ [ 37.668953, 48.467849 ], [ 37.663115, 48.464759 ], [ 37.665423, 48.462688 ], [ 37.667504, 48.459957 ], [ 37.670582, 48.460678 ], [ 37.67126, 48.461668 ], [ 37.67565, 48.461818 ], [ 37.67565, 48.463498 ], [ 37.674654, 48.465869 ], [ 37.671985, 48.469259 ], [ 37.668998, 48.468929 ] ] } },
{ "type": "Feature", "properties": { "tessellate": -1, "extrude": 0, "visibility": -1 }, "geometry": { "type": "LineString", "coordinates": [ [ 37.664331, 48.466916 ], [ 37.660537, 48.466475 ] ] } },
{ "type": "Feature", "properties": { "tessellate": -1, "extrude": 0, "visibility": -1 }, "geometry": { "type": "LineString", "coordinates": [ [ 37.656932, 48.468991 ], [ 37.655841, 48.468834 ] ] } },
{ "type": "Feature", "properties": { "tessellate": -1, "extrude": 0, "visibility": -1 }, "geometry": { "type": "LineString", "coordinates": [ [ 37.647968, 48.471129 ], [ 37.649438, 48.470972 ], [ 37.652521, 48.474243 ], [ 37.656704, 48.477692 ], [ 37.657349, 48.477497 ], [ 37.666258, 48.477886 ], [ 37.678448, 48.477847 ], [ 37.685891, 48.477731 ], [ 37.690521, 48.478818 ], [ 37.689291, 48.483286 ] ] } },
{ "type": "Feature", "properties": { "tessellate": -1, "extrude": 0, "visibility": -1 }, "geometry": { "type": "LineString", "coordinates": [ [ 37.665114, 48.446826 ], [ 37.667048, 48.446959 ], [ 37.66874, 48.447868 ], [ 37.673534, 48.448242 ], [ 37.668982, 48.448723 ], [ 37.669022, 48.449364 ], [ 37.661287, 48.451635 ] ] } },
{ "type": "Feature", "properties": { "tessellate": -1, "extrude": 0, "visibility": -1 }, "geometry": { "type": "LineString", "coordinates": [ [ 37.692145, 48.451048 ], [ 37.691258, 48.450941 ], [ 37.686465, 48.449631 ], [ 37.682235, 48.449284 ], [ 37.673534, 48.448242 ] ] } },
{ "type": "Feature", "properties": { "tessellate": -1, "extrude": 0, "visibility": -1 }, "geometry": { "type": "LineString", "coordinates": [ [ 37.657701, 48.478003 ], [ 37.656704, 48.477692 ] ] } },
{ "type": "Feature", "properties": { "tessellate": -1, "extrude": 0, "visibility": -1 }, "geometry": { "type": "LineString", "coordinates": [ [ 37.680567, 48.491479 ], [ 37.675968, 48.491007 ] ] } },
{ "type": "Feature", "properties": { "tessellate": -1, "extrude": 0, "visibility": -1 }, "geometry": { "type": "LineString", "coordinates": [ [ 37.666835, 48.50397 ], [ 37.675968, 48.499936 ], [ 37.678818, 48.499506 ], [ 37.68575, 48.496716 ] ] } },
{ "type": "Feature", "properties": { "tessellate": -1, "extrude": 0, "visibility": -1 }, "geometry": { "type": "LineString", "coordinates": [ [ 37.640791, 48.496184 ], [ 37.643201, 48.496422 ] ] } },
{ "type": "Feature", "properties": { "tessellate": -1, "extrude": 0, "visibility": -1 }, "geometry": { "type": "LineString", "coordinates": [ [ 37.625972, 48.498767 ], [ 37.625665, 48.497747 ], [ 37.626536, 48.497136 ], [ 37.626998, 48.495674 ], [ 37.627921, 48.495539 ], [ 37.628177, 48.495063 ], [ 37.627305, 48.494893 ] ] } },
{ "type": "Feature", "properties": { "tessellate": -1, "extrude": 0, "visibility": -1 }, "geometry": { "type": "LineString", "coordinates": [ [ 37.630331, 48.481367 ], [ 37.630126, 48.476846 ], [ 37.632085, 48.469428 ], [ 37.633035, 48.459605 ], [ 37.632279, 48.455665 ], [ 37.63285, 48.450305 ], [ 37.634646, 48.450305 ], [ 37.634973, 48.449439 ], [ 37.633503, 48.449114 ], [ 37.63285, 48.450305 ] ] } },
{ "type": "Feature", "properties": { "tessellate": -1, "extrude": 0, "visibility": -1 }, "geometry": { "type": "LineString", "coordinates": [ [ 37.532765, 48.471228 ], [ 37.540247, 48.471609 ], [ 37.565714, 48.46684 ], [ 37.569023, 48.466744 ], [ 37.589742, 48.46455 ] ] } },
{ "type": "Feature", "properties": { "tessellate": -1, "extrude": 0, "visibility": -1 }, "geometry": { "type": "LineString", "coordinates": [ [ 37.597187, 48.486989 ], [ 37.596718, 48.488542 ], [ 37.586969, 48.488667 ], [ 37.584906, 48.487672 ], [ 37.577781, 48.487175 ], [ 37.577875, 48.48587 ] ] } },
{ "type": "Feature", "properties": { "tessellate": -1, "extrude": 0, "visibility": -1 }, "geometry": { "type": "LineString", "coordinates": [ [ 37.566625, 48.490406 ], [ 37.577781, 48.487175 ] ] } },
{ "type": "Feature", "properties": { "tessellate": -1, "extrude": 0, "visibility": -1 }, "geometry": { "type": "LineString", "coordinates": [ [ 37.585101, 48.515582 ], [ 37.578487, 48.513583 ], [ 37.573148, 48.509201 ], [ 37.560847, 48.505742 ], [ 37.551099, 48.504819 ] ] } },
{ "type": "Feature", "properties": { "tessellate": -1, "extrude": 0, "visibility": -1 }, "geometry": { "type": "LineString", "coordinates": [ [ 37.524408, 48.529648 ], [ 37.535085, 48.533644 ], [ 37.536709, 48.533336 ], [ 37.537986, 48.533721 ], [ 37.541003, 48.532414 ], [ 37.559571, 48.544939 ], [ 37.566418, 48.547935 ], [ 37.596126, 48.555079 ], [ 37.603785, 48.553005 ], [ 37.606918, 48.549932 ], [ 37.610748, 48.549087 ], [ 37.613185, 48.548089 ] ] } },
{ "type": "Feature", "properties": { "tessellate": -1, "extrude": 0, "visibility": -1 }, "geometry": { "type": "LineString", "coordinates": [ [ 37.50526, 48.538792 ], [ 37.515241, 48.538715 ], [ 37.518954, 48.536333 ] ] } },
{ "type": "Feature", "properties": { "tessellate": -1, "extrude": 0, "visibility": -1 }, "geometry": { "type": "LineString", "coordinates": [ [ 37.497717, 48.55024 ], [ 37.498646, 48.545938 ], [ 37.497833, 48.543863 ] ] } },
{ "type": "Feature", "properties": { "tessellate": -1, "extrude": 0, "visibility": -1 }, "geometry": { "type": "LineString", "coordinates": [ [ 37.491219, 48.558535 ], [ 37.49354, 48.55554 ], [ 37.493307, 48.554464 ], [ 37.495512, 48.552237 ] ] } },
{ "type": "Feature", "properties": { "tessellate": -1, "extrude": 0, "visibility": -1 }, "geometry": { "type": "LineString", "coordinates": [ [ 37.46151, 48.554157 ], [ 37.463483, 48.554618 ], [ 37.465108, 48.552467 ] ] } },
{ "type": "Feature", "properties": { "tessellate": -1, "extrude": 0, "visibility": -1 }, "geometry": { "type": "LineString", "coordinates": [ [ 37.464365, 48.553451 ], [ 37.462787, 48.553082 ] ] } },
{ "type": "Feature", "properties": { "tessellate": -1, "extrude": 0, "visibility": -1 }, "geometry": { "type": "LineString", "coordinates": [ [ 37.424729, 48.554692 ], [ 37.428769, 48.551182 ], [ 37.427633, 48.543826 ], [ 37.42637, 48.543826 ] ] } },
{ "type": "Feature", "properties": { "tessellate": -1, "extrude": 0, "visibility": -1 }, "geometry": { "type": "LineString", "coordinates": [ [ 37.420378, 48.495739 ], [ 37.420192, 48.497052 ], [ 37.4204, 48.500773 ], [ 37.419776, 48.507181 ], [ 37.421024, 48.510006 ], [ 37.423104, 48.516137 ], [ 37.422708, 48.519577 ], [ 37.420688, 48.522253 ], [ 37.419299, 48.525013 ], [ 37.417658, 48.52518 ], [ 37.416142, 48.528024 ], [ 37.419931, 48.534462 ], [ 37.426749, 48.538977 ], [ 37.427633, 48.543826 ] ] } },
{ "type": "Feature", "properties": { "tessellate": -1, "extrude": 0, "visibility": -1 }, "geometry": { "type": "LineString", "coordinates": [ [ 37.127357, 48.309617 ], [ 37.131537, 48.316754 ], [ 37.138089, 48.317205 ], [ 37.142043, 48.316078 ], [ 37.153244, 48.316725 ], [ 37.1655, 48.318309 ], [ 37.180557, 48.315048 ], [ 37.204019, 48.317191 ], [ 37.201708, 48.32697 ] ] } },
{ "type": "Feature", "properties": { "tessellate": -1, "extrude": 0, "visibility": -1 }, "geometry": { "type": "LineString", "coordinates": [ [ 37.122499, 48.304206 ], [ 37.12442, 48.304206 ], [ 37.127244, 48.305785 ] ] } },
{ "type": "Feature", "properties": { "tessellate": -1, "extrude": 0, "visibility": -1 }, "geometry": { "type": "LineString", "coordinates": [ [ 37.107813, 48.304732 ], [ 37.110411, 48.304732 ], [ 37.11606, 48.304056 ], [ 37.118093, 48.304131 ] ] } },
{ "type": "Feature", "properties": { "tessellate": -1, "extrude": 0, "visibility": -1 }, "geometry": { "type": "LineString", "coordinates": [ [ 37.059426, 48.3169 ], [ 37.062009, 48.314951 ], [ 37.075618, 48.311795 ], [ 37.086359, 48.307598 ], [ 37.088165, 48.306797 ], [ 37.094065, 48.305356 ], [ 37.104721, 48.302833 ], [ 37.104841, 48.302192 ], [ 37.10749, 48.302192 ], [ 37.108875, 48.30007 ], [ 37.109838, 48.30007 ], [ 37.108513, 48.298828 ] ] } },
{ "type": "Feature", "properties": { "tessellate": -1, "extrude": 0, "visibility": -1 }, "geometry": { "type": "LineString", "coordinates": [ [ 37.055551, 48.320269 ], [ 37.040656, 48.331058 ], [ 37.031331, 48.333956 ], [ 37.007727, 48.343008 ], [ 37.001033, 48.347458 ], [ 36.994866, 48.348394 ], [ 36.9924, 48.348394 ], [ 36.995923, 48.351907 ] ] } },
{ "type": "Feature", "properties": { "tessellate": -1, "extrude": 0, "visibility": -1 }, "geometry": { "type": "LineString", "coordinates": [ [ 36.995043, 48.319699 ], [ 36.997157, 48.319699 ], [ 37.001737, 48.302475 ] ] } },
{ "type": "Feature", "properties": { "tessellate": -1, "extrude": 0, "visibility": -1 }, "geometry": { "type": "LineString", "coordinates": [ [ 37.013718, 48.299779 ], [ 37.010546, 48.317942 ], [ 37.008608, 48.318059 ] ] } },
{ "type": "Feature", "properties": { "tessellate": -1, "extrude": 0, "visibility": -1 }, "geometry": { "type": "LineString", "coordinates": [ [ 37.007727, 48.329071 ], [ 37.010546, 48.317942 ] ] } },
{ "type": "Feature", "properties": { "tessellate": -1, "extrude": 0, "visibility": -1 }, "geometry": { "type": "LineString", "coordinates": [ [ 36.986938, 48.329774 ], [ 36.988171, 48.322628 ], [ 36.985705, 48.31595 ], [ 36.990462, 48.302475 ] ] } },
{ "type": "Feature", "properties": { "tessellate": -1, "extrude": 0, "visibility": -1 }, "geometry": { "type": "LineString", "coordinates": [ [ 37.181239, 48.3616 ], [ 37.193545, 48.361486 ], [ 37.196815, 48.367146 ], [ 37.198794, 48.366974 ] ] } },
{ "type": "Feature", "properties": { "tessellate": -1, "extrude": 0, "visibility": -1 }, "geometry": { "type": "LineString", "coordinates": [ [ 37.088222, 48.358004 ], [ 37.094129, 48.358494 ], [ 37.09645, 48.357093 ], [ 37.097927, 48.35562 ], [ 37.104995, 48.354289 ], [ 37.112379, 48.353798 ], [ 37.112801, 48.352676 ], [ 37.122465, 48.349592 ], [ 37.123756, 48.348333 ], [ 37.141741, 48.349992 ], [ 37.153186, 48.346217 ], [ 37.162566, 48.346389 ], [ 37.177109, 48.349077 ], [ 37.184337, 48.352165 ], [ 37.191393, 48.355024 ], [ 37.193889, 48.354853 ] ] } },
{ "type": "Feature", "properties": { "tessellate": -1, "extrude": 0, "visibility": -1 }, "geometry": { "type": "LineString", "coordinates": [ [ 37.042756, 48.350713 ], [ 37.061322, 48.349662 ], [ 37.066597, 48.349592 ], [ 37.072398, 48.34826 ], [ 37.080416, 48.35562 ] ] } },
{ "type": "Feature", "properties": { "tessellate": -1, "extrude": 0, "visibility": -1 }, "geometry": { "type": "LineString", "coordinates": [ [ 37.0263, 48.360036 ], [ 37.015751, 48.362349 ], [ 37.012902, 48.361578 ], [ 37.005518, 48.363331 ], [ 36.997817, 48.366975 ], [ 36.992648, 48.366835 ], [ 36.988112, 48.368657 ], [ 36.98326, 48.369989 ], [ 36.971743, 48.371343 ], [ 36.967951, 48.371253 ], [ 36.962262, 48.372513 ], [ 36.961856, 48.369274 ], [ 36.965006, 48.353695 ], [ 36.969522, 48.331815 ], [ 36.967715, 48.332215 ] ] } },
{ "type": "Feature", "properties": { "tessellate": -1, "extrude": 0, "visibility": -1 }, "geometry": { "type": "LineString", "coordinates": [ [ 36.970927, 48.330814 ], [ 36.969522, 48.331815 ], [ 36.972244, 48.320121 ], [ 36.960687, 48.320751 ], [ 36.946477, 48.322767 ], [ 36.940035, 48.32327 ], [ 36.938235, 48.336812 ] ] } },
{ "type": "Feature", "properties": { "tessellate": -1, "extrude": 0, "visibility": -1 }, "geometry": { "type": "LineString", "coordinates": [ [ 36.902615, 48.322892 ], [ 36.90811, 48.321444 ], [ 36.916162, 48.322578 ], [ 36.923362, 48.323018 ], [ 36.916647, 48.358407 ], [ 36.914997, 48.365746 ], [ 36.916614, 48.372582 ], [ 36.918468, 48.379664 ] ] } },
{ "type": "Feature", "properties": { "tessellate": -1, "extrude": 0, "visibility": -1 }, "geometry": { "type": "LineString", "coordinates": [ [ 36.897762, 48.348455 ], [ 36.898071, 48.346504 ], [ 36.90008, 48.340649 ], [ 36.898999, 48.33993 ] ] } },
{ "type": "Feature", "properties": { "tessellate": -1, "extrude": 0, "visibility": -1 }, "geometry": { "type": "LineString", "coordinates": [ [ 36.888646, 48.353384 ], [ 36.890654, 48.352152 ], [ 36.892354, 48.343936 ] ] } },
{ "type": "Feature", "properties": { "tessellate": -1, "extrude": 0, "visibility": -1 }, "geometry": { "type": "LineString", "coordinates": [ [ 37.18012, 48.364951 ], [ 37.163393, 48.370935 ], [ 37.145378, 48.375931 ], [ 37.143102, 48.377115 ], [ 37.132313, 48.380468 ], [ 37.131323, 48.385267 ], [ 37.133331, 48.390921 ], [ 37.135823, 48.394488 ], [ 37.135878, 48.395885 ], [ 37.134604, 48.397136 ], [ 37.122863, 48.396327 ], [ 37.116881, 48.395407 ] ] } },
{ "type": "Feature", "properties": { "tessellate": -1, "extrude": 0, "visibility": -1 }, "geometry": { "type": "LineString", "coordinates": [ [ 37.1433, 48.401475 ], [ 37.134272, 48.39857 ], [ 37.134604, 48.397136 ] ] } },
{ "type": "Feature", "properties": { "tessellate": -1, "extrude": 0, "visibility": -1 }, "geometry": { "type": "LineString", "coordinates": [ [ 37.157423, 48.402615 ], [ 37.157755, 48.400188 ], [ 37.159085, 48.398018 ], [ 37.162574, 48.388236 ], [ 37.176586, 48.383565 ], [ 37.19325, 48.383542 ], [ 37.208007, 48.384911 ] ] } },
{ "type": "Feature", "properties": { "tessellate": -1, "extrude": 0, "visibility": -1 }, "geometry": { "type": "LineString", "coordinates": [ [ 37.205356, 48.403751 ], [ 37.206287, 48.401706 ], [ 37.198119, 48.398804 ], [ 37.194322, 48.396616 ], [ 37.189378, 48.395093 ], [ 37.175048, 48.394855 ] ] } },
{ "type": "Feature", "properties": { "tessellate": -1, "extrude": 0, "visibility": -1 }, "geometry": { "type": "LineString", "coordinates": [ [ 37.224619, 48.415525 ], [ 37.209765, 48.415183 ], [ 37.205214, 48.416037 ], [ 37.199462, 48.416721 ], [ 37.19079, 48.419343 ], [ 37.176794, 48.416607 ], [ 37.173102, 48.414727 ], [ 37.169925, 48.415069 ], [ 37.176794, 48.416607 ] ] } },
{ "type": "Feature", "properties": { "tessellate": -1, "extrude": 0, "visibility": -1 }, "geometry": { "type": "LineString", "coordinates": [ [ 37.169152, 48.416949 ], [ 37.169925, 48.415069 ], [ 37.169753, 48.412333 ], [ 37.162798, 48.411877 ], [ 37.160909, 48.412219 ] ] } },
{ "type": "Feature", "properties": { "tessellate": -1, "extrude": 0, "visibility": -1 }, "geometry": { "type": "LineString", "coordinates": [ [ 37.171471, 48.406235 ], [ 37.169753, 48.412333 ] ] } },
{ "type": "Feature", "properties": { "tessellate": -1, "extrude": 0, "visibility": -1 }, "geometry": { "type": "LineString", "coordinates": [ [ 37.158935, 48.416265 ], [ 37.159536, 48.417177 ], [ 37.155071, 48.417747 ] ] } },
{ "type": "Feature", "properties": { "tessellate": -1, "extrude": 0, "visibility": -1 }, "geometry": { "type": "LineString", "coordinates": [ [ 37.123213, 48.378862 ], [ 37.131323, 48.385267 ] ] } },
{ "type": "Feature", "properties": { "tessellate": -1, "extrude": 0, "visibility": -1 }, "geometry": { "type": "LineString", "coordinates": [ [ 37.122223, 48.378025 ], [ 37.121503, 48.377427 ], [ 37.119073, 48.376889 ], [ 37.116462, 48.374078 ], [ 37.113941, 48.373241 ], [ 37.1071, 48.373181 ], [ 37.098728, 48.375513 ], [ 37.096028, 48.380177 ], [ 37.093057, 48.383525 ], [ 37.089996, 48.385618 ], [ 37.087926, 48.385917 ], [ 37.085675, 48.396557 ], [ 37.084145, 48.399067 ], [ 37.084517, 48.401286 ], [ 37.08367, 48.403177 ], [ 37.080514, 48.405068 ], [ 37.077126, 48.40655 ], [ 37.076048, 48.40747 ], [ 37.074432, 48.407521 ] ] } },
{ "type": "Feature", "properties": { "tessellate": -1, "extrude": 0, "visibility": -1 }, "geometry": { "type": "LineString", "coordinates": [ [ 37.008251, 48.421273 ], [ 37.007442, 48.420522 ], [ 37.006148, 48.419341 ], [ 37.004855, 48.416443 ], [ 37.004855, 48.410968 ], [ 37.00259, 48.408498 ], [ 37.001458, 48.407854 ], [ 37.002267, 48.395613 ], [ 36.992077, 48.393357 ], [ 36.979785, 48.388309 ], [ 36.970889, 48.381864 ], [ 36.972021, 48.377567 ], [ 36.978653, 48.373592 ], [ 36.97819, 48.370585 ] ] } },
{ "type": "Feature", "properties": { "tessellate": -1, "extrude": 0, "visibility": -1 }, "geometry": { "type": "LineString", "coordinates": [ [ 37.186831, 48.490925 ], [ 37.185496, 48.496298 ], [ 37.187958, 48.502503 ], [ 37.18945, 48.506991 ], [ 37.197948, 48.505089 ], [ 37.203804, 48.503187 ] ] } },
{ "type": "Feature", "properties": { "tessellate": -1, "extrude": 0, "visibility": -1 }, "geometry": { "type": "LineString", "coordinates": [ [ 37.160628, 48.502579 ], [ 37.158905, 48.505013 ], [ 37.157412, 48.506383 ], [ 37.151441, 48.50197 ], [ 37.151671, 48.499079 ], [ 37.150637, 48.49672 ], [ 37.142714, 48.49672 ], [ 37.141106, 48.499611 ], [ 37.146159, 48.499992 ], [ 37.151441, 48.50197 ] ] } },
{ "type": "Feature", "properties": { "tessellate": -1, "extrude": 0, "visibility": -1 }, "geometry": { "type": "LineString", "coordinates": [ [ 37.157412, 48.497176 ], [ 37.150637, 48.49672 ], [ 37.146504, 48.487435 ], [ 37.141795, 48.482108 ] ] } },
{ "type": "Feature", "properties": { "tessellate": -1, "extrude": 0, "visibility": -1 }, "geometry": { "type": "LineString", "coordinates": [ [ 37.119748, 48.50585 ], [ 37.133528, 48.503111 ], [ 37.141106, 48.499611 ], [ 37.122848, 48.499687 ], [ 37.114075, 48.500036 ], [ 37.093692, 48.500268 ], [ 37.081941, 48.496352 ], [ 37.063225, 48.494 ], [ 37.048811, 48.493858 ], [ 37.052038, 48.490436 ], [ 37.052038, 48.488868 ] ] } },
{ "type": "Feature", "properties": { "tessellate": -1, "extrude": 0, "visibility": -1 }, "geometry": { "type": "LineString", "coordinates": [ [ 36.984918, 48.486087 ], [ 36.990404, 48.485802 ], [ 36.99675, 48.485945 ], [ 37.008259, 48.488654 ], [ 37.020306, 48.490151 ], [ 37.033429, 48.493501 ], [ 37.048811, 48.493858 ] ] } },
{ "type": "Feature", "properties": { "tessellate": -1, "extrude": 0, "visibility": -1 }, "geometry": { "type": "LineString", "coordinates": [ [ 36.955768, 48.474964 ], [ 36.95566, 48.4791 ], [ 36.956951, 48.480883 ], [ 36.958242, 48.483378 ], [ 36.977281, 48.485232 ], [ 36.981691, 48.486444 ] ] } },
{ "type": "Feature", "properties": { "tessellate": -1, "extrude": 0, "visibility": -1 }, "geometry": { "type": "LineString", "coordinates": [ [ 36.955123, 48.472825 ], [ 36.951465, 48.46712 ], [ 36.949837, 48.448117 ], [ 36.944754, 48.437925 ], [ 36.943714, 48.435396 ], [ 36.931353, 48.429494 ], [ 36.923036, 48.426504 ], [ 36.923151, 48.433096 ], [ 36.926386, 48.433786 ] ] } },
{ "type": "Feature", "properties": { "tessellate": -1, "extrude": 0, "visibility": -1 }, "geometry": { "type": "LineString", "coordinates": [ [ 36.886968, 48.394105 ], [ 36.884727, 48.394515 ], [ 36.883182, 48.395849 ], [ 36.879628, 48.398158 ], [ 36.874296, 48.400313 ], [ 36.87221, 48.400364 ], [ 36.866028, 48.399799 ], [ 36.857064, 48.397799 ], [ 36.852274, 48.397696 ] ] } },
{ "type": "Feature", "properties": { "tessellate": -1, "extrude": 0, "visibility": -1 }, "geometry": { "type": "LineString", "coordinates": [ [ 36.814581, 48.370291 ], [ 36.815188, 48.369831 ], [ 36.816878, 48.370176 ], [ 36.818568, 48.369716 ], [ 36.827409, 48.371213 ], [ 36.829142, 48.371069 ], [ 36.827626, 48.37009 ] ] } },
{ "type": "Feature", "properties": { "tessellate": -1, "extrude": 0, "visibility": -1 }, "geometry": { "type": "LineString", "coordinates": [ [ 37.009954, 48.424349 ], [ 37.010022, 48.42614 ], [ 37.013259, 48.429094 ], [ 37.015889, 48.432584 ], [ 37.016645, 48.432999 ], [ 37.019869, 48.425155 ], [ 37.019869, 48.423678 ] ] } },
{ "type": "Feature", "properties": { "tessellate": -1, "extrude": 0, "visibility": -1 }, "geometry": { "type": "LineString", "coordinates": [ [ 37.006605, 48.480237 ], [ 37.005976, 48.466901 ], [ 37.007126, 48.458897 ], [ 37.012061, 48.455737 ], [ 37.023578, 48.450642 ], [ 37.039085, 48.448001 ], [ 37.043276, 48.445916 ], [ 37.05082, 48.452866 ], [ 37.06004, 48.455645 ], [ 37.063812, 48.461204 ], [ 37.063183, 48.472736 ], [ 37.060249, 48.477459 ], [ 37.058992, 48.480098 ] ] } },
{ "type": "Feature", "properties": { "tessellate": -1, "extrude": 0, "visibility": -1 }, "geometry": { "type": "LineString", "coordinates": [ [ 37.100273, 48.447862 ], [ 37.093358, 48.444109 ], [ 37.074079, 48.441746 ], [ 37.049981, 48.442302 ], [ 37.043276, 48.445916 ] ] } },
{ "type": "Feature", "properties": { "tessellate": -1, "extrude": 0, "visibility": -1 }, "geometry": { "type": "LineString", "coordinates": [ [ 37.029872, 48.419351 ], [ 37.032396, 48.424175 ], [ 37.035425, 48.425515 ], [ 37.054101, 48.425247 ], [ 37.05713, 48.425448 ], [ 37.058644, 48.423974 ], [ 37.061673, 48.422232 ], [ 37.061875, 48.419552 ], [ 37.067023, 48.419686 ], [ 37.069951, 48.418882 ], [ 37.078835, 48.419686 ], [ 37.094887, 48.422969 ], [ 37.097714, 48.422366 ], [ 37.100944, 48.422299 ], [ 37.102559, 48.418681 ] ] } },
{ "type": "Feature", "properties": { "tessellate": -1, "extrude": 0, "visibility": -1 }, "geometry": { "type": "LineString", "coordinates": [ [ 37.139182, 48.476583 ], [ 37.141027, 48.471339 ], [ 37.142082, 48.46627 ], [ 37.139709, 48.460151 ], [ 37.121928, 48.450161 ], [ 37.124854, 48.43608 ], [ 37.127694, 48.427776 ], [ 37.122645, 48.42296 ], [ 37.115986, 48.421763 ], [ 37.115381, 48.423773 ], [ 37.111948, 48.424242 ], [ 37.111443, 48.421897 ], [ 37.100944, 48.422299 ] ] } },
{ "type": "Feature", "properties": { "tessellate": -1, "extrude": 0, "visibility": -1 }, "geometry": { "type": "LineString", "coordinates": [ [ 37.158476, 48.473677 ], [ 37.157568, 48.472043 ], [ 37.163014, 48.446852 ] ] } },
{ "type": "Feature", "properties": { "tessellate": -1, "extrude": 0, "visibility": -1 }, "geometry": { "type": "LineString", "coordinates": [ [ 37.113227, 48.465596 ], [ 37.112579, 48.459922 ], [ 37.113487, 48.455107 ], [ 37.114524, 48.449432 ] ] } },
{ "type": "Feature", "properties": { "tessellate": -1, "extrude": 0, "visibility": -1 }, "geometry": { "type": "LineString", "coordinates": [ [ 37.11498, 48.483423 ], [ 37.112968, 48.476083 ], [ 37.113876, 48.473419 ], [ 37.116598, 48.459406 ], [ 37.119451, 48.450206 ] ] } },
{ "type": "Feature", "properties": { "tessellate": -1, "extrude": 0, "visibility": -1 }, "geometry": { "type": "LineString", "coordinates": [ [ 37.023028, 48.536681 ], [ 37.023028, 48.535701 ], [ 37.019975, 48.535027 ], [ 37.019234, 48.534231 ], [ 37.013713, 48.532714 ], [ 37.017405, 48.514375 ], [ 37.021974, 48.515353 ], [ 37.023085, 48.517267 ], [ 37.025197, 48.518593 ], [ 37.02164, 48.521537 ], [ 37.021195, 48.525439 ], [ 37.024308, 48.529929 ], [ 37.032097, 48.539193 ], [ 37.033114, 48.541154 ], [ 37.032467, 48.545504 ], [ 37.029968, 48.552915 ], [ 37.02747, 48.554814 ], [ 37.0271, 48.557754 ], [ 37.028488, 48.56149 ] ] } },
{ "type": "Feature", "properties": { "tessellate": -1, "extrude": 0, "visibility": -1 }, "geometry": { "type": "LineString", "coordinates": [ [ 37.016643, 48.556713 ], [ 37.022195, 48.555917 ], [ 37.02747, 48.554814 ] ] } },
{ "type": "Feature", "properties": { "tessellate": -1, "extrude": 0, "visibility": -1 }, "geometry": { "type": "LineString", "coordinates": [ [ 37.03171, 48.514539 ], [ 37.029722, 48.512658 ], [ 37.032941, 48.512281 ], [ 37.042031, 48.514226 ], [ 37.044493, 48.51617 ], [ 37.060211, 48.519243 ], [ 37.068172, 48.51808 ], [ 37.075156, 48.515189 ], [ 37.080393, 48.515622 ], [ 37.092833, 48.519598 ], [ 37.103744, 48.520104 ], [ 37.114556, 48.539896 ], [ 37.119061, 48.557102 ], [ 37.122873, 48.557675 ], [ 37.126254, 48.56105 ], [ 37.128801, 48.562013 ], [ 37.133532, 48.568998 ], [ 37.148636, 48.564181 ], [ 37.182734, 48.559251 ], [ 37.194935, 48.557489 ], [ 37.20514, 48.560132 ], [ 37.210686, 48.560573 ], [ 37.216898, 48.559545 ], [ 37.219782, 48.559398 ] ] } },
{ "type": "Feature", "properties": { "tessellate": -1, "extrude": 0, "visibility": -1 }, "geometry": { "type": "LineString", "coordinates": [ [ 37.131664, 48.515644 ], [ 37.132738, 48.525218 ], [ 37.121214, 48.526382 ] ] } },
{ "type": "Feature", "properties": { "tessellate": -1, "extrude": 0, "visibility": -1 }, "geometry": { "type": "LineString", "coordinates": [ [ 37.312187, 48.552434 ], [ 37.312292, 48.564095 ], [ 37.314101, 48.568397 ], [ 37.31359, 48.571262 ], [ 37.316368, 48.575397 ], [ 37.316506, 48.577418 ], [ 37.315118, 48.581552 ], [ 37.312341, 48.585043 ], [ 37.311369, 48.589911 ], [ 37.320869, 48.590562 ], [ 37.335989, 48.588633 ], [ 37.338905, 48.587276 ], [ 37.348301, 48.587205 ], [ 37.361153, 48.584418 ], [ 37.37098, 48.584204 ], [ 37.376704, 48.583561 ], [ 37.38286, 48.584847 ], [ 37.405287, 48.585143 ], [ 37.409559, 48.581522 ], [ 37.410226, 48.57958 ], [ 37.410359, 48.578255 ] ] } },
{ "type": "Feature", "properties": { "tessellate": -1, "extrude": 0, "visibility": -1 }, "geometry": { "type": "LineString", "coordinates": [ [ 36.91003, 48.685943 ], [ 36.908649, 48.686125 ], [ 36.907114, 48.685781 ], [ 36.873675, 48.681846 ], [ 36.869692, 48.685425 ], [ 36.846786, 48.685573 ], [ 36.842465, 48.689129 ], [ 36.84211, 48.690067 ], [ 36.842998, 48.691395 ], [ 36.842471, 48.69776 ], [ 36.841407, 48.698658 ], [ 36.84145, 48.699782 ], [ 36.842812, 48.70054 ], [ 36.843396, 48.701707 ], [ 36.852815, 48.71371 ], [ 36.849567, 48.717567 ], [ 36.820084, 48.721883 ], [ 36.817916, 48.720521 ], [ 36.816986, 48.719567 ], [ 36.803046, 48.711868 ], [ 36.80222, 48.711868 ], [ 36.787147, 48.702562 ], [ 36.776177, 48.694337 ], [ 36.76117, 48.695959 ], [ 36.7502, 48.700419 ], [ 36.745285, 48.703315 ], [ 36.736509, 48.701056 ], [ 36.733087, 48.697176 ], [ 36.726265, 48.695614 ], [ 36.713165, 48.696075 ], [ 36.706232, 48.696365 ], [ 36.695789, 48.693468 ], [ 36.691664, 48.690166 ], [ 36.684819, 48.682808 ], [ 36.680389, 48.676356 ], [ 36.659634, 48.676221 ], [ 36.646502, 48.678066 ], [ 36.644425, 48.677399 ], [ 36.64218, 48.675175 ], [ 36.640777, 48.674731 ] ] } },
{ "type": "Feature", "properties": { "tessellate": -1, "extrude": 0, "visibility": -1 }, "geometry": { "type": "LineString", "coordinates": [ [ 36.914358, 48.685639 ], [ 36.917684, 48.683617 ], [ 36.926233, 48.676798 ], [ 36.935268, 48.662703 ], [ 36.952028, 48.662703 ], [ 36.95229, 48.678441 ], [ 36.956873, 48.683542 ], [ 36.963944, 48.68795 ], [ 36.964206, 48.690457 ], [ 36.965384, 48.69547 ], [ 36.978082, 48.702726 ], [ 37.00338, 48.69822 ], [ 37.029481, 48.694774 ], [ 37.049076, 48.687398 ], [ 37.050912, 48.685594 ], [ 37.052745, 48.685278 ], [ 37.055295, 48.685226 ], [ 37.066822, 48.680944 ], [ 37.089821, 48.674978 ], [ 37.094585, 48.673351 ], [ 37.118897, 48.671941 ], [ 37.134421, 48.667437 ], [ 37.138514, 48.663291 ], [ 37.141971, 48.656742 ], [ 37.153652, 48.64566 ], [ 37.165681, 48.637474 ], [ 37.166938, 48.635813 ], [ 37.192972, 48.623472 ], [ 37.194946, 48.622878 ], [ 37.214337, 48.625845 ], [ 37.21721, 48.627388 ], [ 37.217389, 48.629405 ], [ 37.208771, 48.647558 ], [ 37.204642, 48.657521 ], [ 37.200692, 48.66179 ], [ 37.200692, 48.663094 ], [ 37.207155, 48.666059 ], [ 37.208592, 48.679456 ], [ 37.219723, 48.688939 ], [ 37.233903, 48.688651 ], [ 37.233642, 48.690801 ], [ 37.232339, 48.698369 ], [ 37.235331, 48.702827 ], [ 37.237833, 48.704581 ], [ 37.240803, 48.708501 ], [ 37.247681, 48.719435 ], [ 37.239677, 48.738356 ], [ 37.236052, 48.742362 ], [ 37.236492, 48.743057 ], [ 37.243518, 48.744505 ], [ 37.253871, 48.748627 ], [ 37.265499, 48.761234 ], [ 37.27135, 48.763757 ], [ 37.286312, 48.763875 ], [ 37.29172, 48.765183 ], [ 37.297992, 48.771968 ], [ 37.302413, 48.774523 ], [ 37.310943, 48.77897 ], [ 37.321646, 48.77713 ], [ 37.330177, 48.777334 ], [ 37.333667, 48.778714 ], [ 37.346207, 48.782093 ], [ 37.356025, 48.78251 ], [ 37.366687, 48.783484 ], [ 37.376822, 48.782302 ], [ 37.383697, 48.776919 ], [ 37.393009, 48.771096 ], [ 37.396471, 48.771096 ], [ 37.398978, 48.772434 ], [ 37.401366, 48.771411 ], [ 37.405306, 48.771411 ], [ 37.402799, 48.767241 ], [ 37.405067, 48.75945 ] ] } },
{ "type": "Feature", "properties": { "tessellate": -1, "extrude": 0, "visibility": -1 }, "geometry": { "type": "LineString", "coordinates": [ [ 37.393725, 48.710788 ], [ 37.393128, 48.713309 ], [ 37.38883, 48.718508 ], [ 37.387278, 48.720949 ], [ 37.388114, 48.727801 ], [ 37.387517, 48.731581 ], [ 37.391099, 48.739928 ], [ 37.392293, 48.741896 ], [ 37.394561, 48.751106 ] ] } },
{ "type": "Feature", "properties": { "tessellate": -1, "extrude": 0, "visibility": -1 }, "geometry": { "type": "LineString", "coordinates": [ [ 37.404828, 48.687622 ], [ 37.404828, 48.691562 ], [ 37.404589, 48.69503 ], [ 37.398143, 48.704958 ], [ 37.397187, 48.708582 ] ] } },
{ "type": "Feature", "properties": { "tessellate": -1, "extrude": 0, "visibility": -1 }, "geometry": { "type": "LineString", "coordinates": [ [ 37.14011, 48.569343 ], [ 37.138055, 48.57118 ], [ 37.150604, 48.578234 ], [ 37.153436, 48.580585 ], [ 37.156324, 48.581908 ], [ 37.159655, 48.582054 ], [ 37.160377, 48.583377 ], [ 37.159935, 48.587648 ], [ 37.162901, 48.596823 ], [ 37.164986, 48.599262 ], [ 37.177864, 48.608232 ], [ 37.185258, 48.611471 ], [ 37.204495, 48.616074 ], [ 37.21658, 48.616733 ], [ 37.223121, 48.618346 ], [ 37.22933, 48.612922 ], [ 37.245829, 48.611813 ], [ 37.26986, 48.605657 ], [ 37.283457, 48.603136 ], [ 37.293455, 48.604054 ], [ 37.304842, 48.605707 ], [ 37.308452, 48.603411 ], [ 37.312757, 48.601758 ], [ 37.310258, 48.59285 ], [ 37.311369, 48.589911 ] ] } },
{ "type": "Feature", "properties": { "tessellate": -1, "extrude": 0, "visibility": -1 }, "geometry": { "type": "LineString", "coordinates": [ [ 37.335061, 48.632567 ], [ 37.332729, 48.632839 ], [ 37.328475, 48.635015 ], [ 37.325319, 48.635287 ], [ 37.32285, 48.64653 ], [ 37.329161, 48.657407 ], [ 37.33229, 48.667723 ], [ 37.336797, 48.677963 ], [ 37.333552, 48.678201 ], [ 37.318405, 48.674748 ], [ 37.297309, 48.678796 ], [ 37.279638, 48.680344 ], [ 37.275491, 48.678677 ], [ 37.266836, 48.680939 ], [ 37.254575, 48.682011 ], [ 37.248444, 48.681415 ], [ 37.245199, 48.681415 ] ] } },
{ "type": "Feature", "properties": { "tessellate": -1, "extrude": 0, "visibility": -1 }, "geometry": { "type": "LineString", "coordinates": [ [ 37.220677, 48.620591 ], [ 37.224691, 48.622941 ], [ 37.227214, 48.625594 ], [ 37.228161, 48.629847 ], [ 37.223494, 48.637454 ], [ 37.222328, 48.641823 ], [ 37.218917, 48.647956 ], [ 37.216904, 48.655351 ], [ 37.216984, 48.658755 ], [ 37.218675, 48.660457 ], [ 37.22238, 48.66083 ], [ 37.22552, 48.66184 ], [ 37.226648, 48.665404 ], [ 37.231318, 48.670137 ], [ 37.23309, 48.670403 ], [ 37.234701, 48.671147 ], [ 37.237922, 48.670616 ], [ 37.240691, 48.673319 ], [ 37.242855, 48.676415 ], [ 37.248444, 48.681415 ] ] } },
{ "type": "Feature", "properties": { "tessellate": -1, "extrude": 0, "visibility": -1 }, "geometry": { "type": "LineString", "coordinates": [ [ 37.387196, 48.680026 ], [ 37.386415, 48.681658 ], [ 37.382383, 48.684492 ], [ 37.358449, 48.683976 ], [ 37.353897, 48.681658 ], [ 37.346353, 48.681057 ], [ 37.339068, 48.684062 ], [ 37.34284, 48.693765 ], [ 37.348174, 48.701149 ], [ 37.367425, 48.702351 ], [ 37.362092, 48.712737 ], [ 37.363706, 48.732777 ], [ 37.37604, 48.740799 ], [ 37.389106, 48.752262 ] ] } },
{ "type": "Feature", "properties": { "tessellate": -1, "extrude": 0, "visibility": -1 }, "geometry": { "type": "LineString", "coordinates": [ [ 37.92422, 48.90652 ], [ 37.924149, 48.905985 ] ] } },
{ "type": "Feature", "properties": { "tessellate": -1, "extrude": 0, "visibility": -1 }, "geometry": { "type": "LineString", "coordinates": [ [ 37.925313, 48.906639 ], [ 37.925604, 48.906856 ], [ 37.926632, 48.906359 ] ] } },
{ "type": "Feature", "properties": { "tessellate": -1, "extrude": 0, "visibility": -1 }, "geometry": { "type": "LineString", "coordinates": [ [ 37.92574, 48.907115 ], [ 37.925604, 48.906856 ] ] } },
{ "type": "Feature", "properties": { "tessellate": -1, "extrude": 0, "visibility": -1 }, "geometry": { "type": "LineString", "coordinates": [ [ 37.302487, 49.097345 ], [ 37.305373, 49.09516 ], [ 37.30937, 49.091159 ], [ 37.310974, 49.089908 ], [ 37.311891, 49.088157 ], [ 37.328245, 49.07135 ], [ 37.336189, 49.068525 ], [ 37.336643, 49.06213 ], [ 37.340956, 49.059453 ], [ 37.361156, 49.039816 ], [ 37.377367, 49.021592 ], [ 37.359179, 48.99335 ] ] } },
{ "type": "Feature", "properties": { "tessellate": -1, "extrude": 0, "visibility": -1 }, "geometry": { "type": "LineString", "coordinates": [ [ 37.298699, 49.101243 ], [ 37.289698, 49.107113 ], [ 37.287142, 49.106885 ], [ 37.27994, 49.106504 ] ] } },
{ "type": "Feature", "properties": { "tessellate": -1, "extrude": 0, "visibility": -1 }, "geometry": { "type": "LineString", "coordinates": [ [ 37.437281, 49.021382 ], [ 37.449276, 49.024036 ], [ 37.461271, 49.028854 ], [ 37.464576, 49.033995 ], [ 37.468525, 49.03264 ], [ 37.470842, 49.030446 ], [ 37.469469, 49.029264 ], [ 37.471443, 49.026676 ], [ 37.471529, 49.024875 ], [ 37.468439, 49.023412 ], [ 37.467838, 49.016941 ], [ 37.4711, 49.013057 ], [ 37.47213, 49.008776 ], [ 37.477537, 49.00675 ], [ 37.485167, 49.006849 ], [ 37.490865, 49.007242 ], [ 37.493563, 49.006652 ], [ 37.50241, 49.006652 ], [ 37.503159, 49.00439 ], [ 37.508257, 49.005177 ], [ 37.508257, 49.007636 ], [ 37.511106, 49.00616 ], [ 37.515904, 49.005964 ], [ 37.524, 49.006947 ], [ 37.533446, 49.006947 ], [ 37.534946, 49.005669 ], [ 37.544991, 49.009111 ], [ 37.545591, 49.011865 ], [ 37.569281, 49.020223 ], [ 37.568681, 49.021403 ] ] } },
{ "type": "Feature", "properties": { "tessellate": -1, "extrude": 0, "visibility": -1 }, "geometry": { "type": "LineString", "coordinates": [ [ 37.635824, 49.023751 ], [ 37.633802, 49.024494 ], [ 37.62903, 49.024759 ], [ 37.624413, 49.025993 ], [ 37.621176, 49.026316 ], [ 37.618572, 49.027562 ], [ 37.613905, 49.027994 ], [ 37.607244, 49.0289 ], [ 37.605414, 49.027931 ], [ 37.595845, 49.027054 ], [ 37.593945, 49.028485 ] ] } },
{ "type": "Feature", "properties": { "tessellate": -1, "extrude": 0, "visibility": -1 }, "geometry": { "type": "LineString", "coordinates": [ [ 37.640677, 49.022001 ], [ 37.636471, 49.022054 ], [ 37.635096, 49.022479 ] ] } },
{ "type": "Feature", "properties": { "tessellate": -1, "extrude": 0, "visibility": -1 }, "geometry": { "type": "LineString", "coordinates": [ [ 37.451079, 48.753416 ], [ 37.460135, 48.756254 ], [ 37.463901, 48.764942 ], [ 37.465425, 48.769138 ], [ 37.468115, 48.771798 ], [ 37.468653, 48.77493 ], [ 37.474212, 48.779538 ], [ 37.478158, 48.781843 ], [ 37.481296, 48.788696 ], [ 37.520111, 48.800678 ], [ 37.521864, 48.813339 ], [ 37.516533, 48.820871 ], [ 37.516533, 48.827159 ], [ 37.522222, 48.832143 ], [ 37.524382, 48.837174 ], [ 37.528038, 48.842314 ] ] } },
{ "type": "Feature", "properties": { "tessellate": -1, "extrude": 0, "visibility": -1 }, "geometry": { "type": "LineString", "coordinates": [ [ 37.489726, 48.821308 ], [ 37.488979, 48.819833 ], [ 37.484561, 48.815005 ], [ 37.482608, 48.813775 ], [ 37.479126, 48.809189 ], [ 37.471738, 48.80477 ], [ 37.462906, 48.798841 ], [ 37.45798, 48.796659 ] ] } },
{ "type": "Feature", "properties": { "tessellate": -1, "extrude": 0, "visibility": -1 }, "geometry": { "type": "LineString", "coordinates": [ [ 37.443555, 48.802376 ], [ 37.436213, 48.793687 ], [ 37.42663, 48.786882 ], [ 37.431733, 48.794507 ], [ 37.442186, 48.805737 ], [ 37.443438, 48.811848 ], [ 37.445885, 48.820526 ] ] } },
{ "type": "Feature", "properties": { "tessellate": -1, "extrude": 0, "visibility": -1 }, "geometry": { "type": "LineString", "coordinates": [ [ 37.409814, 48.841478 ], [ 37.417634, 48.842617 ], [ 37.429735, 48.83968 ], [ 37.444668, 48.838042 ], [ 37.447391, 48.836762 ], [ 37.447956, 48.831309 ] ] } },
{ "type": "Feature", "properties": { "tessellate": -1, "extrude": 0, "visibility": -1 }, "geometry": { "type": "LineString", "coordinates": [ [ 37.386304, 48.942958 ], [ 37.386029, 48.937049 ], [ 37.38546, 48.931576 ], [ 37.387447, 48.92563 ], [ 37.387667, 48.921641 ], [ 37.391417, 48.919248 ], [ 37.390292, 48.915636 ], [ 37.390784, 48.911798 ], [ 37.38869, 48.91013 ], [ 37.387674, 48.90404 ], [ 37.386024, 48.903289 ], [ 37.385399, 48.899687 ], [ 37.386293, 48.898153 ], [ 37.384058, 48.892604 ], [ 37.381775, 48.890384 ], [ 37.38321, 48.882331 ], [ 37.384806, 48.881019 ], [ 37.385205, 48.879313 ], [ 37.382013, 48.876033 ], [ 37.380417, 48.87144 ], [ 37.383609, 48.859365 ], [ 37.393385, 48.845318 ], [ 37.400967, 48.844924 ], [ 37.410743, 48.841116 ] ] } },
{ "type": "Feature", "properties": { "tessellate": -1, "extrude": 0, "visibility": -1 }, "geometry": { "type": "LineString", "coordinates": [ [ 37.410218, 48.639298 ], [ 37.402287, 48.640096 ], [ 37.388535, 48.636751 ], [ 37.387035, 48.635347 ], [ 37.382223, 48.634645 ], [ 37.371543, 48.632599 ], [ 37.367236, 48.631176 ], [ 37.360482, 48.628394 ], [ 37.359014, 48.628168 ], [ 37.355099, 48.628815 ], [ 37.345506, 48.630141 ], [ 37.343353, 48.630885 ] ] } },
{ "type": "Feature", "properties": { "tessellate": -1, "extrude": 0, "visibility": -1 }, "geometry": { "type": "LineString", "coordinates": [ [ 37.421295, 48.630093 ], [ 37.423141, 48.628248 ], [ 37.426189, 48.62822 ], [ 37.42898, 48.628447 ], [ 37.430096, 48.626631 ], [ 37.432139, 48.62574 ], [ 37.434409, 48.622363 ], [ 37.432707, 48.61417 ], [ 37.432707, 48.611668 ], [ 37.430152, 48.609729 ], [ 37.421449, 48.605851 ], [ 37.413786, 48.603161 ], [ 37.408393, 48.60216 ], [ 37.40442, 48.598219 ], [ 37.403947, 48.589021 ], [ 37.405287, 48.585143 ] ] } },
{ "type": "Feature", "properties": { "tessellate": -1, "extrude": 0, "visibility": -1 }, "geometry": { "type": "LineString", "coordinates": [ [ 37.425304, 48.594531 ], [ 37.425553, 48.594675 ], [ 37.426362, 48.594449 ], [ 37.426424, 48.594181 ] ] } },
{ "type": "Feature", "properties": { "tessellate": -1, "extrude": 0, "visibility": -1 }, "geometry": { "type": "LineString", "coordinates": [ [ 37.421975, 48.595539 ], [ 37.422504, 48.595436 ] ] } },
{ "type": "Feature", "properties": { "tessellate": -1, "extrude": 0, "visibility": -1 }, "geometry": { "type": "LineString", "coordinates": [ [ 37.559271, 48.595328 ], [ 37.54904, 48.589251 ], [ 37.542219, 48.590816 ] ] } },
{ "type": "Feature", "properties": { "tessellate": -1, "extrude": 0, "visibility": -1 }, "geometry": { "type": "LineString", "coordinates": [ [ 37.616949, 48.589546 ], [ 37.619238, 48.589142 ], [ 37.621068, 48.589142 ] ] } },
{ "type": "Feature", "properties": { "tessellate": -1, "extrude": 0, "visibility": -1 }, "geometry": { "type": "LineString", "coordinates": [ [ 37.61039, 48.60362 ], [ 37.60894, 48.601249 ], [ 37.609932, 48.598576 ] ] } },
{ "type": "Feature", "properties": { "tessellate": -1, "extrude": 0, "visibility": -1 }, "geometry": { "type": "LineString", "coordinates": [ [ 37.592923, 48.60478 ], [ 37.580109, 48.604578 ], [ 37.574235, 48.600947 ] ] } },
{ "type": "Feature", "properties": { "tessellate": -1, "extrude": 0, "visibility": -1 }, "geometry": { "type": "LineString", "coordinates": [ [ 37.594906, 48.607705 ], [ 37.592999, 48.608008 ] ] } },
{ "type": "Feature", "properties": { "tessellate": -1, "extrude": 0, "visibility": -1 }, "geometry": { "type": "LineString", "coordinates": [ [ 37.65206, 48.630158 ], [ 37.650428, 48.629918 ], [ 37.647798, 48.62848 ], [ 37.635467, 48.62824 ], [ 37.632021, 48.626322 ], [ 37.62534, 48.621472 ], [ 37.623814, 48.621673 ], [ 37.616568, 48.618547 ], [ 37.614051, 48.617085 ], [ 37.611991, 48.616329 ], [ 37.61039, 48.614967 ], [ 37.603067, 48.612042 ], [ 37.595364, 48.609924 ], [ 37.594753, 48.613253 ], [ 37.59421, 48.615773 ], [ 37.592941, 48.616192 ], [ 37.591037, 48.616372 ], [ 37.589132, 48.617511 ], [ 37.584961, 48.61829 ], [ 37.584961, 48.617691 ] ] } },
{ "type": "Feature", "properties": { "tessellate": -1, "extrude": 0, "visibility": -1 }, "geometry": { "type": "LineString", "coordinates": [ [ 37.584871, 48.626142 ], [ 37.584508, 48.620508 ], [ 37.584961, 48.61829 ] ] } },
{ "type": "Feature", "properties": { "tessellate": -1, "extrude": 0, "visibility": -1 }, "geometry": { "type": "LineString", "coordinates": [ [ 37.419605, 48.633103 ], [ 37.419605, 48.640655 ], [ 37.428395, 48.648288 ], [ 37.438903, 48.6539 ], [ 37.439563, 48.654959 ], [ 37.462865, 48.657576 ], [ 37.469658, 48.657763 ], [ 37.477488, 48.655769 ], [ 37.487489, 48.650222 ] ] } },
{ "type": "Feature", "properties": { "tessellate": -1, "extrude": 0, "visibility": -1 }, "geometry": { "type": "LineString", "coordinates": [ [ 37.527867, 48.649225 ], [ 37.520131, 48.650721 ], [ 37.516923, 48.651033 ], [ 37.512395, 48.646794 ], [ 37.509942, 48.647293 ], [ 37.505791, 48.646358 ], [ 37.502583, 48.650846 ], [ 37.500319, 48.652404 ], [ 37.495791, 48.652653 ] ] } },
{ "type": "Feature", "properties": { "tessellate": -1, "extrude": 0, "visibility": -1 }, "geometry": { "type": "LineString", "coordinates": [ [ 37.654079, 48.890775 ], [ 37.662681, 48.889378 ], [ 37.66177, 48.887515 ] ] } },
{ "type": "Feature", "properties": { "tessellate": -1, "extrude": 0, "visibility": -1 }, "geometry": { "type": "LineString", "coordinates": [ [ 37.642442, 48.90275 ], [ 37.651853, 48.89816 ], [ 37.652764, 48.896298 ], [ 37.651853, 48.895366 ], [ 37.652562, 48.893304 ] ] } },
{ "type": "Feature", "properties": { "tessellate": -1, "extrude": 0, "visibility": -1 }, "geometry": { "type": "LineString", "coordinates": [ [ 37.694745, 48.864285 ], [ 37.682171, 48.860895 ], [ 37.6764, 48.856962 ] ] } },
{ "type": "Feature", "properties": { "tessellate": -1, "extrude": 0, "visibility": -1 }, "geometry": { "type": "LineString", "coordinates": [ [ 37.760704, 48.783947 ], [ 37.761735, 48.785849 ], [ 37.758437, 48.788022 ], [ 37.753283, 48.787478 ], [ 37.739679, 48.793997 ], [ 37.722983, 48.797527 ], [ 37.72051, 48.800785 ], [ 37.692477, 48.821011 ], [ 37.690416, 48.820061 ] ] } },
{ "type": "Feature", "properties": { "tessellate": -1, "extrude": 0, "visibility": -1 }, "geometry": { "type": "LineString", "coordinates": [ [ 37.705752, 48.811434 ], [ 37.700615, 48.810802 ], [ 37.697868, 48.808543 ], [ 37.691689, 48.804588 ], [ 37.689543, 48.799676 ], [ 37.683277, 48.796455 ], [ 37.680522, 48.788972 ], [ 37.692477, 48.78517 ], [ 37.701959, 48.78028 ] ] } },
{ "type": "Feature", "properties": { "tessellate": -1, "extrude": 0, "visibility": -1 }, "geometry": { "type": "LineString", "coordinates": [ [ 37.664032, 48.76493 ], [ 37.664032, 48.766968 ], [ 37.660116, 48.770228 ], [ 37.660941, 48.784762 ], [ 37.664032, 48.791824 ] ] } },
{ "type": "Feature", "properties": { "tessellate": -1, "extrude": 0, "visibility": -1 }, "geometry": { "type": "LineString", "coordinates": [ [ 37.696394, 48.768326 ], [ 37.693508, 48.76887 ], [ 37.682996, 48.766288 ], [ 37.668979, 48.771315 ], [ 37.660403, 48.775281 ], [ 37.660469, 48.776454 ], [ 37.655382, 48.778773 ], [ 37.652464, 48.779621 ], [ 37.646627, 48.784256 ], [ 37.643108, 48.786969 ], [ 37.639418, 48.788099 ], [ 37.642078, 48.792281 ], [ 37.644224, 48.799069 ], [ 37.64843, 48.802741 ], [ 37.652121, 48.805453 ], [ 37.654438, 48.808396 ], [ 37.656818, 48.809881 ], [ 37.663414, 48.814768 ], [ 37.674338, 48.818975 ], [ 37.686912, 48.825625 ], [ 37.692477, 48.821011 ] ] } },
{ "type": "Feature", "properties": { "tessellate": -1, "extrude": 0, "visibility": -1 }, "geometry": { "type": "LineString", "coordinates": [ [ 37.657436, 48.759767 ], [ 37.656406, 48.756777 ], [ 37.656406, 48.752836 ], [ 37.648985, 48.752293 ], [ 37.632496, 48.749167 ], [ 37.631259, 48.749303 ] ] } },
{ "type": "Feature", "properties": { "tessellate": -1, "extrude": 0, "visibility": -1 }, "geometry": { "type": "LineString", "coordinates": [ [ 37.690416, 48.756369 ], [ 37.693302, 48.754195 ], [ 37.690828, 48.745225 ], [ 37.681141, 48.741284 ], [ 37.673102, 48.742779 ], [ 37.667536, 48.747536 ], [ 37.664857, 48.747808 ], [ 37.664445, 48.745089 ], [ 37.65723, 48.745905 ], [ 37.665063, 48.753108 ], [ 37.670834, 48.757049 ] ] } },
{ "type": "Feature", "properties": { "tessellate": -1, "extrude": 0, "visibility": -1 }, "geometry": { "type": "LineString", "coordinates": [ [ 37.723561, 48.668964 ], [ 37.722949, 48.673008 ], [ 37.7107, 48.674626 ], [ 37.710547, 48.682713 ], [ 37.711159, 48.689385 ], [ 37.709998, 48.696815 ], [ 37.709998, 48.703753 ], [ 37.710204, 48.712594 ], [ 37.704432, 48.720482 ], [ 37.704432, 48.722522 ], [ 37.7067, 48.726601 ], [ 37.708761, 48.728776 ], [ 37.706906, 48.732447 ], [ 37.71041, 48.742235 ], [ 37.716594, 48.754195 ], [ 37.727106, 48.764794 ], [ 37.727518, 48.767919 ] ] } },
{ "type": "Feature", "properties": { "tessellate": -1, "extrude": 0, "visibility": -1 }, "geometry": { "type": "LineString", "coordinates": [ [ 37.63618, 48.644279 ], [ 37.640525, 48.639711 ], [ 37.642895, 48.638015 ] ] } },
{ "type": "Feature", "properties": { "tessellate": -1, "extrude": 0, "visibility": -1 }, "geometry": { "type": "LineString", "coordinates": [ [ 37.653954, 48.66476 ], [ 37.647832, 48.659413 ], [ 37.641908, 48.65576 ], [ 37.642105, 48.650802 ], [ 37.650202, 48.645322 ], [ 37.64803, 48.642452 ], [ 37.640525, 48.639711 ] ] } },
{ "type": "Feature", "properties": { "tessellate": -1, "extrude": 0, "visibility": -1 }, "geometry": { "type": "LineString", "coordinates": [ [ 37.658101, 48.668412 ], [ 37.664618, 48.671021 ], [ 37.672518, 48.671282 ], [ 37.673308, 48.671282 ], [ 37.685354, 48.680801 ], [ 37.691871, 48.686016 ], [ 37.692266, 48.695403 ], [ 37.692661, 48.70596 ], [ 37.68941, 48.714168 ], [ 37.687565, 48.716951 ], [ 37.684665, 48.722517 ], [ 37.682981, 48.732836 ], [ 37.681678, 48.738937 ], [ 37.681141, 48.741284 ] ] } },
{ "type": "Feature", "properties": { "tessellate": -1, "extrude": 0, "visibility": -1 }, "geometry": { "type": "LineString", "coordinates": [ [ 37.617187, 48.692861 ], [ 37.630216, 48.691571 ], [ 37.638814, 48.692517 ], [ 37.647413, 48.696387 ], [ 37.648716, 48.699741 ], [ 37.65497, 48.70533 ], [ 37.655752, 48.710832 ], [ 37.645198, 48.72003 ], [ 37.643505, 48.724328 ], [ 37.656794, 48.736101 ], [ 37.65523, 48.743834 ], [ 37.65723, 48.745905 ] ] } },
{ "type": "Feature", "properties": { "tessellate": -1, "extrude": 0, "visibility": -1 }, "geometry": { "type": "LineString", "coordinates": [ [ 37.610933, 48.698451 ], [ 37.608328, 48.695699 ], [ 37.600348, 48.693266 ], [ 37.599338, 48.691571 ] ] } },
{ "type": "Feature", "properties": { "tessellate": -1, "extrude": 0, "visibility": -1 }, "geometry": { "type": "LineString", "coordinates": [ [ 37.676728, 48.703524 ], [ 37.675034, 48.707651 ], [ 37.669041, 48.712466 ], [ 37.669041, 48.713841 ], [ 37.673992, 48.715904 ] ] } },
{ "type": "Feature", "properties": { "tessellate": -1, "extrude": 0, "visibility": -1 }, "geometry": { "type": "LineString", "coordinates": [ [ 37.678812, 48.710832 ], [ 37.675034, 48.707651 ] ] } },
{ "type": "Feature", "properties": { "tessellate": -1, "extrude": 0, "visibility": -1 }, "geometry": { "type": "LineString", "coordinates": [ [ 37.665393, 48.718913 ], [ 37.667738, 48.716592 ], [ 37.669041, 48.713841 ] ] } },
{ "type": "Feature", "properties": { "tessellate": -1, "extrude": 0, "visibility": -1 }, "geometry": { "type": "LineString", "coordinates": [ [ 37.658618, 48.72003 ], [ 37.660442, 48.716936 ] ] } },
{ "type": "Feature", "properties": { "tessellate": -1, "extrude": 0, "visibility": -1 }, "geometry": { "type": "LineString", "coordinates": [ [ 37.633387, 48.670287 ], [ 37.628872, 48.663044 ], [ 37.631613, 48.660914 ], [ 37.630646, 48.656014 ], [ 37.634194, 48.655907 ] ] } },
{ "type": "Feature", "properties": { "tessellate": -1, "extrude": 0, "visibility": -1 }, "geometry": { "type": "LineString", "coordinates": [ [ 37.636451, 48.675824 ], [ 37.643224, 48.674333 ], [ 37.649514, 48.67625 ], [ 37.652578, 48.675611 ], [ 37.660964, 48.676783 ] ] } },
{ "type": "Feature", "properties": { "tessellate": -1, "extrude": 0, "visibility": -1 }, "geometry": { "type": "LineString", "coordinates": [ [ 37.624292, 48.67471 ], [ 37.624032, 48.673939 ], [ 37.622929, 48.673639 ] ] } },
{ "type": "Feature", "properties": { "tessellate": -1, "extrude": 0, "visibility": -1 }, "geometry": { "type": "LineString", "coordinates": [ [ 37.599976, 48.674669 ], [ 37.598519, 48.670289 ], [ 37.596935, 48.66837 ] ] } },
{ "type": "Feature", "properties": { "tessellate": -1, "extrude": 0, "visibility": -1 }, "geometry": { "type": "LineString", "coordinates": [ [ 37.548869, 48.67089 ], [ 37.5518, 48.669178 ], [ 37.561155, 48.667763 ], [ 37.565101, 48.665009 ], [ 37.57673, 48.666627 ], [ 37.59274, 48.666576 ], [ 37.596801, 48.669722 ], [ 37.598519, 48.670289 ] ] } },
{ "type": "Feature", "properties": { "tessellate": -1, "extrude": 0, "visibility": -1 }, "geometry": { "type": "LineString", "coordinates": [ [ 37.541204, 48.669773 ], [ 37.535004, 48.670145 ], [ 37.533877, 48.669996 ], [ 37.53816, 48.66754 ] ] } },
{ "type": "Feature", "properties": { "tessellate": -1, "extrude": 0, "visibility": -1 }, "geometry": { "type": "LineString", "coordinates": [ [ 37.517307, 48.665977 ], [ 37.518998, 48.665753 ], [ 37.522717, 48.66687 ], [ 37.527114, 48.668805 ], [ 37.533877, 48.669996 ] ] } },
{ "type": "Feature", "properties": { "tessellate": -1, "extrude": 0, "visibility": -1 }, "geometry": { "type": "LineString", "coordinates": [ [ 37.448656, 48.687992 ], [ 37.443125, 48.687992 ], [ 37.437132, 48.686065 ], [ 37.435596, 48.685051 ], [ 37.432676, 48.686674 ], [ 37.430669, 48.689476 ], [ 37.430264, 48.692711 ], [ 37.430747, 48.695851 ], [ 37.429782, 48.697216 ], [ 37.426817, 48.697762 ], [ 37.42275, 48.700538 ], [ 37.422887, 48.702403 ], [ 37.420163, 48.704676 ], [ 37.413983, 48.713733 ], [ 37.409477, 48.725744 ], [ 37.409306, 48.727442 ], [ 37.408533, 48.72863 ] ] } },
{ "type": "Feature", "properties": { "tessellate": -1, "extrude": 0, "visibility": -1 }, "geometry": { "type": "LineString", "coordinates": [ [ 37.395186, 48.678558 ], [ 37.398412, 48.679167 ], [ 37.405941, 48.677747 ], [ 37.409321, 48.679065 ], [ 37.416236, 48.679776 ], [ 37.419002, 48.681906 ], [ 37.424533, 48.683631 ], [ 37.432676, 48.686674 ] ] } },
{ "type": "Feature", "properties": { "tessellate": -1, "extrude": 0, "visibility": -1 }, "geometry": { "type": "LineString", "coordinates": [ [ 37.445522, 48.746875 ], [ 37.446454, 48.745132 ], [ 37.447232, 48.735495 ], [ 37.447076, 48.731087 ], [ 37.449505, 48.720632 ], [ 37.451474, 48.708706 ], [ 37.449536, 48.707939 ], [ 37.433711, 48.704906 ], [ 37.422887, 48.702403 ] ] } },
{ "type": "Feature", "properties": { "tessellate": -1, "extrude": 0, "visibility": -1 }, "geometry": { "type": "LineString", "coordinates": [ [ 37.490877, 48.723623 ], [ 37.491216, 48.720578 ] ] } },
{ "type": "Feature", "properties": { "tessellate": -1, "extrude": 0, "visibility": -1 }, "geometry": { "type": "LineString", "coordinates": [ [ 37.507101, 48.72204 ], [ 37.505514, 48.721616 ] ] } },
{ "type": "Feature", "properties": { "tessellate": -1, "extrude": 0, "visibility": -1 }, "geometry": { "type": "LineString", "coordinates": [ [ 37.473871, 48.688598 ], [ 37.469944, 48.690801 ], [ 37.466017, 48.691449 ] ] } },
{ "type": "Feature", "properties": { "tessellate": -1, "extrude": 0, "visibility": -1 }, "geometry": { "type": "LineString", "coordinates": [ [ 37.477012, 48.689764 ], [ 37.483884, 48.68931 ], [ 37.490854, 48.689958 ], [ 37.503027, 48.683413 ], [ 37.506365, 48.675959 ], [ 37.505088, 48.674468 ], [ 37.501947, 48.673106 ], [ 37.498609, 48.672977 ], [ 37.494879, 48.671291 ], [ 37.476423, 48.674468 ], [ 37.470925, 48.677385 ], [ 37.467882, 48.677709 ], [ 37.467784, 48.678487 ] ] } },
{ "type": "Feature", "properties": { "tessellate": -1, "extrude": 0, "visibility": -1 }, "geometry": { "type": "LineString", "coordinates": [ [ 37.460814, 48.692097 ], [ 37.459047, 48.690412 ], [ 37.460618, 48.677125 ], [ 37.462483, 48.676801 ], [ 37.467882, 48.677709 ] ] } },
{ "type": "Feature", "properties": { "tessellate": -1, "extrude": 0, "visibility": -1 }, "geometry": { "type": "LineString", "coordinates": [ [ 37.591382, 48.687402 ], [ 37.595201, 48.687128 ], [ 37.59819, 48.686032 ], [ 37.600265, 48.684607 ], [ 37.601344, 48.685429 ] ] } },
{ "type": "Feature", "properties": { "tessellate": -1, "extrude": 0, "visibility": -1 }, "geometry": { "type": "LineString", "coordinates": [ [ 37.58499, 48.686087 ], [ 37.587729, 48.685977 ] ] } },
{ "type": "Feature", "properties": { "tessellate": -1, "extrude": 0, "visibility": -1 }, "geometry": { "type": "LineString", "coordinates": [ [ 37.58499, 48.689375 ], [ 37.586152, 48.690087 ] ] } },
{ "type": "Feature", "properties": { "tessellate": -1, "extrude": 0, "visibility": -1 }, "geometry": { "type": "LineString", "coordinates": [ [ 37.581918, 48.688498 ], [ 37.580092, 48.688224 ], [ 37.580258, 48.687457 ] ] } },
{ "type": "Feature", "properties": { "tessellate": -1, "extrude": 0, "visibility": -1 }, "geometry": { "type": "LineString", "coordinates": [ [ 37.561662, 48.6908 ], [ 37.560666, 48.690252 ], [ 37.557511, 48.690252 ] ] } },
{ "type": "Feature", "properties": { "tessellate": -1, "extrude": 0, "visibility": -1 }, "geometry": { "type": "LineString", "coordinates": [ [ 37.551036, 48.696663 ], [ 37.549542, 48.696663 ], [ 37.545225, 48.695841 ] ] } },
{ "type": "Feature", "properties": { "tessellate": -1, "extrude": 0, "visibility": -1 }, "geometry": { "type": "LineString", "coordinates": [ [ 37.544561, 48.697102 ], [ 37.549708, 48.697376 ] ] } },
{ "type": "Feature", "properties": { "tessellate": -1, "extrude": 0, "visibility": -1 }, "geometry": { "type": "LineString", "coordinates": [ [ 37.71143, 48.833237 ], [ 37.70727, 48.833128 ], [ 37.709599, 48.835647 ], [ 37.708601, 48.839371 ], [ 37.698013, 48.843851 ], [ 37.695165, 48.845922 ], [ 37.696924, 48.848535 ] ] } },
{ "type": "Feature", "properties": { "tessellate": -1, "extrude": 0, "visibility": -1 }, "geometry": { "type": "LineString", "coordinates": [ [ 37.702777, 48.845284 ], [ 37.691129, 48.84178 ], [ 37.684473, 48.842218 ], [ 37.678982, 48.840575 ] ] } },
{ "type": "Feature", "properties": { "tessellate": -1, "extrude": 0, "visibility": -1 }, "geometry": { "type": "LineString", "coordinates": [ [ 37.749368, 48.824255 ], [ 37.748703, 48.826884 ], [ 37.749535, 48.830499 ], [ 37.739218, 48.845284 ], [ 37.737388, 48.846051 ] ] } },
{ "type": "Feature", "properties": { "tessellate": -1, "extrude": 0, "visibility": -1 }, "geometry": { "type": "LineString", "coordinates": [ [ 36.941381, 48.816809 ], [ 36.936143, 48.814665 ] ] } },
{ "type": "Feature", "properties": { "tessellate": -1, "extrude": 0, "visibility": -1 }, "geometry": { "type": "LineString", "coordinates": [ [ 37.077439, 48.887466 ], [ 37.078697, 48.88607 ], [ 37.080978, 48.887983 ], [ 37.087111, 48.890206 ] ] } },
{ "type": "Feature", "properties": { "tessellate": -1, "extrude": 0, "visibility": -1 }, "geometry": { "type": "LineString", "coordinates": [ [ 37.209581, 49.129556 ], [ 37.219045, 49.123073 ], [ 37.225846, 49.118428 ], [ 37.241668, 49.115428 ], [ 37.245956, 49.116589 ], [ 37.250983, 49.11446 ], [ 37.263699, 49.111943 ], [ 37.273162, 49.107491 ] ] } },
{ "type": "Feature", "properties": { "tessellate": -1, "extrude": 0, "visibility": -1 }, "geometry": { "type": "LineString", "coordinates": [ [ 37.356691, 49.114912 ], [ 37.358236, 49.121032 ], [ 37.359438, 49.12659 ], [ 37.362785, 49.151412 ], [ 37.368077, 49.188023 ], [ 37.369439, 49.189024 ], [ 37.386121, 49.182237 ], [ 37.403144, 49.186354 ], [ 37.408932, 49.187911 ], [ 37.410634, 49.192473 ], [ 37.415741, 49.195254 ], [ 37.416932, 49.203818 ], [ 37.425139, 49.216076 ], [ 37.426153, 49.231841 ], [ 37.424936, 49.23502 ], [ 37.435281, 49.252853 ], [ 37.445425, 49.258704 ], [ 37.45557, 49.270405 ], [ 37.466738, 49.281358 ], [ 37.472747, 49.288979 ] ] } },
{ "type": "Feature", "properties": { "tessellate": -1, "extrude": 0, "visibility": -1 }, "geometry": { "type": "LineString", "coordinates": [ [ 37.47742, 49.293116 ], [ 37.478422, 49.295293 ], [ 37.469408, 49.29747 ], [ 37.468741, 49.295075 ] ] } },
{ "type": "Feature", "properties": { "tessellate": -1, "extrude": 0, "visibility": -1 }, "geometry": { "type": "LineString", "coordinates": [ [ 37.389957, 49.316842 ], [ 37.403978, 49.315101 ], [ 37.410321, 49.315101 ], [ 37.429015, 49.312489 ], [ 37.451381, 49.310966 ], [ 37.462292, 49.328762 ], [ 37.467728, 49.333667 ], [ 37.474837, 49.332304 ], [ 37.486336, 49.338572 ], [ 37.483409, 49.340751 ] ] } },
{ "type": "Feature", "properties": { "tessellate": -1, "extrude": 0, "visibility": -1 }, "geometry": { "type": "LineString", "coordinates": [ [ 37.329534, 49.311183 ], [ 37.346559, 49.310313 ], [ 37.363918, 49.312272 ], [ 37.37193, 49.311401 ] ] } },
{ "type": "Feature", "properties": { "tessellate": -1, "extrude": 0, "visibility": -1 }, "geometry": { "type": "LineString", "coordinates": [ [ 37.274907, 49.255292 ], [ 37.274422, 49.251386 ], [ 37.274422, 49.24389 ], [ 37.271834, 49.241778 ] ] } },
{ "type": "Feature", "properties": { "tessellate": -1, "extrude": 0, "visibility": -1 }, "geometry": { "type": "LineString", "coordinates": [ [ 37.279921, 49.284736 ], [ 37.278142, 49.277984 ], [ 37.278142, 49.273552 ], [ 37.27701, 49.269014 ] ] } },
{ "type": "Feature", "properties": { "tessellate": -1, "extrude": 0, "visibility": -1 }, "geometry": { "type": "LineString", "coordinates": [ [ 37.290758, 49.295286 ], [ 37.289949, 49.293598 ], [ 37.284288, 49.29191 ], [ 37.282347, 49.289589 ] ] } },
{ "type": "Feature", "properties": { "tessellate": -1, "extrude": 0, "visibility": -1 }, "geometry": { "type": "LineString", "coordinates": [ [ 37.228164, 49.302458 ], [ 37.233986, 49.304251 ], [ 37.258409, 49.305833 ], [ 37.262938, 49.304673 ], [ 37.277171, 49.305095 ] ] } },
{ "type": "Feature", "properties": { "tessellate": -1, "extrude": 0, "visibility": -1 }, "geometry": { "type": "LineString", "coordinates": [ [ 37.27151, 49.307309 ], [ 37.258409, 49.305833 ] ] } },
{ "type": "Feature", "properties": { "tessellate": -1, "extrude": 0, "visibility": -1 }, "geometry": { "type": "LineString", "coordinates": [ [ 37.251131, 49.303196 ], [ 37.262938, 49.304673 ] ] } },
{ "type": "Feature", "properties": { "tessellate": -1, "extrude": 0, "visibility": -1 }, "geometry": { "type": "LineString", "coordinates": [ [ 37.211809, 49.253187 ], [ 37.211895, 49.257107 ], [ 37.215929, 49.271613 ], [ 37.209578, 49.285667 ], [ 37.210951, 49.306375 ], [ 37.214384, 49.307437 ], [ 37.216195, 49.307625 ], [ 37.219753, 49.306255 ] ] } },
{ "type": "Feature", "properties": { "tessellate": -1, "extrude": 0, "visibility": -1 }, "geometry": { "type": "LineString", "coordinates": [ [ 37.299815, 49.312898 ], [ 37.299977, 49.311 ], [ 37.293022, 49.306887 ], [ 37.292213, 49.303513 ], [ 37.294316, 49.303196 ], [ 37.293831, 49.300138 ] ] } },
{ "type": "Feature", "properties": { "tessellate": -1, "extrude": 0, "visibility": -1 }, "geometry": { "type": "LineString", "coordinates": [ [ 37.29836, 49.318908 ], [ 37.297874, 49.326604 ], [ 37.300947, 49.328501 ], [ 37.30402, 49.333139 ], [ 37.304829, 49.35 ], [ 37.306284, 49.364086 ], [ 37.296675, 49.364849 ], [ 37.296675, 49.371259 ], [ 37.304878, 49.371717 ], [ 37.304878, 49.378431 ], [ 37.298785, 49.378736 ], [ 37.299956, 49.383314 ], [ 37.307925, 49.383161 ], [ 37.304878, 49.378431 ] ] } },
{ "type": "Feature", "properties": { "tessellate": -1, "extrude": 0, "visibility": -1 }, "geometry": { "type": "LineString", "coordinates": [ [ 37.32448, 49.400467 ], [ 37.317683, 49.398993 ], [ 37.307925, 49.383161 ] ] } },
{ "type": "Feature", "properties": { "tessellate": -1, "extrude": 0, "visibility": -1 }, "geometry": { "type": "LineString", "coordinates": [ [ 37.468235, 49.355181 ], [ 37.469289, 49.352864 ] ] } },
{ "type": "Feature", "properties": { "tessellate": -1, "extrude": 0, "visibility": -1 }, "geometry": { "type": "LineString", "coordinates": [ [ 37.492907, 49.400641 ], [ 37.496314, 49.392653 ], [ 37.498487, 49.387252 ], [ 37.499079, 49.382751 ], [ 37.496116, 49.380694 ], [ 37.474558, 49.377829 ], [ 37.471923, 49.372597 ], [ 37.466764, 49.369283 ], [ 37.461911, 49.364019 ], [ 37.462702, 49.359986 ], [ 37.464678, 49.358442 ] ] } },
{ "type": "Feature", "properties": { "tessellate": -1, "extrude": 0, "visibility": -1 }, "geometry": { "type": "LineString", "coordinates": [ [ 37.45084, 49.421795 ], [ 37.447655, 49.41955 ], [ 37.446195, 49.416442 ], [ 37.452698, 49.414716 ], [ 37.466233, 49.411867 ] ] } },
{ "type": "Feature", "properties": { "tessellate": -1, "extrude": 0, "visibility": -1 }, "geometry": { "type": "LineString", "coordinates": [ [ 37.472119, 49.451587 ], [ 37.466807, 49.449958 ], [ 37.460388, 49.446001 ], [ 37.453945, 49.44396 ], [ 37.45221, 49.441597 ], [ 37.452705, 49.440254 ], [ 37.451962, 49.437514 ] ] } },
{ "type": "Feature", "properties": { "tessellate": -1, "extrude": 0, "visibility": -1 }, "geometry": { "type": "LineString", "coordinates": [ [ 37.295815, 49.47197 ], [ 37.295815, 49.470175 ], [ 37.290038, 49.467237 ], [ 37.285642, 49.467645 ], [ 37.28313, 49.466828 ], [ 37.275468, 49.460298 ], [ 37.28313, 49.456706 ], [ 37.296946, 49.454583 ], [ 37.29986, 49.439469 ], [ 37.308272, 49.439278 ], [ 37.309054, 49.438069 ], [ 37.316586, 49.437243 ], [ 37.320596, 49.434253 ] ] } },
{ "type": "Feature", "properties": { "tessellate": -1, "extrude": 0, "visibility": -1 }, "geometry": { "type": "LineString", "coordinates": [ [ 37.297312, 49.56532 ], [ 37.302127, 49.567716 ], [ 37.308621, 49.566845 ], [ 37.321162, 49.568225 ], [ 37.32385, 49.567716 ], [ 37.335047, 49.567789 ], [ 37.336726, 49.56532 ], [ 37.338966, 49.563795 ], [ 37.339277, 49.561849 ], [ 37.342494, 49.555749 ], [ 37.340432, 49.553929 ], [ 37.330287, 49.551068 ], [ 37.330287, 49.550303 ], [ 37.33942, 49.538833 ], [ 37.346344, 49.540267 ], [ 37.364103, 49.533344 ], [ 37.367756, 49.53272 ], [ 37.368813, 49.531161 ], [ 37.368525, 49.529788 ], [ 37.37929, 49.525733 ], [ 37.383615, 49.525296 ], [ 37.384961, 49.523425 ], [ 37.382958, 49.517212 ], [ 37.38125, 49.51591 ], [ 37.374308, 49.513861 ], [ 37.378243, 49.51006 ], [ 37.377214, 49.507275 ], [ 37.370953, 49.50644 ], [ 37.365636, 49.501316 ], [ 37.356763, 49.500388 ], [ 37.350891, 49.500548 ], [ 37.347554, 49.498943 ], [ 37.34298, 49.498581 ], [ 37.326291, 49.488683 ], [ 37.328585, 49.486075 ], [ 37.326769, 49.484648 ], [ 37.322645, 49.482918 ], [ 37.315799, 49.481382 ], [ 37.310502, 49.479423 ], [ 37.307894, 49.479926 ], [ 37.307731, 49.479979 ], [ 37.300273, 49.477226 ], [ 37.300355, 49.476272 ] ] } },
{ "type": "Feature", "properties": { "tessellate": -1, "extrude": 0, "visibility": -1 }, "geometry": { "type": "LineString", "coordinates": [ [ 37.257634, 49.595036 ], [ 37.256899, 49.592109 ], [ 37.247345, 49.59068 ], [ 37.246828, 49.585536 ], [ 37.241292, 49.583756 ], [ 37.24185, 49.579223 ], [ 37.246925, 49.579177 ], [ 37.253644, 49.576182 ], [ 37.254799, 49.574616 ], [ 37.260573, 49.57557 ], [ 37.263828, 49.574072 ], [ 37.269917, 49.57414 ], [ 37.282935, 49.571893 ], [ 37.282515, 49.570123 ] ] } },
{ "type": "Feature", "properties": { "tessellate": -1, "extrude": 0, "visibility": -1 }, "geometry": { "type": "LineString", "coordinates": [ [ 37.257739, 49.603609 ], [ 37.259628, 49.606126 ], [ 37.255324, 49.613202 ], [ 37.253482, 49.623063 ], [ 37.257076, 49.623509 ] ] } },
{ "type": "Feature", "properties": { "tessellate": -1, "extrude": 0, "visibility": -1 }, "geometry": { "type": "LineString", "coordinates": [ [ 37.267023, 49.659672 ], [ 37.265337, 49.658624 ], [ 37.258528, 49.656747 ], [ 37.254295, 49.655331 ], [ 37.254639, 49.651047 ], [ 37.253134, 49.647887 ], [ 37.249426, 49.646883 ], [ 37.249831, 49.644743 ], [ 37.251584, 49.640334 ], [ 37.2529, 49.633078 ], [ 37.249688, 49.632409 ], [ 37.251493, 49.623905 ], [ 37.253482, 49.623063 ] ] } },
{ "type": "Feature", "properties": { "tessellate": -1, "extrude": 0, "visibility": -1 }, "geometry": { "type": "LineString", "coordinates": [ [ 37.266944, 49.686382 ], [ 37.264957, 49.681086 ], [ 37.269102, 49.678907 ], [ 37.27628, 49.676605 ], [ 37.271607, 49.665563 ], [ 37.27572, 49.663425 ], [ 37.273563, 49.661068 ], [ 37.267697, 49.661243 ], [ 37.266821, 49.660588 ] ] } },
{ "type": "Feature", "properties": { "tessellate": -1, "extrude": 0, "visibility": -1 }, "geometry": { "type": "LineString", "coordinates": [ [ 37.267125, 49.689923 ], [ 37.268552, 49.699693 ], [ 37.262605, 49.704386 ], [ 37.268958, 49.71831 ], [ 37.266622, 49.723205 ], [ 37.263452, 49.724777 ], [ 37.250028, 49.727852 ], [ 37.243158, 49.729697 ], [ 37.233011, 49.734411 ], [ 37.234808, 49.739329 ], [ 37.224598, 49.747671 ], [ 37.224332, 49.749168 ], [ 37.224188, 49.750095 ], [ 37.216728, 49.752691 ], [ 37.214791, 49.753896 ], [ 37.218665, 49.754405 ], [ 37.22426, 49.753757 ], [ 37.233154, 49.754683 ], [ 37.244057, 49.75232 ], [ 37.245707, 49.754637 ] ] } },
{ "type": "Feature", "properties": { "tessellate": -1, "extrude": 0, "visibility": -1 }, "geometry": { "type": "LineString", "coordinates": [ [ 37.274113, 49.714299 ], [ 37.284263, 49.712163 ], [ 37.289419, 49.711486 ], [ 37.298844, 49.708725 ], [ 37.304249, 49.707424 ], [ 37.313862, 49.71042 ], [ 37.326075, 49.715969 ], [ 37.334908, 49.721076 ], [ 37.343903, 49.726726 ], [ 37.354262, 49.724714 ], [ 37.364464, 49.721416 ], [ 37.377286, 49.718989 ], [ 37.395988, 49.714317 ], [ 37.398113, 49.71418 ], [ 37.407888, 49.717566 ], [ 37.418812, 49.718702 ], [ 37.425076, 49.718158 ], [ 37.431035, 49.716825 ], [ 37.435007, 49.715738 ], [ 37.438917, 49.712068 ], [ 37.442436, 49.711291 ], [ 37.445869, 49.706853 ], [ 37.446299, 49.704745 ], [ 37.448959, 49.703247 ], [ 37.449646, 49.701916 ], [ 37.445869, 49.701361 ], [ 37.446877, 49.699971 ], [ 37.449261, 49.697915 ], [ 37.45871, 49.694529 ], [ 37.476263, 49.690744 ], [ 37.480737, 49.689141 ], [ 37.48707, 49.685445 ] ] } },
{ "type": "Feature", "properties": { "tessellate": -1, "extrude": 0, "visibility": -1 }, "geometry": { "type": "LineString", "coordinates": [ [ 37.435687, 49.539378 ], [ 37.437117, 49.538404 ], [ 37.438261, 49.53543 ], [ 37.444151, 49.530604 ], [ 37.448497, 49.525277 ], [ 37.459713, 49.516175 ], [ 37.471137, 49.518526 ], [ 37.485905, 49.514727 ], [ 37.487019, 49.512104 ], [ 37.48688, 49.510385 ], [ 37.482979, 49.505681 ], [ 37.480039, 49.500709 ], [ 37.476193, 49.499724 ], [ 37.468488, 49.493467 ], [ 37.469199, 49.492175 ], [ 37.468631, 49.489959 ], [ 37.463229, 49.485711 ], [ 37.449584, 49.477862 ], [ 37.445888, 49.471766 ], [ 37.447452, 49.47038 ], [ 37.449157, 49.467794 ], [ 37.451147, 49.467517 ], [ 37.460529, 49.463637 ], [ 37.462945, 49.463729 ] ] } },
{ "type": "Feature", "properties": { "tessellate": -1, "extrude": 0, "visibility": -1 }, "geometry": { "type": "LineString", "coordinates": [ [ 37.440742, 49.606523 ], [ 37.441842, 49.606523 ], [ 37.442429, 49.605145 ], [ 37.443089, 49.601342 ], [ 37.452109, 49.594735 ], [ 37.458862, 49.591394 ], [ 37.460588, 49.583184 ], [ 37.46583, 49.568761 ], [ 37.459218, 49.55853 ], [ 37.456294, 49.556811 ], [ 37.451682, 49.546965 ], [ 37.437617, 49.544156 ], [ 37.436473, 49.541929 ] ] } },
{ "type": "Feature", "properties": { "tessellate": -1, "extrude": 0, "visibility": -1 }, "geometry": { "type": "LineString", "coordinates": [ [ 37.362976, 49.716952 ], [ 37.363569, 49.707547 ], [ 37.365797, 49.70469 ], [ 37.372307, 49.696357 ], [ 37.380851, 49.693374 ], [ 37.386638, 49.689671 ], [ 37.390311, 49.678284 ], [ 37.390158, 49.674819 ], [ 37.391841, 49.672442 ], [ 37.406959, 49.665368 ], [ 37.418077, 49.658211 ], [ 37.420116, 49.653467 ], [ 37.422277, 49.652726 ], [ 37.422404, 49.64746 ], [ 37.423294, 49.646226 ], [ 37.423167, 49.643839 ], [ 37.426802, 49.630496 ], [ 37.426802, 49.627242 ], [ 37.428421, 49.620873 ], [ 37.430841, 49.6194 ], [ 37.436488, 49.618593 ], [ 37.438028, 49.612986 ], [ 37.437882, 49.609232 ], [ 37.439275, 49.608376 ] ] } },
{ "type": "Feature", "properties": { "tessellate": -1, "extrude": 0, "visibility": -1 }, "geometry": { "type": "LineString", "coordinates": [ [ 37.468284, 49.714222 ], [ 37.46539, 49.713481 ], [ 37.452792, 49.7149 ], [ 37.443933, 49.714743 ], [ 37.435007, 49.715738 ] ] } },
{ "type": "Feature", "properties": { "tessellate": -1, "extrude": 0, "visibility": -1 }, "geometry": { "type": "LineString", "coordinates": [ [ 37.491597, 49.722384 ], [ 37.488237, 49.721726 ], [ 37.486405, 49.722318 ], [ 37.480907, 49.721791 ], [ 37.478973, 49.72087 ], [ 37.477344, 49.721002 ], [ 37.471541, 49.717645 ], [ 37.46696, 49.715802 ] ] } },
{ "type": "Feature", "properties": { "tessellate": -1, "extrude": 0, "visibility": -1 }, "geometry": { "type": "LineString", "coordinates": [ [ 37.52449, 49.711953 ], [ 37.517109, 49.714282 ], [ 37.515011, 49.71567 ], [ 37.510125, 49.716394 ], [ 37.507579, 49.717645 ] ] } },
{ "type": "Feature", "properties": { "tessellate": -1, "extrude": 0, "visibility": -1 }, "geometry": { "type": "LineString", "coordinates": [ [ 37.489204, 49.684198 ], [ 37.489204, 49.68353 ], [ 37.488171, 49.680501 ], [ 37.503315, 49.67431 ], [ 37.516325, 49.67088 ], [ 37.521694, 49.667672 ], [ 37.525893, 49.665088 ], [ 37.535667, 49.663662 ], [ 37.538903, 49.663707 ], [ 37.541862, 49.662147 ], [ 37.543102, 49.659073 ] ] } },
{ "type": "Feature", "properties": { "tessellate": -1, "extrude": 0, "visibility": -1 }, "geometry": { "type": "LineString", "coordinates": [ [ 35.916237, 48.408703 ], [ 35.925635, 48.409422 ] ] } },
{ "type": "Feature", "properties": { "tessellate": -1, "extrude": 0, "visibility": -1 }, "geometry": { "type": "LineString", "coordinates": [ [ 35.0614, 47.865965 ], [ 35.060699, 47.865749 ], [ 35.059909, 47.865298 ], [ 35.060523, 47.864709 ] ] } },
{ "type": "Feature", "properties": { "tessellate": -1, "extrude": 0, "visibility": -1 }, "geometry": { "type": "LineString", "coordinates": [ [ 37.198496, 49.760161 ], [ 37.19618, 49.761347 ], [ 37.192346, 49.764778 ], [ 37.183287, 49.769163 ], [ 37.174849, 49.771515 ], [ 37.160727, 49.775932 ], [ 37.14767, 49.776391 ], [ 37.135899, 49.775342 ], [ 37.126778, 49.776177 ], [ 37.123546, 49.775898 ], [ 37.113778, 49.780814 ], [ 37.111188, 49.788977 ], [ 37.108695, 49.791325 ], [ 37.109006, 49.793739 ], [ 37.107344, 49.79991 ], [ 37.107528, 49.802229 ], [ 37.108438, 49.803624 ], [ 37.108097, 49.805165 ], [ 37.105822, 49.81045 ], [ 37.105765, 49.814266 ], [ 37.109542, 49.820408 ], [ 37.109164, 49.821285 ] ] } },
{ "type": "Feature", "properties": { "tessellate": -1, "extrude": 0, "visibility": -1 }, "geometry": { "type": "LineString", "coordinates": [ [ 37.027874, 49.920175 ], [ 37.036012, 49.912647 ], [ 37.038645, 49.910375 ], [ 37.038382, 49.908373 ], [ 37.037558, 49.897304 ], [ 37.038283, 49.889098 ], [ 37.04938, 49.875331 ], [ 37.04789, 49.871278 ], [ 37.018606, 49.861278 ], [ 37.019485, 49.85826 ], [ 37.037838, 49.852157 ], [ 37.043889, 49.849017 ], [ 37.050532, 49.845469 ], [ 37.052142, 49.845556 ], [ 37.054826, 49.84694 ], [ 37.058919, 49.847027 ], [ 37.062542, 49.84681 ], [ 37.065766, 49.845298 ], [ 37.070739, 49.840931 ], [ 37.081956, 49.83397 ], [ 37.083437, 49.832741 ], [ 37.08566, 49.831103 ], [ 37.095411, 49.824649 ], [ 37.099945, 49.823918 ], [ 37.105461, 49.824308 ], [ 37.109466, 49.824064 ], [ 37.110146, 49.822845 ] ] } },
{ "type": "Feature", "properties": { "tessellate": -1, "extrude": 0, "visibility": -1 }, "geometry": { "type": "LineString", "coordinates": [ [ 37.029001, 49.844398 ], [ 37.044757, 49.838627 ], [ 37.051566, 49.836996 ], [ 37.052927, 49.834361 ], [ 37.056435, 49.828439 ], [ 37.058409, 49.823444 ], [ 37.072374, 49.81796 ], [ 37.074499, 49.815511 ], [ 37.074651, 49.81032 ], [ 37.079812, 49.803462 ], [ 37.084366, 49.797584 ], [ 37.088009, 49.795526 ], [ 37.108695, 49.791325 ] ] } },
{ "type": "Feature", "properties": { "tessellate": -1, "extrude": 0, "visibility": -1 }, "geometry": { "type": "LineString", "coordinates": [ [ 37.012466, 49.864716 ], [ 37.015384, 49.860703 ], [ 37.018107, 49.854432 ], [ 37.017135, 49.851673 ] ] } },
{ "type": "Feature", "properties": { "tessellate": -1, "extrude": 0, "visibility": -1 }, "geometry": { "type": "LineString", "coordinates": [ [ 37.273846, 49.766793 ], [ 37.262399, 49.762458 ], [ 37.25437, 49.759027 ], [ 37.249717, 49.757643 ] ] } },
{ "type": "Feature", "properties": { "tessellate": -1, "extrude": 0, "visibility": -1 }, "geometry": { "type": "LineString", "coordinates": [ [ 37.275534, 49.767857 ], [ 37.274612, 49.775159 ], [ 37.273704, 49.780199 ], [ 37.273523, 49.785825 ], [ 37.274521, 49.79186 ], [ 37.27372, 49.793593 ], [ 37.272239, 49.795266 ], [ 37.27173, 49.796969 ], [ 37.272563, 49.797806 ], [ 37.274297, 49.801941 ], [ 37.275596, 49.802821 ], [ 37.27579, 49.803534 ], [ 37.275206, 49.804791 ], [ 37.275466, 49.809947 ], [ 37.275769, 49.816457 ], [ 37.281634, 49.821398 ], [ 37.287596, 49.821961 ], [ 37.293268, 49.825384 ], [ 37.294271, 49.826472 ], [ 37.294392, 49.828777 ], [ 37.294044, 49.832749 ], [ 37.294271, 49.841794 ], [ 37.29179, 49.843678 ], [ 37.287298, 49.849852 ], [ 37.290784, 49.851039 ], [ 37.295675, 49.85235 ], [ 37.295288, 49.85491 ], [ 37.298748, 49.861533 ], [ 37.306849, 49.861938 ], [ 37.315615, 49.870622 ], [ 37.323682, 49.876861 ], [ 37.32107, 49.881515 ], [ 37.317459, 49.886821 ], [ 37.31633, 49.887195 ], [ 37.315397, 49.893108 ], [ 37.314204, 49.898911 ], [ 37.314465, 49.900033 ], [ 37.323783, 49.895657 ], [ 37.320561, 49.889598 ], [ 37.31633, 49.887195 ] ] } },
{ "type": "Feature", "properties": { "tessellate": -1, "extrude": 0, "visibility": -1 }, "geometry": { "type": "LineString", "coordinates": [ [ 37.331417, 49.987053 ], [ 37.344231, 49.980499 ], [ 37.345067, 49.97447 ], [ 37.344907, 49.966169 ], [ 37.330265, 49.953371 ], [ 37.328141, 49.950562 ], [ 37.327787, 49.94297 ], [ 37.326452, 49.934654 ], [ 37.323904, 49.928914 ], [ 37.328553, 49.915839 ], [ 37.32898, 49.909059 ], [ 37.316468, 49.904632 ], [ 37.314465, 49.900033 ] ] } },
{ "type": "Feature", "properties": { "tessellate": -1, "extrude": 0, "visibility": -1 }, "geometry": { "type": "LineString", "coordinates": [ [ 37.334796, 50.004288 ], [ 37.340107, 50.004689 ], [ 37.349168, 50.007567 ], [ 37.366768, 50.011784 ], [ 37.389373, 50.017329 ], [ 37.399257, 50.019593 ], [ 37.400962, 50.020761 ], [ 37.407097, 50.021856 ], [ 37.411968, 50.027391 ], [ 37.414099, 50.031497 ], [ 37.415164, 50.03323 ], [ 37.417508, 50.038887 ], [ 37.416939, 50.042307 ], [ 37.418235, 50.048453 ], [ 37.42354, 50.062603 ], [ 37.426314, 50.062887 ], [ 37.428589, 50.066164 ], [ 37.42992, 50.068051 ], [ 37.437912, 50.069901 ], [ 37.443731, 50.070321 ], [ 37.452242, 50.072375 ], [ 37.460981, 50.079238 ], [ 37.472082, 50.086104 ], [ 37.479223, 50.091051 ], [ 37.483443, 50.098444 ], [ 37.482838, 50.100027 ], [ 37.476838, 50.102025 ], [ 37.474153, 50.108077 ] ] } },
{ "type": "Feature", "properties": { "tessellate": -1, "extrude": 0, "visibility": -1 }, "geometry": { "type": "LineString", "coordinates": [ [ 37.409411, 50.034188 ], [ 37.408843, 50.032363 ] ] } },
{ "type": "Feature", "properties": { "tessellate": -1, "extrude": 0, "visibility": -1 }, "geometry": { "type": "LineString", "coordinates": [ [ 37.424816, 50.061285 ], [ 37.424317, 50.060572 ] ] } },
{ "type": "Feature", "properties": { "tessellate": -1, "extrude": 0, "visibility": -1 }, "geometry": { "type": "LineString", "coordinates": [ [ 37.40977, 50.121055 ], [ 37.415867, 50.119175 ], [ 37.431577, 50.122859 ], [ 37.449633, 50.119326 ], [ 37.456261, 50.115231 ], [ 37.461651, 50.115519 ], [ 37.47026, 50.113166 ], [ 37.472207, 50.11139 ], [ 37.47333, 50.109566 ] ] } },
{ "type": "Feature", "properties": { "tessellate": -1, "extrude": 0, "visibility": -1 }, "geometry": { "type": "LineString", "coordinates": [ [ 37.407542, 50.128271 ], [ 37.405901, 50.130526 ], [ 37.401798, 50.132179 ], [ 37.394992, 50.141375 ], [ 37.390304, 50.145836 ], [ 37.392719, 50.149386 ], [ 37.401153, 50.159068 ], [ 37.398007, 50.164197 ], [ 37.398865, 50.166395 ], [ 37.394751, 50.173216 ], [ 37.400772, 50.178793 ], [ 37.404598, 50.184729 ], [ 37.405039, 50.186707 ], [ 37.406952, 50.188215 ], [ 37.406658, 50.191135 ], [ 37.411955, 50.191041 ], [ 37.419017, 50.188215 ], [ 37.431965, 50.184635 ], [ 37.435202, 50.183222 ], [ 37.443588, 50.182374 ], [ 37.450945, 50.180301 ], [ 37.458743, 50.178416 ], [ 37.460803, 50.178793 ], [ 37.463452, 50.177663 ], [ 37.469631, 50.175967 ], [ 37.474781, 50.17559 ], [ 37.478901, 50.174365 ], [ 37.484573, 50.172151 ], [ 37.494675, 50.169755 ], [ 37.498884, 50.168077 ], [ 37.507676, 50.16628 ], [ 37.513568, 50.165561 ], [ 37.514878, 50.162206 ], [ 37.516281, 50.156873 ], [ 37.518525, 50.15088 ], [ 37.518245, 50.147703 ], [ 37.51731, 50.145845 ], [ 37.51893, 50.137026 ], [ 37.520488, 50.129097 ] ] } },
{ "type": "Feature", "properties": { "tessellate": -1, "extrude": 0, "visibility": -1 }, "geometry": { "type": "LineString", "coordinates": [ [ 37.504671, 50.188626 ], [ 37.504697, 50.188212 ] ] } },
{ "type": "Feature", "properties": { "tessellate": -1, "extrude": 0, "visibility": -1 }, "geometry": { "type": "LineString", "coordinates": [ [ 37.504684, 50.188425 ], [ 37.503894, 50.188493 ] ] } },
{ "type": "Feature", "properties": { "tessellate": -1, "extrude": 0, "visibility": -1 }, "geometry": { "type": "LineString", "coordinates": [ [ 37.497909, 50.198072 ], [ 37.500734, 50.196403 ], [ 37.50106, 50.195742 ] ] } },
{ "type": "Feature", "properties": { "tessellate": -1, "extrude": 0, "visibility": -1 }, "geometry": { "type": "LineString", "coordinates": [ [ 37.502011, 50.19609 ], [ 37.501305, 50.196107 ] ] } },
{ "type": "Feature", "properties": { "tessellate": -1, "extrude": 0, "visibility": -1 }, "geometry": { "type": "LineString", "coordinates": [ [ 37.374282, 50.203499 ], [ 37.378886, 50.199655 ], [ 37.385292, 50.195426 ], [ 37.3943, 50.193376 ], [ 37.406658, 50.191135 ] ] } },
{ "type": "Feature", "properties": { "tessellate": -1, "extrude": 0, "visibility": -1 }, "geometry": { "type": "LineString", "coordinates": [ [ 37.556961, 50.043571 ], [ 37.55547, 50.034383 ], [ 37.551327, 50.016347 ], [ 37.549279, 50.008548 ], [ 37.553145, 50.005567 ], [ 37.565129, 49.994716 ], [ 37.580734, 49.987246 ], [ 37.59622, 49.981068 ], [ 37.601872, 49.977361 ], [ 37.613365, 49.97059 ], [ 37.621032, 49.966224 ], [ 37.63317, 49.96083 ], [ 37.634608, 49.958313 ], [ 37.638844, 49.953948 ], [ 37.642524, 49.949367 ], [ 37.643404, 49.945146 ], [ 37.643404, 49.94494 ], [ 37.644604, 49.938298 ], [ 37.647244, 49.936084 ], [ 37.648444, 49.932531 ] ] } },
{ "type": "Feature", "properties": { "tessellate": -1, "extrude": 0, "visibility": -1 }, "geometry": { "type": "LineString", "coordinates": [ [ 37.668583, 50.049755 ], [ 37.669141, 50.049667 ], [ 37.681378, 50.047179 ], [ 37.681247, 50.046666 ] ] } },
{ "type": "Feature", "properties": { "tessellate": -1, "extrude": 0, "visibility": -1 }, "geometry": { "type": "LineString", "coordinates": [ [ 37.612379, 50.070087 ], [ 37.611089, 50.06908 ], [ 37.608675, 50.067493 ], [ 37.608511, 50.067275 ] ] } },
{ "type": "Feature", "properties": { "tessellate": -1, "extrude": 0, "visibility": -1 }, "geometry": { "type": "LineString", "coordinates": [ [ 37.559975, 50.082147 ], [ 37.563361, 50.063795 ], [ 37.566724, 50.049437 ] ] } },
{ "type": "Feature", "properties": { "tessellate": -1, "extrude": 0, "visibility": -1 }, "geometry": { "type": "LineString", "coordinates": [ [ 37.521406, 50.120177 ], [ 37.527063, 50.108314 ], [ 37.531946, 50.098922 ], [ 37.529877, 50.095785 ], [ 37.527807, 50.088302 ], [ 37.52555, 50.084078 ] ] } },
{ "type": "Feature", "properties": { "tessellate": -1, "extrude": 0, "visibility": -1 }, "geometry": { "type": "LineString", "coordinates": [ [ 37.334339, 50.17835 ], [ 37.339571, 50.179229 ], [ 37.341972, 50.17879 ], [ 37.347032, 50.175 ] ] } },
{ "type": "Feature", "properties": { "tessellate": -1, "extrude": 0, "visibility": -1 }, "geometry": { "type": "LineString", "coordinates": [ [ 37.308355, 50.194604 ], [ 37.321905, 50.192957 ] ] } },
{ "type": "Feature", "properties": { "tessellate": -1, "extrude": 0, "visibility": -1 }, "geometry": { "type": "LineString", "coordinates": [ [ 37.243526, 50.197293 ], [ 37.245892, 50.197424 ], [ 37.250212, 50.198807 ], [ 37.252579, 50.195844 ], [ 37.253607, 50.193144 ] ] } },
{ "type": "Feature", "properties": { "tessellate": -1, "extrude": 0, "visibility": -1 }, "geometry": { "type": "LineString", "coordinates": [ [ 37.23549, 50.225462 ], [ 37.22139, 50.2242 ] ] } },
{ "type": "Feature", "properties": { "tessellate": -1, "extrude": 0, "visibility": -1 }, "geometry": { "type": "LineString", "coordinates": [ [ 37.127394, 50.23084 ], [ 37.132867, 50.230697 ], [ 37.135792, 50.229353 ], [ 37.136242, 50.228346 ] ] } },
{ "type": "Feature", "properties": { "tessellate": -1, "extrude": 0, "visibility": -1 }, "geometry": { "type": "LineString", "coordinates": [ [ 37.069832, 50.217012 ], [ 37.06847, 50.212435 ] ] } },
{ "type": "Feature", "properties": { "tessellate": -1, "extrude": 0, "visibility": -1 }, "geometry": { "type": "LineString", "coordinates": [ [ 36.998647, 50.248753 ], [ 36.992613, 50.249305 ], [ 36.990673, 50.246824 ], [ 36.994696, 50.244527 ] ] } },
{ "type": "Feature", "properties": { "tessellate": -1, "extrude": 0, "visibility": -1 }, "geometry": { "type": "LineString", "coordinates": [ [ 36.940445, 50.260199 ], [ 36.946031, 50.257317 ] ] } },
{ "type": "Feature", "properties": { "tessellate": -1, "extrude": 0, "visibility": -1 }, "geometry": { "type": "LineString", "coordinates": [ [ 36.929176, 50.262266 ], [ 36.93584, 50.260606 ] ] } },
{ "type": "Feature", "properties": { "tessellate": -1, "extrude": 0, "visibility": -1 }, "geometry": { "type": "LineString", "coordinates": [ [ 37.148291, 50.178482 ], [ 37.168464, 50.17837 ], [ 37.173902, 50.179381 ], [ 37.190846, 50.177838 ], [ 37.202945, 50.178229 ], [ 37.214331, 50.176991 ], [ 37.219975, 50.179121 ], [ 37.228493, 50.181525 ], [ 37.244952, 50.184299 ], [ 37.254481, 50.183559 ], [ 37.271951, 50.185131 ], [ 37.280613, 50.188459 ], [ 37.287543, 50.187072 ], [ 37.29635, 50.187442 ], [ 37.312807, 50.181421 ], [ 37.315522, 50.179604 ], [ 37.332863, 50.172055 ] ] } },
{ "type": "Feature", "properties": { "tessellate": -1, "extrude": 0, "visibility": -1 }, "geometry": { "type": "LineString", "coordinates": [ [ 37.137415, 50.186682 ], [ 37.140046, 50.185784 ], [ 37.143905, 50.183762 ], [ 37.147589, 50.182414 ] ] } },
{ "type": "Feature", "properties": { "tessellate": -1, "extrude": 0, "visibility": -1 }, "geometry": { "type": "LineString", "coordinates": [ [ 37.030494, 50.179653 ], [ 37.042679, 50.181116 ], [ 37.06022, 50.182232 ], [ 37.073449, 50.181281 ], [ 37.090622, 50.180246 ], [ 37.09656, 50.177824 ], [ 37.101605, 50.177214 ], [ 37.105835, 50.178124 ], [ 37.117183, 50.187748 ], [ 37.126752, 50.189829 ] ] } },
{ "type": "Feature", "properties": { "tessellate": -1, "extrude": 0, "visibility": -1 }, "geometry": { "type": "LineString", "coordinates": [ [ 36.908563, 50.182973 ], [ 36.917889, 50.182855 ], [ 36.919885, 50.18431 ], [ 36.922432, 50.184266 ], [ 36.922845, 50.1829 ], [ 36.929798, 50.182327 ], [ 36.938059, 50.180651 ], [ 36.940607, 50.181489 ], [ 36.946553, 50.180158 ], [ 36.948449, 50.179175 ], [ 36.952239, 50.179291 ], [ 36.958828, 50.180851 ], [ 36.96659, 50.183048 ], [ 36.971824, 50.181487 ], [ 36.980669, 50.1801 ], [ 36.98798, 50.178251 ], [ 36.991049, 50.177384 ], [ 36.9952, 50.176863 ], [ 36.998359, 50.176285 ] ] } },
{ "type": "Feature", "properties": { "tessellate": -1, "extrude": 0, "visibility": -1 }, "geometry": { "type": "LineString", "coordinates": [ [ 37.015927, 48.533322 ], [ 37.010021, 48.536225 ], [ 37.004442, 48.541905 ], [ 36.997919, 48.544574 ], [ 36.996632, 48.544232 ], [ 36.986504, 48.542755 ], [ 36.965818, 48.541103 ], [ 36.963758, 48.540251 ], [ 36.947708, 48.538774 ], [ 36.948652, 48.531101 ], [ 36.920414, 48.529396 ], [ 36.908655, 48.528483 ], [ 36.910715, 48.518143 ], [ 36.904106, 48.51729 ], [ 36.902304, 48.519167 ], [ 36.873121, 48.517801 ], [ 36.869388, 48.517337 ], [ 36.854839, 48.516058 ], [ 36.854796, 48.513615 ] ] } },
{ "type": "Feature", "properties": { "tessellate": -1, "extrude": 0, "visibility": -1 }, "geometry": { "type": "LineString", "coordinates": [ [ 37.078171, 48.564225 ], [ 37.083921, 48.564735 ], [ 37.088728, 48.565359 ], [ 37.094479, 48.563883 ], [ 37.097998, 48.565984 ], [ 37.124004, 48.566722 ], [ 37.127523, 48.567232 ], [ 37.132196, 48.567025 ] ] } },
{ "type": "Feature", "properties": { "tessellate": -1, "extrude": 0, "visibility": -1 }, "geometry": { "type": "LineString", "coordinates": [ [ 37.056971, 48.563709 ], [ 37.054911, 48.563312 ], [ 37.052507, 48.561949 ], [ 37.047443, 48.557634 ], [ 37.044439, 48.55326 ], [ 37.031756, 48.547612 ], [ 37.028174, 48.546499 ], [ 37.027617, 48.541047 ], [ 37.028303, 48.53656 ], [ 37.023028, 48.535701 ] ] } },
{ "type": "Feature", "properties": { "tessellate": -1, "extrude": 0, "visibility": -1 }, "geometry": { "type": "LineString", "coordinates": [ [ 37.327928, 50.000794 ], [ 37.323637, 50.001897 ], [ 37.31248, 50.00267 ], [ 37.293256, 50.004986 ], [ 37.289995, 50.009398 ], [ 37.288278, 50.019103 ], [ 37.287763, 50.034098 ], [ 37.282271, 50.046112 ], [ 37.279696, 50.048206 ], [ 37.279695, 50.064082 ], [ 37.292912, 50.086551 ], [ 37.291194, 50.091514 ], [ 37.279008, 50.102744 ], [ 37.289306, 50.108578 ], [ 37.294627, 50.113971 ], [ 37.300635, 50.121234 ], [ 37.308874, 50.125305 ], [ 37.313854, 50.129276 ], [ 37.316085, 50.132576 ], [ 37.32175, 50.134886 ], [ 37.325182, 50.138186 ], [ 37.337198, 50.140936 ], [ 37.34681, 50.141046 ], [ 37.360026, 50.141266 ], [ 37.369295, 50.142806 ], [ 37.379766, 50.146106 ], [ 37.390304, 50.145836 ] ] } },
{ "type": "Feature", "properties": { "tessellate": -1, "extrude": 0, "visibility": -1 }, "geometry": { "type": "LineString", "coordinates": [ [ 36.820502, 50.113755 ], [ 36.824278, 50.112269 ], [ 36.831491, 50.110067 ], [ 36.836211, 50.108856 ], [ 36.839559, 50.108966 ], [ 36.844965, 50.108306 ], [ 36.84754, 50.107315 ], [ 36.883845, 50.104289 ], [ 36.900928, 50.095699 ], [ 36.924014, 50.093002 ], [ 36.951141, 50.090103 ], [ 36.962127, 50.092194 ], [ 36.986674, 50.098798 ], [ 37.02959, 50.102869 ], [ 37.034396, 50.10529 ], [ 37.044524, 50.113433 ], [ 37.057914, 50.119703 ], [ 37.06375, 50.120253 ], [ 37.094134, 50.120148 ], [ 37.119712, 50.115417 ], [ 37.140998, 50.111237 ], [ 37.147521, 50.113217 ], [ 37.157993, 50.120368 ], [ 37.17739, 50.122452 ], [ 37.187518, 50.120802 ], [ 37.189578, 50.119152 ], [ 37.195071, 50.117392 ], [ 37.202281, 50.112771 ], [ 37.231292, 50.103748 ], [ 37.250175, 50.102538 ], [ 37.263221, 50.101107 ], [ 37.272491, 50.101327 ], [ 37.279008, 50.102744 ] ] } },
{ "type": "Feature", "properties": { "tessellate": -1, "extrude": 0, "visibility": -1 }, "geometry": { "type": "LineString", "coordinates": [ [ 36.334114, 50.074754 ], [ 36.348421, 50.065453 ], [ 36.356465, 50.059619 ], [ 36.364748, 50.050793 ], [ 36.379383, 50.035217 ], [ 36.388326, 50.02599 ], [ 36.407604, 50.011391 ], [ 36.409699, 50.010213 ], [ 36.411358, 50.007576 ], [ 36.412406, 50.003984 ], [ 36.415549, 49.998597 ], [ 36.416103, 49.995695 ], [ 36.418256, 49.990365 ] ] } },
{ "type": "Feature", "properties": { "tessellate": -1, "extrude": 0, "visibility": -1 }, "geometry": { "type": "LineString", "coordinates": [ [ 36.409128, 50.012551 ], [ 36.408291, 50.01314 ], [ 36.407295, 50.013191 ] ] } },
{ "type": "Feature", "properties": { "tessellate": -1, "extrude": 0, "visibility": -1 }, "geometry": { "type": "LineString", "coordinates": [ [ 36.291503, 49.884657 ], [ 36.290841, 49.886809 ], [ 36.297452, 49.883177 ], [ 36.321113, 49.879769 ] ] } },
{ "type": "Feature", "properties": { "tessellate": -1, "extrude": 0, "visibility": -1 }, "geometry": { "type": "LineString", "coordinates": [ [ 36.331242, 49.879323 ], [ 36.337045, 49.879438 ], [ 36.361056, 49.88289 ], [ 36.381051, 49.885478 ], [ 36.384711, 49.886685 ], [ 36.39935, 49.894219 ], [ 36.403785, 49.89996 ], [ 36.404227, 49.904798 ], [ 36.405221, 49.910561 ] ] } },
{ "type": "Feature", "properties": { "tessellate": -1, "extrude": 0, "visibility": -1 }, "geometry": { "type": "LineString", "coordinates": [ [ 36.47842, 49.914569 ], [ 36.4636, 49.92155 ], [ 36.458122, 49.923821 ] ] } },
{ "type": "Feature", "properties": { "tessellate": -1, "extrude": 0, "visibility": -1 }, "geometry": { "type": "LineString", "coordinates": [ [ 36.478532, 49.915535 ], [ 36.449447, 49.929216 ], [ 36.440665, 49.932265 ] ] } },
{ "type": "Feature", "properties": { "tessellate": -1, "extrude": 0, "visibility": -1 }, "geometry": { "type": "LineString", "coordinates": [ [ 36.436811, 49.942777 ], [ 36.436494, 49.946309 ], [ 36.4335, 49.952876 ] ] } },
{ "type": "Feature", "properties": { "tessellate": -1, "extrude": 0, "visibility": -1 }, "geometry": { "type": "LineString", "coordinates": [ [ 36.432819, 49.953402 ], [ 36.433636, 49.950541 ], [ 36.431867, 49.949607 ], [ 36.432321, 49.94736 ] ] } },
{ "type": "Feature", "properties": { "tessellate": -1, "extrude": 0, "visibility": -1 }, "geometry": { "type": "LineString", "coordinates": [ [ 36.431186, 49.957313 ], [ 36.428147, 49.964725 ] ] } },
{ "type": "Feature", "properties": { "tessellate": -1, "extrude": 0, "visibility": -1 }, "geometry": { "type": "LineString", "coordinates": [ [ 36.424347, 49.979112 ], [ 36.422786, 49.983075 ], [ 36.421964, 49.984079 ] ] } },
{ "type": "Feature", "properties": { "tessellate": -1, "extrude": 0, "visibility": -1 }, "geometry": { "type": "LineString", "coordinates": [ [ 37.863054, 50.0545 ], [ 37.858744, 50.055139 ], [ 37.856424, 50.056948 ], [ 37.851949, 50.058544 ], [ 37.842833, 50.060246 ], [ 37.841507, 50.061736 ], [ 37.835209, 50.064077 ], [ 37.830403, 50.064077 ], [ 37.829243, 50.065992 ], [ 37.821121, 50.070034 ], [ 37.808359, 50.077161 ], [ 37.797289, 50.084155 ], [ 37.78938, 50.083112 ], [ 37.779972, 50.08188 ], [ 37.77881, 50.081333 ], [ 37.776679, 50.081283 ], [ 37.771065, 50.08054 ], [ 37.76722, 50.079885 ], [ 37.764562, 50.079062 ], [ 37.761609, 50.078216 ], [ 37.760329, 50.078114 ] ] } },
{ "type": "Feature", "properties": { "tessellate": -1, "extrude": 0, "visibility": -1 }, "geometry": { "type": "LineString", "coordinates": [ [ 36.114118, 50.257368 ], [ 36.099262, 50.262532 ], [ 36.099262, 50.264077 ] ] } },
{ "type": "Feature", "properties": { "tessellate": -1, "extrude": 0, "visibility": -1 }, "geometry": { "type": "LineString", "coordinates": [ [ 36.118304, 50.253712 ], [ 36.117242, 50.255295 ], [ 36.117242, 50.257331 ] ] } },
{ "type": "Feature", "properties": { "tessellate": -1, "extrude": 0, "visibility": -1 }, "geometry": { "type": "LineString", "coordinates": [ [ 35.959389, 50.303711 ], [ 35.947434, 50.303323 ], [ 35.938113, 50.299224 ] ] } },
{ "type": "Feature", "properties": { "tessellate": -1, "extrude": 0, "visibility": -1 }, "geometry": { "type": "LineString", "coordinates": [ [ 35.834274, 50.304526 ], [ 35.839, 50.303094 ], [ 35.841606, 50.300772 ] ] } },
{ "type": "Feature", "properties": { "tessellate": -1, "extrude": 0, "visibility": -1 }, "geometry": { "type": "LineString", "coordinates": [ [ 35.827124, 50.300656 ], [ 35.827124, 50.298566 ] ] } },
{ "type": "Feature", "properties": { "tessellate": -1, "extrude": 0, "visibility": -1 }, "geometry": { "type": "LineString", "coordinates": [ [ 35.776939, 50.298627 ], [ 35.781723, 50.295119 ], [ 35.78643, 50.294568 ] ] } },
{ "type": "Feature", "properties": { "tessellate": -1, "extrude": 0, "visibility": -1 }, "geometry": { "type": "LineString", "coordinates": [ [ 35.841376, 50.280543 ], [ 35.825909, 50.280691 ] ] } },
{ "type": "Feature", "properties": { "tessellate": -1, "extrude": 0, "visibility": -1 }, "geometry": { "type": "LineString", "coordinates": [ [ 35.825967, 50.238381 ], [ 35.829439, 50.236901 ], [ 35.835098, 50.23361 ] ] } },
{ "type": "Feature", "properties": { "tessellate": -1, "extrude": 0, "visibility": -1 }, "geometry": { "type": "LineString", "coordinates": [ [ 35.736216, 50.263111 ], [ 35.746296, 50.259453 ] ] } },
{ "type": "Feature", "properties": { "tessellate": -1, "extrude": 0, "visibility": -1 }, "geometry": { "type": "LineString", "coordinates": [ [ 35.863019, 50.351257 ], [ 35.858289, 50.344415 ] ] } },
{ "type": "Feature", "properties": { "tessellate": -1, "extrude": 0, "visibility": -1 }, "geometry": { "type": "LineString", "coordinates": [ [ 35.89345, 50.385251 ], [ 35.889508, 50.384044 ], [ 35.885567, 50.380425 ], [ 35.880836, 50.378716 ] ] } },
{ "type": "Feature", "properties": { "tessellate": -1, "extrude": 0, "visibility": -1 }, "geometry": { "type": "LineString", "coordinates": [ [ 35.936811, 50.38696 ], [ 35.935549, 50.382034 ], [ 35.928454, 50.382134 ] ] } },
{ "type": "Feature", "properties": { "tessellate": -1, "extrude": 0, "visibility": -1 }, "geometry": { "type": "LineString", "coordinates": [ [ 35.973988, 50.396973 ], [ 35.963628, 50.396692 ], [ 35.960469, 50.395099 ] ] } },
{ "type": "Feature", "properties": { "tessellate": -1, "extrude": 0, "visibility": -1 }, "geometry": { "type": "LineString", "coordinates": [ [ 36.020426, 50.402734 ], [ 36.017707, 50.39983 ], [ 36.009478, 50.398518 ], [ 35.996178, 50.395989 ], [ 35.993239, 50.396832 ] ] } },
{ "type": "Feature", "properties": { "tessellate": -1, "extrude": 0, "visibility": -1 }, "geometry": { "type": "LineString", "coordinates": [ [ 36.050401, 50.406338 ], [ 36.053795, 50.405272 ], [ 36.0542, 50.405327 ], [ 36.054788, 50.405157 ], [ 36.059447, 50.402534 ] ] } },
{ "type": "Feature", "properties": { "tessellate": -1, "extrude": 0, "visibility": -1 }, "geometry": { "type": "LineString", "coordinates": [ [ 36.057582, 50.3692 ], [ 36.049761, 50.373383 ] ] } },
{ "type": "Feature", "properties": { "tessellate": -1, "extrude": 0, "visibility": -1 }, "geometry": { "type": "LineString", "coordinates": [ [ 36.097721, 50.356619 ], [ 36.093571, 50.360615 ], [ 36.088062, 50.365573 ] ] } },
{ "type": "Feature", "properties": { "tessellate": -1, "extrude": 0, "visibility": -1 }, "geometry": { "type": "LineString", "coordinates": [ [ 36.211984, 50.31654 ], [ 36.216302, 50.315243 ], [ 36.216937, 50.314107 ], [ 36.228366, 50.302104 ], [ 36.230271, 50.301536 ], [ 36.233826, 50.297318 ] ] } },
{ "type": "Feature", "properties": { "tessellate": -1, "extrude": 0, "visibility": -1 }, "geometry": { "type": "LineString", "coordinates": [ [ 36.183793, 50.31281 ], [ 36.18938, 50.313134 ], [ 36.203984, 50.31427 ] ] } },
{ "type": "Feature", "properties": { "tessellate": -1, "extrude": 0, "visibility": -1 }, "geometry": { "type": "LineString", "coordinates": [ [ 36.23924, 50.274663 ], [ 36.232296, 50.274985 ], [ 36.233306, 50.271314 ] ] } },
{ "type": "Feature", "properties": { "tessellate": -1, "extrude": 0, "visibility": -1 }, "geometry": { "type": "LineString", "coordinates": [ [ 36.087302, 50.284859 ], [ 36.075445, 50.286265 ], [ 36.057353, 50.289779 ] ] } },
{ "type": "Feature", "properties": { "tessellate": -1, "extrude": 0, "visibility": -1 }, "geometry": { "type": "LineString", "coordinates": [ [ 36.257764, 50.255079 ], [ 36.256527, 50.251464 ] ] } },
{ "type": "Feature", "properties": { "tessellate": -1, "extrude": 0, "visibility": -1 }, "geometry": { "type": "LineString", "coordinates": [ [ 36.270486, 50.23553 ], [ 36.263949, 50.229087 ] ] } },
{ "type": "Feature", "properties": { "tessellate": -1, "extrude": 0, "visibility": -1 }, "geometry": { "type": "LineString", "coordinates": [ [ 36.308654, 50.225469 ], [ 36.300349, 50.226826 ], [ 36.290277, 50.229652 ], [ 36.276141, 50.231687 ] ] } },
{ "type": "Feature", "properties": { "tessellate": -1, "extrude": 0, "visibility": -1 }, "geometry": { "type": "LineString", "coordinates": [ [ 36.370664, 50.254128 ], [ 36.355303, 50.250334 ], [ 36.348412, 50.251125 ], [ 36.334453, 50.250334 ], [ 36.321377, 50.251802 ], [ 36.316076, 50.249543 ], [ 36.298229, 50.251238 ], [ 36.271017, 50.253271 ] ] } },
{ "type": "Feature", "properties": { "tessellate": -1, "extrude": 0, "visibility": -1 }, "geometry": { "type": "LineString", "coordinates": [ [ 35.668584, 50.228255 ], [ 35.655531, 50.230542 ] ] } },
{ "type": "Feature", "properties": { "tessellate": -1, "extrude": 0, "visibility": -1 }, "geometry": { "type": "LineString", "coordinates": [ [ 35.526617, 50.18754 ], [ 35.533949, 50.188503 ], [ 35.536768, 50.185735 ] ] } },
{ "type": "Feature", "properties": { "tessellate": -1, "extrude": 0, "visibility": -1 }, "geometry": { "type": "LineString", "coordinates": [ [ 35.502555, 50.178753 ], [ 35.510262, 50.18405 ] ] } },
{ "type": "Feature", "properties": { "tessellate": -1, "extrude": 0, "visibility": -1 }, "geometry": { "type": "LineString", "coordinates": [ [ 35.4377, 50.182364 ], [ 35.449543, 50.181762 ] ] } },
{ "type": "Feature", "properties": { "tessellate": -1, "extrude": 0, "visibility": -1 }, "geometry": { "type": "LineString", "coordinates": [ [ 35.412886, 50.199816 ], [ 35.420969, 50.195965 ] ] } },
{ "type": "Feature", "properties": { "tessellate": -1, "extrude": 0, "visibility": -1 }, "geometry": { "type": "LineString", "coordinates": [ [ 35.375288, 50.204749 ], [ 35.383936, 50.199214 ] ] } },
{ "type": "Feature", "properties": { "tessellate": -1, "extrude": 0, "visibility": -1 }, "geometry": { "type": "LineString", "coordinates": [ [ 35.285556, 50.214096 ], [ 35.27323, 50.211627 ] ] } },
{ "type": "Feature", "properties": { "tessellate": -1, "extrude": 0, "visibility": -1 }, "geometry": { "type": "LineString", "coordinates": [ [ 35.306457, 50.214302 ], [ 35.293488, 50.214164 ] ] } },
{ "type": "Feature", "properties": { "tessellate": -1, "extrude": 0, "visibility": -1 }, "geometry": { "type": "LineString", "coordinates": [ [ 35.339577, 50.212998 ], [ 35.320284, 50.211627 ] ] } },
{ "type": "Feature", "properties": { "tessellate": -1, "extrude": 0, "visibility": -1 }, "geometry": { "type": "LineString", "coordinates": [ [ 35.359727, 50.214919 ], [ 35.355547, 50.214987 ], [ 35.351688, 50.215468 ] ] } },
{ "type": "Feature", "properties": { "tessellate": -1, "extrude": 0, "visibility": -1 }, "geometry": { "type": "LineString", "coordinates": [ [ 35.231497, 50.232157 ], [ 35.244583, 50.230607 ], [ 35.24846, 50.231331 ] ] } },
{ "type": "Feature", "properties": { "tessellate": -1, "extrude": 0, "visibility": -1 }, "geometry": { "type": "LineString", "coordinates": [ [ 35.212271, 50.235258 ], [ 35.220349, 50.233397 ] ] } },
{ "type": "Feature", "properties": { "tessellate": -1, "extrude": 0, "visibility": -1 }, "geometry": { "type": "LineString", "coordinates": [ [ 35.168327, 50.238048 ], [ 35.174143, 50.236394 ] ] } },
{ "type": "Feature", "properties": { "tessellate": -1, "extrude": 0, "visibility": -1 }, "geometry": { "type": "LineString", "coordinates": [ [ 34.942664, 50.845765 ], [ 34.942608, 50.847385 ], [ 34.943054, 50.848406 ] ] } },
{ "type": "Feature", "properties": { "tessellate": -1, "extrude": 0, "visibility": -1 }, "geometry": { "type": "LineString", "coordinates": [ [ 34.935805, 50.854461 ], [ 34.942608, 50.847385 ] ] } },
{ "type": "Feature", "properties": { "tessellate": -1, "extrude": 0, "visibility": -1 }, "geometry": { "type": "LineString", "coordinates": [ [ 34.925032, 50.860845 ], [ 34.931646, 50.853835 ] ] } },
{ "type": "Feature", "properties": { "tessellate": -1, "extrude": 0, "visibility": -1 }, "geometry": { "type": "LineString", "coordinates": [ [ 34.925511, 50.861676 ], [ 34.924135, 50.862695 ], [ 34.923639, 50.863626 ], [ 34.922191, 50.864507 ], [ 34.920484, 50.866596 ], [ 34.919191, 50.868 ], [ 34.913547, 50.873321 ], [ 34.913434, 50.874961 ], [ 34.919457, 50.869423 ], [ 34.919191, 50.868 ] ] } },
{ "type": "Feature", "properties": { "tessellate": -1, "extrude": 0, "visibility": -1 }, "geometry": { "type": "LineString", "coordinates": [ [ 35.137531, 50.927129 ], [ 35.159241, 50.934322 ], [ 35.156758, 50.938147 ] ] } },
{ "type": "Feature", "properties": { "tessellate": -1, "extrude": 0, "visibility": -1 }, "geometry": { "type": "LineString", "coordinates": [ [ 35.160869, 50.931296 ], [ 35.159241, 50.934322 ], [ 35.163182, 50.936258 ], [ 35.185671, 50.942126 ], [ 35.187707, 50.941975 ] ] } },
{ "type": "Feature", "properties": { "tessellate": -1, "extrude": 0, "visibility": -1 }, "geometry": { "type": "LineString", "coordinates": [ [ 35.155495, 50.943031 ], [ 35.15825, 50.946728 ], [ 35.163758, 50.950424 ], [ 35.163758, 50.952838 ], [ 35.160306, 50.954602 ], [ 35.153463, 50.954085 ], [ 35.148263, 50.959084 ], [ 35.143063, 50.960032 ], [ 35.136631, 50.95986 ], [ 35.122807, 50.964126 ], [ 35.121332, 50.967698 ], [ 35.115204, 50.972732 ], [ 35.114298, 50.97599 ], [ 35.113263, 50.976153 ], [ 35.108735, 50.972895 ], [ 35.103301, 50.970532 ], [ 35.100066, 50.96931 ] ] } },
{ "type": "Feature", "properties": { "tessellate": -1, "extrude": 0, "visibility": -1 }, "geometry": { "type": "LineString", "coordinates": [ [ 35.06908, 50.986244 ], [ 35.077684, 50.982426 ], [ 35.081177, 50.981448 ], [ 35.082342, 50.977946 ], [ 35.087517, 50.975094 ], [ 35.092045, 50.972162 ], [ 35.103301, 50.970532 ] ] } },
{ "type": "Feature", "properties": { "tessellate": -1, "extrude": 0, "visibility": -1 }, "geometry": { "type": "LineString", "coordinates": [ [ 35.051869, 50.989609 ], [ 35.053709, 50.986852 ], [ 35.056011, 50.984374 ], [ 35.062694, 50.979185 ], [ 35.064476, 50.975539 ], [ 35.063511, 50.972453 ], [ 35.065887, 50.972266 ], [ 35.071827, 50.96787 ], [ 35.080738, 50.966093 ] ] } },
{ "type": "Feature", "properties": { "tessellate": -1, "extrude": 0, "visibility": -1 }, "geometry": { "type": "LineString", "coordinates": [ [ 35.043421, 51.097505 ], [ 35.044147, 51.094544 ], [ 35.043279, 51.079706 ], [ 35.04471, 51.07611 ] ] } },
{ "type": "Feature", "properties": { "tessellate": -1, "extrude": 0, "visibility": -1 }, "geometry": { "type": "LineString", "coordinates": [ [ 34.967613, 51.106902 ], [ 34.963334, 51.106902 ] ] } },
{ "type": "Feature", "properties": { "tessellate": -1, "extrude": 0, "visibility": -1 }, "geometry": { "type": "LineString", "coordinates": [ [ 34.802823, 51.030345 ], [ 34.804649, 51.0269 ] ] } },
{ "type": "Feature", "properties": { "tessellate": -1, "extrude": 0, "visibility": -1 }, "geometry": { "type": "LineString", "coordinates": [ [ 34.805208, 51.046464 ], [ 34.8029, 51.040889 ] ] } },
{ "type": "Feature", "properties": { "tessellate": -1, "extrude": 0, "visibility": -1 }, "geometry": { "type": "LineString", "coordinates": [ [ 34.818498, 51.046732 ], [ 34.814004, 51.047108 ], [ 34.808835, 51.048521 ] ] } },
{ "type": "Feature", "properties": { "tessellate": -1, "extrude": 0, "visibility": -1 }, "geometry": { "type": "LineString", "coordinates": [ [ 34.836926, 51.037924 ], [ 34.831907, 51.043718 ], [ 34.823592, 51.047156 ] ] } },
{ "type": "Feature", "properties": { "tessellate": -1, "extrude": 0, "visibility": -1 }, "geometry": { "type": "LineString", "coordinates": [ [ 34.619077, 51.088849 ], [ 34.622913, 51.088505 ], [ 34.640817, 51.089652 ], [ 34.643557, 51.090341 ], [ 34.66202, 51.081745 ], [ 34.667698, 51.076626 ], [ 34.670414, 51.072438 ], [ 34.676339, 51.071352 ], [ 34.697244, 51.061425 ], [ 34.700629, 51.050622 ] ] } },
{ "type": "Feature", "properties": { "tessellate": -1, "extrude": 0, "visibility": -1 }, "geometry": { "type": "LineString", "coordinates": [ [ 34.602176, 51.09414 ], [ 34.598198, 51.095571 ], [ 34.589298, 51.099983 ], [ 34.569358, 51.101437 ], [ 34.55264, 51.088851 ], [ 34.546698, 51.089293 ], [ 34.519568, 51.088503 ], [ 34.508241, 51.07924 ], [ 34.497556, 51.083939 ], [ 34.488152, 51.091456 ], [ 34.454387, 51.092664 ], [ 34.425108, 51.086892 ], [ 34.423185, 51.089711 ], [ 34.412072, 51.09253 ], [ 34.404889, 51.089455 ], [ 34.407143, 51.088158 ], [ 34.389865, 51.07695 ], [ 34.394185, 51.073529 ], [ 34.396626, 51.067156 ], [ 34.393997, 51.064796 ] ] } },
{ "type": "Feature", "properties": { "tessellate": -1, "extrude": 0, "visibility": -1 }, "geometry": { "type": "LineString", "coordinates": [ [ 34.416514, 51.11048 ], [ 34.414178, 51.109519 ], [ 34.413614, 51.106888 ], [ 34.414097, 51.105624 ], [ 34.41313, 51.104308 ], [ 34.413936, 51.102841 ], [ 34.411438, 51.101728 ], [ 34.401851, 51.104308 ], [ 34.394439, 51.110884 ], [ 34.383571, 51.11758 ], [ 34.376679, 51.12112 ], [ 34.373755, 51.123873 ], [ 34.369786, 51.12597 ], [ 34.366027, 51.130427 ], [ 34.354957, 51.131868 ], [ 34.345558, 51.137504 ] ] } },
{ "type": "Feature", "properties": { "tessellate": -1, "extrude": 0, "visibility": -1 }, "geometry": { "type": "LineString", "coordinates": [ [ 34.364489, 51.15471 ], [ 34.360657, 51.15471 ], [ 34.355449, 51.155223 ], [ 34.353477, 51.15485 ], [ 34.350985, 51.155317 ], [ 34.350873, 51.154943 ] ] } },
{ "type": "Feature", "properties": { "tessellate": -1, "extrude": 0, "visibility": -1 }, "geometry": { "type": "LineString", "coordinates": [ [ 34.399063, 51.137402 ], [ 34.382764, 51.140756 ], [ 34.380896, 51.145048 ], [ 34.376208, 51.146986 ], [ 34.374385, 51.149039 ], [ 34.368358, 51.15142 ], [ 34.367912, 51.15289 ], [ 34.36687, 51.153613 ], [ 34.366126, 51.154523 ] ] } },
{ "type": "Feature", "properties": { "tessellate": -1, "extrude": 0, "visibility": -1 }, "geometry": { "type": "LineString", "coordinates": [ [ 34.470727, 51.141514 ], [ 34.464518, 51.142596 ], [ 34.456239, 51.141135 ], [ 34.44727, 51.13659 ], [ 34.437353, 51.13383 ], [ 34.432265, 51.134317 ], [ 34.422434, 51.132964 ], [ 34.416914, 51.13107 ], [ 34.409239, 51.131178 ] ] } },
{ "type": "Feature", "properties": { "tessellate": -1, "extrude": 0, "visibility": -1 }, "geometry": { "type": "LineString", "coordinates": [ [ 34.54365, 51.189836 ], [ 34.54578, 51.185951 ], [ 34.564666, 51.174577 ], [ 34.566587, 51.17392 ], [ 34.568683, 51.172551 ], [ 34.571915, 51.171182 ], [ 34.579164, 51.171401 ], [ 34.58292, 51.169868 ], [ 34.588335, 51.165487 ], [ 34.592702, 51.160557 ], [ 34.59803, 51.15875 ], [ 34.602222, 51.159955 ], [ 34.608947, 51.159955 ], [ 34.613227, 51.16116 ], [ 34.61576, 51.163241 ], [ 34.618817, 51.164337 ], [ 34.62624, 51.166527 ], [ 34.631132, 51.167404 ], [ 34.632616, 51.16828 ] ] } },
{ "type": "Feature", "properties": { "tessellate": -1, "extrude": 0, "visibility": -1 }, "geometry": { "type": "LineString", "coordinates": [ [ 34.505588, 51.199364 ], [ 34.518178, 51.198151 ], [ 34.532028, 51.196026 ], [ 34.534255, 51.193052 ] ] } },
{ "type": "Feature", "properties": { "tessellate": -1, "extrude": 0, "visibility": -1 }, "geometry": { "type": "LineString", "coordinates": [ [ 34.480505, 51.19295 ], [ 34.463061, 51.191111 ], [ 34.455641, 51.191597 ] ] } },
{ "type": "Feature", "properties": { "tessellate": -1, "extrude": 0, "visibility": -1 }, "geometry": { "type": "LineString", "coordinates": [ [ 34.45924, 51.195865 ], [ 34.462009, 51.19302 ], [ 34.476905, 51.19538 ] ] } },
{ "type": "Feature", "properties": { "tessellate": -1, "extrude": 0, "visibility": -1 }, "geometry": { "type": "LineString", "coordinates": [ [ 34.414845, 51.209745 ], [ 34.421847, 51.206 ] ] } },
{ "type": "Feature", "properties": { "tessellate": -1, "extrude": 0, "visibility": -1 }, "geometry": { "type": "LineString", "coordinates": [ [ 34.403314, 51.215984 ], [ 34.420278, 51.204941 ] ] } },
{ "type": "Feature", "properties": { "tessellate": -1, "extrude": 0, "visibility": -1 }, "geometry": { "type": "LineString", "coordinates": [ [ 34.193255, 51.199515 ], [ 34.158877, 51.205962 ], [ 34.131515, 51.186178 ], [ 34.122628, 51.182513 ], [ 34.119821, 51.178408 ], [ 34.121458, 51.171957 ], [ 34.113507, 51.171077 ] ] } },
{ "type": "Feature", "properties": { "tessellate": -1, "extrude": 0, "visibility": -1 }, "geometry": { "type": "LineString", "coordinates": [ [ 34.1839, 51.196437 ], [ 34.170804, 51.199222 ] ] } },
{ "type": "Feature", "properties": { "tessellate": -1, "extrude": 0, "visibility": -1 }, "geometry": { "type": "LineString", "coordinates": [ [ 34.946148, 50.916898 ], [ 34.943508, 50.911668 ], [ 34.939738, 50.909885 ], [ 34.937727, 50.906953 ] ] } },
{ "type": "Feature", "properties": { "tessellate": -1, "extrude": 0, "visibility": -1 }, "geometry": { "type": "LineString", "coordinates": [ [ 34.948756, 50.92399 ], [ 34.944985, 50.928703 ], [ 34.94687, 50.929614 ], [ 34.953383, 50.938691 ], [ 34.958352, 50.946333 ], [ 34.964501, 50.951958 ], [ 34.96974, 50.950143 ], [ 34.973431, 50.947765 ], [ 34.986305, 50.945009 ] ] } },
{ "type": "Feature", "properties": { "tessellate": -1, "extrude": 0, "visibility": -1 }, "geometry": { "type": "LineString", "coordinates": [ [ 34.960205, 50.944582 ], [ 34.956331, 50.937841 ] ] } },
{ "type": "Feature", "properties": { "tessellate": -1, "extrude": 0, "visibility": -1 }, "geometry": { "type": "LineString", "coordinates": [ [ 34.966186, 50.963737 ], [ 34.961216, 50.965488 ], [ 34.95591, 50.966177 ], [ 34.950771, 50.965382 ], [ 34.94159, 50.965753 ], [ 34.925081, 50.967132 ] ] } },
{ "type": "Feature", "properties": { "tessellate": -1, "extrude": 0, "visibility": -1 }, "geometry": { "type": "LineString", "coordinates": [ [ 34.868194, 51.012632 ], [ 34.875334, 51.00894 ], [ 34.889418, 51.002786 ], [ 34.895368, 50.996908 ], [ 34.895368, 50.994567 ], [ 34.898073, 50.990311 ], [ 34.898861, 50.987544 ], [ 34.900777, 50.986338 ], [ 34.90874, 50.976096 ], [ 34.921038, 50.970262 ] ] } },
{ "type": "Feature", "properties": { "tessellate": -1, "extrude": 0, "visibility": -1 }, "geometry": { "type": "LineString", "coordinates": [ [ 34.737928, 51.019828 ], [ 34.737711, 51.020159 ], [ 34.73248, 51.019446 ], [ 34.730272, 51.0183 ], [ 34.72744, 51.018893 ], [ 34.72332, 51.019604 ], [ 34.711416, 51.022538 ], [ 34.699948, 51.0272 ], [ 34.697056, 51.028608 ], [ 34.689589, 51.033307 ], [ 34.678602, 51.039079 ], [ 34.673882, 51.040859 ], [ 34.670448, 51.045552 ], [ 34.667959, 51.048841 ], [ 34.666929, 51.049492 ] ] } },
{ "type": "Feature", "properties": { "tessellate": -1, "extrude": 0, "visibility": -1 }, "geometry": { "type": "LineString", "coordinates": [ [ 34.707905, 51.008059 ], [ 34.725381, 51.002708 ], [ 34.733338, 51.004132 ], [ 34.736615, 51.005065 ], [ 34.74114, 51.010072 ], [ 34.741842, 51.01282 ] ] } },
{ "type": "Feature", "properties": { "tessellate": -1, "extrude": 0, "visibility": -1 }, "geometry": { "type": "LineString", "coordinates": [ [ 34.776742, 51.001996 ], [ 34.772507, 50.995885 ], [ 34.770317, 50.994093 ], [ 34.765061, 50.987476 ], [ 34.753964, 50.990922 ], [ 34.751628, 50.99106 ], [ 34.754986, 50.989635 ] ] } },
{ "type": "Feature", "properties": { "tessellate": -1, "extrude": 0, "visibility": -1 }, "geometry": { "type": "LineString", "coordinates": [ [ 34.683819, 50.994056 ], [ 34.687886, 50.990963 ], [ 34.694071, 50.989257 ], [ 34.696443, 50.986004 ], [ 34.705763, 50.984723 ], [ 34.717455, 50.983817 ], [ 34.725638, 50.984396 ], [ 34.732208, 50.985545 ], [ 34.731989, 50.988854 ], [ 34.734325, 50.992347 ], [ 34.736954, 50.992898 ], [ 34.749511, 50.99106 ] ] } },
{ "type": "Feature", "properties": { "tessellate": -1, "extrude": 0, "visibility": -1 }, "geometry": { "type": "LineString", "coordinates": [ [ 34.72555, 50.983028 ], [ 34.723971, 50.983158 ] ] } },
{ "type": "Feature", "properties": { "tessellate": -1, "extrude": 0, "visibility": -1 }, "geometry": { "type": "LineString", "coordinates": [ [ 34.634618, 51.008706 ], [ 34.625116, 51.005403 ], [ 34.625773, 51.002784 ], [ 34.615804, 50.998509 ], [ 34.613891, 50.992041 ], [ 34.598961, 50.997032 ], [ 34.593902, 50.995743 ], [ 34.540209, 50.984125 ], [ 34.535506, 50.953491 ], [ 34.549746, 50.943424 ] ] } },
{ "type": "Feature", "properties": { "tessellate": -1, "extrude": 0, "visibility": -1 }, "geometry": { "type": "LineString", "coordinates": [ [ 34.73745, 50.955836 ], [ 34.746078, 50.962395 ], [ 34.735665, 50.959865 ] ] } },
{ "type": "Feature", "properties": { "tessellate": -1, "extrude": 0, "visibility": -1 }, "geometry": { "type": "LineString", "coordinates": [ [ 34.755896, 50.965018 ], [ 34.746078, 50.962395 ] ] } },
{ "type": "Feature", "properties": { "tessellate": -1, "extrude": 0, "visibility": -1 }, "geometry": { "type": "LineString", "coordinates": [ [ 34.846958, 50.964831 ], [ 34.836787, 50.967191 ], [ 34.833346, 50.969792 ], [ 34.825069, 50.969421 ], [ 34.810342, 50.969421 ], [ 34.80573, 50.970639 ], [ 34.804987, 50.974854 ], [ 34.799036, 50.977664 ], [ 34.761492, 50.982274 ], [ 34.762587, 50.983707 ], [ 34.765061, 50.987476 ] ] } },
{ "type": "Feature", "properties": { "tessellate": -1, "extrude": 0, "visibility": -1 }, "geometry": { "type": "LineString", "coordinates": [ [ 34.642973, 50.992166 ], [ 34.649874, 50.995751 ], [ 34.657402, 51.002692 ], [ 34.659719, 51.007011 ], [ 34.664612, 51.009062 ], [ 34.681864, 51.011654 ], [ 34.688559, 51.020943 ], [ 34.69491, 51.026555 ], [ 34.697056, 51.028608 ] ] } },
{ "type": "Feature", "properties": { "tessellate": -1, "extrude": 0, "visibility": -1 }, "geometry": { "type": "LineString", "coordinates": [ [ 34.608959, 51.009767 ], [ 34.598841, 51.006584 ], [ 34.592818, 50.998093 ], [ 34.593902, 50.995743 ] ] } },
{ "type": "Feature", "properties": { "tessellate": -1, "extrude": 0, "visibility": -1 }, "geometry": { "type": "LineString", "coordinates": [ [ 34.398601, 50.995606 ], [ 34.396097, 50.997576 ], [ 34.389524, 50.999348 ] ] } },
{ "type": "Feature", "properties": { "tessellate": -1, "extrude": 0, "visibility": -1 }, "geometry": { "type": "LineString", "coordinates": [ [ 34.734813, 50.842595 ], [ 34.711631, 50.852747 ], [ 34.693369, 50.864932 ], [ 34.679746, 50.865804 ], [ 34.671849, 50.864683 ], [ 34.659016, 50.86705 ], [ 34.654672, 50.866801 ], [ 34.648157, 50.86867 ], [ 34.600576, 50.877889 ], [ 34.591692, 50.87926 ], [ 34.559116, 50.884865 ], [ 34.542136, 50.888059 ], [ 34.542515, 50.892836 ], [ 34.539738, 50.903661 ], [ 34.539255, 50.919556 ], [ 34.536483, 50.933822 ] ] } },
{ "type": "Feature", "properties": { "tessellate": -1, "extrude": 0, "visibility": -1 }, "geometry": { "type": "LineString", "coordinates": [ [ 34.226254, 51.000698 ], [ 34.229683, 51.002285 ], [ 34.231297, 51.00457 ], [ 34.225447, 51.007173 ], [ 34.24683, 51.020626 ], [ 34.269222, 51.026272 ], [ 34.269122, 51.030015 ], [ 34.284822, 51.03786 ], [ 34.299124, 51.037432 ], [ 34.324322, 51.036076 ], [ 34.332949, 51.034862 ], [ 34.331587, 51.032007 ], [ 34.343392, 51.029723 ], [ 34.343959, 51.026796 ] ] } },
{ "type": "Feature", "properties": { "tessellate": -1, "extrude": 0, "visibility": -1 }, "geometry": { "type": "LineString", "coordinates": [ [ 34.030716, 51.214777 ], [ 34.033883, 51.212132 ], [ 34.035692, 51.207975 ], [ 34.059972, 51.192762 ], [ 34.067663, 51.179529 ], [ 34.068591, 51.169868 ], [ 34.059435, 51.155226 ], [ 34.05852, 51.148765 ], [ 34.064092, 51.141769 ], [ 34.075789, 51.137106 ], [ 34.077804, 51.127537 ], [ 34.078256, 51.115177 ], [ 34.068208, 51.089638 ], [ 34.056524, 51.078327 ], [ 34.073736, 51.063423 ], [ 34.082001, 51.055793 ], [ 34.094141, 51.046214 ], [ 34.105764, 51.042154 ], [ 34.118679, 51.040692 ], [ 34.169562, 51.026398 ] ] } },
{ "type": "Feature", "properties": { "tessellate": -1, "extrude": 0, "visibility": -1 }, "geometry": { "type": "LineString", "coordinates": [ [ 34.246945, 51.262898 ], [ 34.243893, 51.263792 ], [ 34.239737, 51.263873 ], [ 34.238568, 51.26434 ] ] } },
{ "type": "Feature", "properties": { "tessellate": -1, "extrude": 0, "visibility": -1 }, "geometry": { "type": "LineString", "coordinates": [ [ 34.365099, 51.262604 ], [ 34.355336, 51.256093 ], [ 34.330788, 51.240289 ], [ 34.309814, 51.238951 ], [ 34.305776, 51.239312 ], [ 34.29751, 51.242923 ], [ 34.283764, 51.250324 ], [ 34.27444, 51.252249 ], [ 34.264155, 51.256159 ], [ 34.261752, 51.256039 ], [ 34.259445, 51.257242 ] ] } },
{ "type": "Feature", "properties": { "tessellate": -1, "extrude": 0, "visibility": -1 }, "geometry": { "type": "LineString", "coordinates": [ [ 34.349684, 51.271847 ], [ 34.348944, 51.268887 ], [ 34.348543, 51.268134 ] ] } },
{ "type": "Feature", "properties": { "tessellate": -1, "extrude": 0, "visibility": -1 }, "geometry": { "type": "LineString", "coordinates": [ [ 34.342529, 51.265877 ], [ 34.347273, 51.267047 ], [ 34.347206, 51.26851 ], [ 34.348944, 51.268887 ] ] } },
{ "type": "Feature", "properties": { "tessellate": -1, "extrude": 0, "visibility": -1 }, "geometry": { "type": "LineString", "coordinates": [ [ 34.285668, 51.262741 ], [ 34.293178, 51.259906 ], [ 34.302439, 51.258852 ], [ 34.31333, 51.262114 ] ] } },
{ "type": "Feature", "properties": { "tessellate": -1, "extrude": 0, "visibility": -1 }, "geometry": { "type": "LineString", "coordinates": [ [ 34.254772, 51.280672 ], [ 34.252917, 51.27596 ] ] } },
{ "type": "Feature", "properties": { "tessellate": -1, "extrude": 0, "visibility": -1 }, "geometry": { "type": "LineString", "coordinates": [ [ 34.241558, 51.292923 ], [ 34.242717, 51.290531 ], [ 34.243529, 51.288574 ], [ 34.246079, 51.28582 ], [ 34.24886, 51.284152 ], [ 34.25454, 51.282702 ] ] } },
{ "type": "Feature", "properties": { "tessellate": -1, "extrude": 0, "visibility": -1 }, "geometry": { "type": "LineString", "coordinates": [ [ 34.256858, 51.29604 ], [ 34.256858, 51.297272 ], [ 34.255235, 51.297417 ], [ 34.254076, 51.296402 ], [ 34.246658, 51.293213 ] ] } },
{ "type": "Feature", "properties": { "tessellate": -1, "extrude": 0, "visibility": -1 }, "geometry": { "type": "LineString", "coordinates": [ [ 34.288037, 51.327484 ], [ 34.288964, 51.326108 ], [ 34.290355, 51.324297 ], [ 34.290471, 51.322341 ] ] } },
{ "type": "Feature", "properties": { "tessellate": -1, "extrude": 0, "visibility": -1 }, "geometry": { "type": "LineString", "coordinates": [ [ 34.309364, 51.33335 ], [ 34.306235, 51.335016 ], [ 34.304844, 51.334871 ], [ 34.30241, 51.334291 ], [ 34.300091, 51.334074 ], [ 34.296498, 51.334509 ], [ 34.29163, 51.336681 ] ] } },
{ "type": "Feature", "properties": { "tessellate": -1, "extrude": 0, "visibility": -1 }, "geometry": { "type": "LineString", "coordinates": [ [ 35.849547, 50.275553 ], [ 35.852723, 50.276896 ], [ 35.853066, 50.278185 ], [ 35.852766, 50.279692 ], [ 35.848603, 50.27972 ], [ 35.848303, 50.280898 ], [ 35.847273, 50.281666 ], [ 35.849161, 50.285585 ], [ 35.851307, 50.286407 ], [ 35.85032, 50.289399 ], [ 35.852251, 50.28992 ], [ 35.85032, 50.29044 ], [ 35.84959, 50.292989 ], [ 35.851822, 50.295815 ], [ 35.853925, 50.300198 ], [ 35.853152, 50.301514 ], [ 35.853882, 50.309027 ], [ 35.854568, 50.314725 ], [ 35.852079, 50.314451 ], [ 35.8465, 50.315163 ], [ 35.840921, 50.314341 ], [ 35.835514, 50.31226 ], [ 35.827446, 50.311219 ] ] } },
{ "type": "Feature", "properties": { "tessellate": -1, "extrude": 0, "visibility": -1 }, "geometry": { "type": "LineString", "coordinates": [ [ 35.881863, 50.31325 ], [ 35.874224, 50.315277 ], [ 35.865726, 50.316317 ], [ 35.854568, 50.314725 ] ] } },
{ "type": "Feature", "properties": { "tessellate": -1, "extrude": 0, "visibility": -1 }, "geometry": { "type": "LineString", "coordinates": [ [ 35.922332, 50.301846 ], [ 35.916152, 50.300641 ], [ 35.909414, 50.300258 ], [ 35.908813, 50.304942 ], [ 35.907011, 50.307627 ], [ 35.902247, 50.308695 ], [ 35.89684, 50.308558 ], [ 35.895338, 50.310257 ], [ 35.892377, 50.308668 ], [ 35.890832, 50.308449 ], [ 35.889158, 50.310996 ], [ 35.884094, 50.31075 ] ] } },
{ "type": "Feature", "properties": { "tessellate": -1, "extrude": 0, "visibility": -1 }, "geometry": { "type": "LineString", "coordinates": [ [ 35.960741, 50.305788 ], [ 35.945592, 50.304967 ], [ 35.937181, 50.301569 ] ] } },
{ "type": "Feature", "properties": { "tessellate": -1, "extrude": 0, "visibility": -1 }, "geometry": { "type": "LineString", "coordinates": [ [ 36.023741, 50.301746 ], [ 36.021767, 50.304767 ], [ 36.015844, 50.313423 ], [ 36.012497, 50.319996 ], [ 36.000481, 50.327007 ] ] } },
{ "type": "Feature", "properties": { "tessellate": -1, "extrude": 0, "visibility": -1 }, "geometry": { "type": "LineString", "coordinates": [ [ 36.100817, 50.284921 ], [ 36.085796, 50.288977 ], [ 36.070862, 50.291216 ], [ 36.058373, 50.292613 ], [ 36.053696, 50.294531 ], [ 36.045971, 50.294613 ] ] } },
{ "type": "Feature", "properties": { "tessellate": -1, "extrude": 0, "visibility": -1 }, "geometry": { "type": "LineString", "coordinates": [ [ 36.10249, 50.265816 ], [ 36.115494, 50.258714 ] ] } },
{ "type": "Feature", "properties": { "tessellate": -1, "extrude": 0, "visibility": -1 }, "geometry": { "type": "LineString", "coordinates": [ [ 35.238347, 50.339956 ], [ 35.240321, 50.33678 ], [ 35.23427, 50.335712 ], [ 35.231223, 50.336944 ], [ 35.229678, 50.336698 ], [ 35.225687, 50.33407 ], [ 35.223155, 50.333467 ], [ 35.218606, 50.337273 ], [ 35.216761, 50.338368 ], [ 35.215902, 50.340777 ], [ 35.220065, 50.340448 ] ] } },
{ "type": "Feature", "properties": { "tessellate": -1, "extrude": 0, "visibility": -1 }, "geometry": { "type": "LineString", "coordinates": [ [ 35.146465, 50.891172 ], [ 35.146465, 50.88917 ], [ 35.14698, 50.888033 ], [ 35.14698, 50.886626 ], [ 35.149727, 50.883812 ], [ 35.152473, 50.881593 ], [ 35.153589, 50.878878 ], [ 35.153589, 50.873249 ], [ 35.153847, 50.870759 ], [ 35.154018, 50.866374 ], [ 35.157709, 50.855317 ], [ 35.156078, 50.850822 ], [ 35.157967, 50.846218 ], [ 35.160713, 50.844377 ], [ 35.160198, 50.838342 ], [ 35.165005, 50.835959 ], [ 35.16552, 50.826748 ], [ 35.167408, 50.824363 ], [ 35.16861, 50.820245 ], [ 35.173073, 50.819703 ], [ 35.181999, 50.820678 ], [ 35.187149, 50.820028 ], [ 35.188866, 50.817318 ], [ 35.186806, 50.807562 ], [ 35.186119, 50.799966 ], [ 35.185003, 50.797201 ], [ 35.186892, 50.793351 ], [ 35.18775, 50.788349 ], [ 35.190926, 50.782872 ], [ 35.193157, 50.780973 ], [ 35.192814, 50.777827 ], [ 35.193672, 50.774952 ], [ 35.196075, 50.770061 ], [ 35.199594, 50.768922 ], [ 35.203714, 50.766155 ], [ 35.206032, 50.76252 ], [ 35.207491, 50.75248 ], [ 35.208693, 50.743134 ], [ 35.205517, 50.73662 ], [ 35.202513, 50.733898 ], [ 35.19659, 50.730689 ], [ 35.195818, 50.726291 ], [ 35.197878, 50.722218 ], [ 35.198994, 50.718687 ], [ 35.200539, 50.715972 ], [ 35.205345, 50.715972 ], [ 35.214787, 50.708856 ], [ 35.214272, 50.707051 ], [ 35.213928, 50.701184 ], [ 35.207062, 50.694874 ], [ 35.203714, 50.693841 ], [ 35.197878, 50.688787 ], [ 35.194187, 50.68732 ], [ 35.190926, 50.687972 ], [ 35.189552, 50.686939 ], [ 35.189552, 50.684108 ], [ 35.192299, 50.680846 ], [ 35.19659, 50.676498 ], [ 35.201225, 50.673229 ], [ 35.198565, 50.666705 ], [ 35.207405, 50.662137 ], [ 35.20998, 50.65833 ], [ 35.20586, 50.654687 ], [ 35.199938, 50.651151 ], [ 35.200195, 50.648312 ], [ 35.199251, 50.64717 ], [ 35.19556, 50.645538 ], [ 35.19556, 50.6426 ], [ 35.194874, 50.63716 ], [ 35.196934, 50.632907 ], [ 35.196676, 50.631057 ], [ 35.197363, 50.629098 ], [ 35.197191, 50.626921 ], [ 35.197749, 50.623465 ], [ 35.196676, 50.622238 ], [ 35.194316, 50.616713 ], [ 35.188608, 50.613556 ], [ 35.186806, 50.611614 ], [ 35.182085, 50.610634 ], [ 35.17745, 50.608947 ], [ 35.174961, 50.606932 ], [ 35.174704, 50.603012 ], [ 35.175734, 50.600508 ], [ 35.185175, 50.597186 ], [ 35.185175, 50.596315 ], [ 35.184059, 50.591355 ], [ 35.185432, 50.589503 ], [ 35.186462, 50.58443 ], [ 35.185862, 50.581761 ], [ 35.186377, 50.579854 ], [ 35.185947, 50.577948 ], [ 35.186033, 50.573971 ], [ 35.181398, 50.567098 ], [ 35.181828, 50.565736 ], [ 35.181313, 50.564537 ], [ 35.17951, 50.561376 ], [ 35.182171, 50.557562 ], [ 35.178823, 50.548286 ], [ 35.179853, 50.544252 ], [ 35.18363, 50.541035 ], [ 35.18775, 50.540763 ], [ 35.199594, 50.542507 ], [ 35.209036, 50.539236 ], [ 35.209036, 50.538091 ], [ 35.205431, 50.534929 ], [ 35.203285, 50.52499 ], [ 35.206718, 50.523409 ], [ 35.216417, 50.519809 ], [ 35.233755, 50.508782 ], [ 35.237617, 50.504145 ], [ 35.241737, 50.500653 ], [ 35.244398, 50.496714 ], [ 35.246372, 50.495241 ], [ 35.246458, 50.49344 ], [ 35.249033, 50.478212 ], [ 35.227575, 50.470558 ], [ 35.23118, 50.464661 ], [ 35.234785, 50.462968 ], [ 35.240021, 50.455146 ], [ 35.240278, 50.452797 ], [ 35.245171, 50.448973 ], [ 35.249805, 50.43875 ], [ 35.249548, 50.437548 ], [ 35.246973, 50.431647 ], [ 35.241652, 50.430117 ], [ 35.238132, 50.425964 ], [ 35.221052, 50.411739 ], [ 35.210409, 50.407365 ], [ 35.177879, 50.398006 ], [ 35.175734, 50.395764 ], [ 35.172644, 50.394506 ], [ 35.168352, 50.393467 ], [ 35.161486, 50.391006 ], [ 35.160971, 50.386466 ], [ 35.166035, 50.380832 ], [ 35.168695, 50.370812 ], [ 35.174618, 50.366864 ], [ 35.175562, 50.364675 ], [ 35.174446, 50.36172 ], [ 35.171099, 50.358218 ], [ 35.171013, 50.35269 ], [ 35.169811, 50.350336 ], [ 35.170412, 50.348366 ], [ 35.173759, 50.347757 ], [ 35.174146, 50.341133 ], [ 35.181184, 50.34116 ], [ 35.184317, 50.342255 ], [ 35.188479, 50.343295 ], [ 35.190969, 50.342392 ], [ 35.193415, 50.342583 ], [ 35.195818, 50.341653 ], [ 35.19968, 50.341789 ], [ 35.202985, 50.340339 ], [ 35.211139, 50.341324 ], [ 35.215902, 50.340777 ] ] } },
{ "type": "Feature", "properties": { "tessellate": -1, "extrude": 0, "visibility": -1 }, "geometry": { "type": "LineString", "coordinates": [ [ 35.204487, 50.427154 ], [ 35.205431, 50.425733 ], [ 35.211096, 50.423164 ], [ 35.212641, 50.417917 ], [ 35.210667, 50.414692 ], [ 35.207827, 50.406622 ] ] } },
{ "type": "Feature", "properties": { "tessellate": -1, "extrude": 0, "visibility": -1 }, "geometry": { "type": "LineString", "coordinates": [ [ 35.123892, 50.486286 ], [ 35.129128, 50.485738 ], [ 35.13093, 50.483992 ], [ 35.130587, 50.482627 ], [ 35.132046, 50.480926 ], [ 35.134106, 50.478797 ], [ 35.139685, 50.476232 ], [ 35.144234, 50.474048 ], [ 35.148268, 50.4711 ], [ 35.154362, 50.470881 ], [ 35.162258, 50.469516 ], [ 35.169382, 50.469677 ], [ 35.16861, 50.466838 ], [ 35.168695, 50.463562 ], [ 35.168438, 50.459739 ], [ 35.168953, 50.455359 ], [ 35.168953, 50.45312 ], [ 35.167236, 50.448204 ], [ 35.168695, 50.442796 ], [ 35.171871, 50.441097 ], [ 35.174189, 50.4376 ], [ 35.180025, 50.433666 ] ] } },
{ "type": "Feature", "properties": { "tessellate": -1, "extrude": 0, "visibility": -1 }, "geometry": { "type": "LineString", "coordinates": [ [ 35.083551, 50.550784 ], [ 35.084066, 50.545278 ], [ 35.085096, 50.53382 ], [ 35.084066, 50.533166 ], [ 35.084324, 50.528472 ], [ 35.086555, 50.520619 ], [ 35.084753, 50.512647 ], [ 35.08132, 50.510737 ], [ 35.078745, 50.509374 ], [ 35.072222, 50.508095 ], [ 35.071063, 50.507332 ], [ 35.0769, 50.503131 ], [ 35.080161, 50.499584 ] ] } },
{ "type": "Feature", "properties": { "tessellate": -1, "extrude": 0, "visibility": -1 }, "geometry": { "type": "LineString", "coordinates": [ [ 35.028791, 50.605141 ], [ 35.033512, 50.601711 ], [ 35.04364, 50.592336 ], [ 35.042439, 50.590702 ], [ 35.046129, 50.589123 ], [ 35.048361, 50.588251 ], [ 35.05969, 50.57212 ], [ 35.067329, 50.565309 ], [ 35.071192, 50.563729 ] ] } },
{ "type": "Feature", "properties": { "tessellate": -1, "extrude": 0, "visibility": -1 }, "geometry": { "type": "LineString", "coordinates": [ [ 35.018148, 50.634208 ], [ 35.024414, 50.624033 ], [ 35.026045, 50.621283 ], [ 35.026431, 50.618997 ], [ 35.026174, 50.618262 ], [ 35.026646, 50.614289 ], [ 35.026131, 50.611948 ] ] } },
{ "type": "Feature", "properties": { "tessellate": -1, "extrude": 0, "visibility": -1 }, "geometry": { "type": "LineString", "coordinates": [ [ 35.02244, 50.638289 ], [ 35.021753, 50.635623 ] ] } },
{ "type": "Feature", "properties": { "tessellate": -1, "extrude": 0, "visibility": -1 }, "geometry": { "type": "LineString", "coordinates": [ [ 35.011625, 50.663907 ], [ 35.015059, 50.653139 ], [ 35.017376, 50.648516 ] ] } },
{ "type": "Feature", "properties": { "tessellate": -1, "extrude": 0, "visibility": -1 }, "geometry": { "type": "LineString", "coordinates": [ [ 35.013599, 50.684352 ], [ 35.012312, 50.682993 ], [ 35.011797, 50.680112 ], [ 35.009651, 50.674118 ], [ 35.01214, 50.671481 ], [ 35.011067, 50.670013 ] ] } },
{ "type": "Feature", "properties": { "tessellate": -1, "extrude": 0, "visibility": -1 }, "geometry": { "type": "LineString", "coordinates": [ [ 35.011625, 50.693745 ], [ 35.010939, 50.692659 ], [ 35.009909, 50.69149 ], [ 35.010724, 50.688746 ] ] } },
{ "type": "Feature", "properties": { "tessellate": -1, "extrude": 0, "visibility": -1 }, "geometry": { "type": "LineString", "coordinates": [ [ 34.989009, 50.73904 ], [ 34.98785, 50.736923 ], [ 34.990511, 50.733089 ], [ 34.991112, 50.729315 ], [ 34.991798, 50.724696 ], [ 34.993129, 50.723393 ], [ 34.996004, 50.71926 ], [ 34.997678, 50.718147 ], [ 34.998794, 50.714019 ], [ 35.000553, 50.712932 ], [ 35.000725, 50.710655 ], [ 35.003386, 50.708749 ], [ 35.008278, 50.703337 ], [ 35.009222, 50.70081 ], [ 35.009995, 50.698474 ] ] } },
{ "type": "Feature", "properties": { "tessellate": -1, "extrude": 0, "visibility": -1 }, "geometry": { "type": "LineString", "coordinates": [ [ 34.987078, 50.759211 ], [ 34.984245, 50.755303 ], [ 34.980297, 50.752861 ], [ 34.986305, 50.73978 ] ] } },
{ "type": "Feature", "properties": { "tessellate": -1, "extrude": 0, "visibility": -1 }, "geometry": { "type": "LineString", "coordinates": [ [ 34.982529, 50.78147 ], [ 34.981928, 50.779951 ], [ 34.983301, 50.772194 ], [ 34.982357, 50.76921 ], [ 34.982615, 50.762629 ] ] } },
{ "type": "Feature", "properties": { "tessellate": -1, "extrude": 0, "visibility": -1 }, "geometry": { "type": "LineString", "coordinates": [ [ 34.98888, 50.785809 ], [ 34.985447, 50.789334 ], [ 34.979954, 50.79698 ], [ 34.966564, 50.807068 ], [ 34.977636, 50.810592 ], [ 34.987249, 50.816397 ], [ 34.993773, 50.819595 ], [ 34.996176, 50.823443 ] ] } },
{ "type": "Feature", "properties": { "tessellate": -1, "extrude": 0, "visibility": -1 }, "geometry": { "type": "LineString", "coordinates": [ [ 34.893694, 50.819334 ], [ 34.891376, 50.815215 ], [ 34.888602, 50.816845 ], [ 34.87334, 50.827028 ], [ 34.876372, 50.82651 ] ] } },
{ "type": "Feature", "properties": { "tessellate": -1, "extrude": 0, "visibility": -1 }, "geometry": { "type": "LineString", "coordinates": [ [ 34.871947, 50.830134 ], [ 34.87334, 50.827028 ] ] } },
{ "type": "Feature", "properties": { "tessellate": -1, "extrude": 0, "visibility": -1 }, "geometry": { "type": "LineString", "coordinates": [ [ 34.85277, 50.83692 ], [ 34.873254, 50.833633 ] ] } },
{ "type": "Feature", "properties": { "tessellate": -1, "extrude": 0, "visibility": -1 }, "geometry": { "type": "LineString", "coordinates": [ [ 34.89886, 50.831912 ], [ 34.888602, 50.816845 ] ] } },
{ "type": "Feature", "properties": { "tessellate": -1, "extrude": 0, "visibility": -1 }, "geometry": { "type": "LineString", "coordinates": [ [ 34.856701, 50.768126 ], [ 34.854641, 50.779041 ], [ 34.856443, 50.78056 ], [ 34.856701, 50.78197 ], [ 34.868031, 50.794118 ], [ 34.86537, 50.797596 ], [ 34.878759, 50.808873 ], [ 34.884853, 50.812938 ], [ 34.894295, 50.809361 ], [ 34.90056, 50.806867 ], [ 34.90365, 50.807084 ], [ 34.908543, 50.80703 ], [ 34.915237, 50.807518 ], [ 34.921675, 50.807789 ], [ 34.938326, 50.806596 ], [ 34.940815, 50.806867 ], [ 34.945107, 50.806108 ], [ 34.945879, 50.805187 ], [ 34.951115, 50.804319 ], [ 34.95738, 50.805783 ], [ 34.966564, 50.807068 ] ] } },
{ "type": "Feature", "properties": { "tessellate": -1, "extrude": 0, "visibility": -1 }, "geometry": { "type": "LineString", "coordinates": [ [ 34.106455, 51.259737 ], [ 34.110231, 51.262153 ], [ 34.107914, 51.270097 ], [ 34.109888, 51.272405 ], [ 34.11006, 51.276161 ] ] } },
{ "type": "Feature", "properties": { "tessellate": -1, "extrude": 0, "visibility": -1 }, "geometry": { "type": "LineString", "coordinates": [ [ 34.111004, 51.27939 ], [ 34.112978, 51.282127 ], [ 34.115725, 51.287761 ], [ 34.118214, 51.292857 ] ] } },
{ "type": "Feature", "properties": { "tessellate": -1, "extrude": 0, "visibility": -1 }, "geometry": { "type": "LineString", "coordinates": [ [ 34.037747, 51.296545 ], [ 34.035301, 51.291181 ], [ 34.035516, 51.28984 ], [ 34.031525, 51.281956 ], [ 34.028606, 51.278844 ], [ 34.026718, 51.278414 ], [ 34.025946, 51.277395 ], [ 34.011106, 51.272911 ], [ 34.01119, 51.273984 ], [ 34.010374, 51.278277 ], [ 34.009602, 51.28113 ] ] } },
{ "type": "Feature", "properties": { "tessellate": -1, "extrude": 0, "visibility": -1 }, "geometry": { "type": "LineString", "coordinates": [ [ 34.00775, 51.278674 ], [ 34.003372, 51.272205 ], [ 34.003029, 51.270676 ], [ 34.011106, 51.272911 ], [ 34.011185, 51.270272 ], [ 34.008585, 51.269629 ], [ 34.008857, 51.269378 ], [ 34.010994, 51.268412 ] ] } },
{ "type": "Feature", "properties": { "tessellate": -1, "extrude": 0, "visibility": -1 }, "geometry": { "type": "LineString", "coordinates": [ [ 33.910632, 51.302374 ], [ 33.911877, 51.302991 ], [ 33.917027, 51.302561 ], [ 33.919559, 51.303688 ], [ 33.926339, 51.30409 ], [ 33.931103, 51.305779 ], [ 33.934879, 51.309238 ], [ 33.936939, 51.309185 ], [ 33.940716, 51.314363 ], [ 33.951187, 51.318064 ], [ 33.956079, 51.318922 ] ] } },
{ "type": "Feature", "properties": { "tessellate": -1, "extrude": 0, "visibility": -1 }, "geometry": { "type": "LineString", "coordinates": [ [ 33.983717, 51.309271 ], [ 33.979168, 51.302031 ], [ 33.96801, 51.303586 ], [ 33.974619, 51.315169 ], [ 33.977022, 51.316241 ], [ 33.982172, 51.317421 ], [ 33.986807, 51.319029 ], [ 33.990412, 51.322572 ], [ 33.991098, 51.327772 ] ] } },
{ "type": "Feature", "properties": { "tessellate": -1, "extrude": 0, "visibility": -1 }, "geometry": { "type": "LineString", "coordinates": [ [ 34.021556, 51.325423 ], [ 34.019079, 51.33026 ], [ 34.020538, 51.335168 ], [ 34.02616, 51.330452 ], [ 34.025559, 51.328281 ] ] } },
{ "type": "Feature", "properties": { "tessellate": -1, "extrude": 0, "visibility": -1 }, "geometry": { "type": "LineString", "coordinates": [ [ 34.042811, 51.327021 ], [ 34.042983, 51.329728 ], [ 34.041824, 51.333614 ], [ 34.041867, 51.336026 ], [ 34.039593, 51.341923 ], [ 34.040966, 51.343745 ], [ 34.044914, 51.349157 ], [ 34.048948, 51.351573 ], [ 34.05324, 51.35227 ], [ 34.055557, 51.353395 ], [ 34.058561, 51.353556 ] ] } },
{ "type": "Feature", "properties": { "tessellate": -1, "extrude": 0, "visibility": -1 }, "geometry": { "type": "LineString", "coordinates": [ [ 34.055386, 51.348788 ], [ 34.063454, 51.352672 ] ] } },
{ "type": "Feature", "properties": { "tessellate": -1, "extrude": 0, "visibility": -1 }, "geometry": { "type": "LineString", "coordinates": [ [ 33.968353, 51.325041 ], [ 33.962088, 51.326702 ], [ 33.961744, 51.328739 ], [ 33.949299, 51.340705 ], [ 33.944321, 51.347242 ], [ 33.937626, 51.3511 ], [ 33.932304, 51.353243 ], [ 33.923721, 51.361875 ], [ 33.927498, 51.366481 ], [ 33.924923, 51.368837 ], [ 33.922262, 51.369748 ], [ 33.920202, 51.369534 ], [ 33.915911, 51.368302 ], [ 33.914623, 51.366641 ], [ 33.912649, 51.364017 ] ] } },
{ "type": "Feature", "properties": { "tessellate": -1, "extrude": 0, "visibility": -1 }, "geometry": { "type": "LineString", "coordinates": [ [ 33.789225, 51.423297 ], [ 33.790255, 51.416771 ], [ 33.7918, 51.404885 ], [ 33.796949, 51.39873 ], [ 33.799696, 51.393967 ], [ 33.805618, 51.388119 ], [ 33.817549, 51.383729 ], [ 33.818836, 51.376125 ], [ 33.816163, 51.371238 ], [ 33.811099, 51.366472 ], [ 33.804834, 51.357259 ], [ 33.803289, 51.346376 ] ] } },
{ "type": "Feature", "properties": { "tessellate": -1, "extrude": 0, "visibility": -1 }, "geometry": { "type": "LineString", "coordinates": [ [ 33.787153, 51.449863 ], [ 33.785693, 51.453658 ], [ 33.783548, 51.457133 ], [ 33.770072, 51.46863 ], [ 33.765523, 51.473119 ] ] } },
{ "type": "Feature", "properties": { "tessellate": -1, "extrude": 0, "visibility": -1 }, "geometry": { "type": "LineString", "coordinates": [ [ 33.749908, 51.500495 ], [ 33.750337, 51.502071 ], [ 33.752783, 51.503699 ], [ 33.753728, 51.505542 ], [ 33.757627, 51.508326 ], [ 33.755996, 51.510408 ], [ 33.755309, 51.512757 ], [ 33.767755, 51.516711 ], [ 33.777196, 51.51639 ], [ 33.783548, 51.518312 ], [ 33.781831, 51.522269 ], [ 33.781745, 51.525631 ], [ 33.779599, 51.530648 ], [ 33.773506, 51.530488 ] ] } },
{ "type": "Feature", "properties": { "tessellate": -1, "extrude": 0, "visibility": -1 }, "geometry": { "type": "LineString", "coordinates": [ [ 33.836775, 51.639789 ], [ 33.839092, 51.635849 ], [ 33.817377, 51.617383 ], [ 33.804245, 51.605977 ], [ 33.787251, 51.594833 ], [ 33.779354, 51.591049 ], [ 33.779268, 51.59025 ], [ 33.779011, 51.582035 ], [ 33.778667, 51.578511 ], [ 33.777809, 51.570994 ], [ 33.777723, 51.566728 ], [ 33.775663, 51.561975 ], [ 33.769827, 51.559629 ], [ 33.763561, 51.555042 ], [ 33.750944, 51.553069 ], [ 33.744593, 51.549921 ], [ 33.745966, 51.547628 ], [ 33.756266, 51.544854 ], [ 33.758068, 51.543413 ], [ 33.759871, 51.539945 ] ] } },
{ "type": "Feature", "properties": { "tessellate": -1, "extrude": 0, "visibility": -1 }, "geometry": { "type": "LineString", "coordinates": [ [ 34.078388, 51.366012 ], [ 34.07959, 51.369868 ], [ 34.078903, 51.372171 ], [ 34.078646, 51.377633 ], [ 34.076586, 51.382933 ], [ 34.075813, 51.390009 ], [ 34.076242, 51.396325 ], [ 34.07238, 51.402018 ], [ 34.071007, 51.41165 ], [ 34.068604, 51.420317 ], [ 34.066029, 51.427485 ] ] } },
{ "type": "Feature", "properties": { "tessellate": -1, "extrude": 0, "visibility": -1 }, "geometry": { "type": "LineString", "coordinates": [ [ 34.058475, 51.432292 ], [ 34.051952, 51.432185 ], [ 34.043713, 51.429779 ], [ 34.034786, 51.429618 ], [ 34.02792, 51.43256 ], [ 34.027233, 51.434111 ], [ 34.018135, 51.43502 ], [ 34.010754, 51.439726 ], [ 34.00526, 51.442666 ], [ 34.001141, 51.443313 ], [ 33.996162, 51.443744 ], [ 33.994446, 51.444867 ], [ 33.992558, 51.445401 ] ] } },
{ "type": "Feature", "properties": { "tessellate": -1, "extrude": 0, "visibility": -1 }, "geometry": { "type": "LineString", "coordinates": [ [ 33.989468, 51.434546 ], [ 33.984661, 51.434546 ], [ 33.981228, 51.436044 ], [ 33.979168, 51.439038 ], [ 33.969727, 51.444118 ], [ 33.961058, 51.445722 ], [ 33.957968, 51.449577 ], [ 33.955564, 51.451662 ] ] } },
{ "type": "Feature", "properties": { "tessellate": -1, "extrude": 0, "visibility": -1 }, "geometry": { "type": "LineString", "coordinates": [ [ 33.953848, 51.460702 ], [ 33.953848, 51.46268 ], [ 33.952045, 51.467436 ], [ 33.953934, 51.471123 ], [ 33.951445, 51.472673 ], [ 33.949728, 51.473902 ], [ 33.947926, 51.474543 ], [ 33.94784, 51.475932 ], [ 33.951015, 51.476841 ], [ 33.951101, 51.478283 ], [ 33.954964, 51.480687 ], [ 33.954277, 51.48197 ], [ 33.957281, 51.485335 ], [ 33.956079, 51.486777 ], [ 33.952217, 51.487953 ], [ 33.949986, 51.488487 ], [ 33.952045, 51.495973 ], [ 33.95153, 51.497949 ], [ 33.953848, 51.504464 ], [ 33.950844, 51.510344 ], [ 33.949385, 51.513334 ], [ 33.951359, 51.515208 ], [ 33.946981, 51.522628 ], [ 33.949728, 51.52567 ], [ 33.957109, 51.528392 ], [ 33.960543, 51.531861 ], [ 33.960886, 51.538113 ], [ 33.969812, 51.542224 ], [ 33.968782, 51.547346 ], [ 33.965263, 51.558284 ], [ 33.97316, 51.595087 ], [ 33.97213, 51.601055 ], [ 33.966293, 51.614496 ], [ 33.963203, 51.623763 ], [ 33.96286, 51.627704 ], [ 33.961487, 51.633668 ], [ 33.965263, 51.644117 ], [ 33.97419, 51.649391 ], [ 33.977365, 51.655512 ], [ 33.98097, 51.658816 ], [ 33.979254, 51.662807 ], [ 33.98097, 51.668882 ], [ 33.979511, 51.674946 ], [ 33.973503, 51.677606 ], [ 33.97007, 51.683414 ], [ 33.969727, 51.688414 ], [ 33.96698, 51.691817 ], [ 33.957367, 51.703302 ], [ 33.938141, 51.707129 ], [ 33.934364, 51.708724 ], [ 33.926125, 51.714571 ], [ 33.920116, 51.718734 ], [ 33.918915, 51.722826 ], [ 33.911877, 51.725217 ] ] } },
{ "type": "Feature", "properties": { "tessellate": -1, "extrude": 0, "visibility": -1 }, "geometry": { "type": "LineString", "coordinates": [ [ 33.939686, 51.204393 ], [ 33.927326, 51.19977 ], [ 33.923721, 51.185362 ], [ 33.919945, 51.180307 ], [ 33.916855, 51.177404 ], [ 33.909473, 51.168997 ], [ 33.908186, 51.163726 ], [ 33.886728, 51.155548 ], [ 33.884153, 51.155226 ] ] } },
{ "type": "Feature", "properties": { "tessellate": -1, "extrude": 0, "visibility": -1 }, "geometry": { "type": "LineString", "coordinates": [ [ 34.064952, 51.164048 ], [ 34.042683, 51.163081 ], [ 34.024572, 51.16152 ], [ 34.022684, 51.158561 ], [ 34.022684, 51.156248 ], [ 34.020538, 51.155925 ], [ 34.014702, 51.156517 ], [ 34.010925, 51.156732 ], [ 34.005432, 51.157648 ], [ 34.0026, 51.160069 ], [ 33.981056, 51.162974 ], [ 33.959427, 51.166198 ], [ 33.934536, 51.173513 ], [ 33.916855, 51.177404 ] ] } },
{ "type": "Feature", "properties": { "tessellate": -1, "extrude": 0, "visibility": -1 }, "geometry": { "type": "LineString", "coordinates": [ [ 33.853426, 51.101793 ], [ 33.855572, 51.103948 ], [ 33.817806, 51.125498 ], [ 33.817205, 51.12636 ], [ 33.815145, 51.126575 ], [ 33.810511, 51.132066 ], [ 33.808537, 51.135739 ], [ 33.801584, 51.143974 ], [ 33.800211, 51.146288 ], [ 33.794718, 51.15323 ], [ 33.788023, 51.160931 ], [ 33.784933, 51.163083 ], [ 33.783045, 51.164912 ], [ 33.776522, 51.166795 ], [ 33.762531, 51.171264 ], [ 33.758583, 51.172071 ], [ 33.748884, 51.182402 ], [ 33.748884, 51.183585 ], [ 33.752918, 51.188155 ], [ 33.756609, 51.19773 ], [ 33.755579, 51.209778 ] ] } },
{ "type": "Feature", "properties": { "tessellate": -1, "extrude": 0, "visibility": -1 }, "geometry": { "type": "LineString", "coordinates": [ [ 33.788238, 51.210508 ], [ 33.789611, 51.211905 ], [ 33.792443, 51.212657 ] ] } },
{ "type": "Feature", "properties": { "tessellate": -1, "extrude": 0, "visibility": -1 }, "geometry": { "type": "LineString", "coordinates": [ [ 33.78283, 51.210938 ], [ 33.785191, 51.215049 ], [ 33.805661, 51.21736 ] ] } },
{ "type": "Feature", "properties": { "tessellate": -1, "extrude": 0, "visibility": -1 }, "geometry": { "type": "LineString", "coordinates": [ [ 33.780212, 51.211046 ], [ 33.783002, 51.216635 ], [ 33.804545, 51.217926 ] ] } },
{ "type": "Feature", "properties": { "tessellate": -1, "extrude": 0, "visibility": -1 }, "geometry": { "type": "LineString", "coordinates": [ [ 33.758841, 51.211082 ], [ 33.762531, 51.217806 ], [ 33.77017, 51.222051 ], [ 33.77326, 51.23178 ], [ 33.778667, 51.241185 ], [ 33.780556, 51.244521 ], [ 33.781843, 51.245112 ], [ 33.78356, 51.249246 ], [ 33.783731, 51.250857 ], [ 33.784933, 51.253112 ], [ 33.78253, 51.259018 ], [ 33.785362, 51.260843 ], [ 33.785019, 51.264663 ], [ 33.783989, 51.268903 ], [ 33.783474, 51.27325 ], [ 33.778238, 51.277812 ], [ 33.760986, 51.286457 ], [ 33.76502, 51.294296 ], [ 33.768711, 51.299499 ] ] } },
{ "type": "Feature", "properties": { "tessellate": -1, "extrude": 0, "visibility": -1 }, "geometry": { "type": "LineString", "coordinates": [ [ 33.864584, 51.656135 ], [ 33.852825, 51.666937 ], [ 33.843641, 51.679291 ], [ 33.848791, 51.697644 ], [ 33.8554, 51.705569 ], [ 33.856859, 51.708386 ] ] } },
{ "type": "Feature", "properties": { "tessellate": -1, "extrude": 0, "visibility": -1 }, "geometry": { "type": "LineString", "coordinates": [ [ 32.958298, 47.522432 ], [ 32.977438, 47.528283 ], [ 32.98233, 47.537434 ], [ 32.987995, 47.540966 ], [ 32.991257, 47.550016 ], [ 32.996578, 47.559279 ] ] } },
{ "type": "Feature", "properties": { "tessellate": -1, "extrude": 0, "visibility": -1 }, "geometry": { "type": "LineString", "coordinates": [ [ 33.009453, 47.570448 ], [ 33.009453, 47.572763 ], [ 33.011513, 47.574152 ], [ 33.013315, 47.579939 ], [ 33.012629, 47.582254 ], [ 33.015547, 47.584983 ], [ 33.017607, 47.591058 ], [ 33.014345, 47.592158 ], [ 33.007736, 47.591868 ], [ 33.005075, 47.613574 ], [ 33.016405, 47.620744 ], [ 33.014088, 47.623404 ], [ 33.01795, 47.624221 ], [ 33.019152, 47.62821 ], [ 33.03546, 47.629135 ], [ 33.042755, 47.628268 ], [ 33.05829, 47.628152 ], [ 33.067989, 47.628731 ], [ 33.081036, 47.630235 ], [ 33.089275, 47.630813 ], [ 33.114595, 47.631739 ], [ 33.151588, 47.632433 ] ] } },
{ "type": "Feature", "properties": { "tessellate": -1, "extrude": 0, "visibility": -1 }, "geometry": { "type": "LineString", "coordinates": [ [ 33.081293, 47.793208 ], [ 33.079233, 47.791998 ], [ 33.07786, 47.789174 ], [ 33.072882, 47.786779 ], [ 33.06756, 47.78606 ], [ 33.070135, 47.775099 ], [ 33.072538, 47.762693 ], [ 33.076057, 47.747921 ], [ 33.075285, 47.746537 ], [ 33.073225, 47.744403 ], [ 33.071079, 47.743711 ], [ 33.064041, 47.737474 ], [ 33.052969, 47.735166 ], [ 33.048506, 47.730519 ], [ 33.045073, 47.721767 ], [ 33.04636, 47.720439 ], [ 33.047733, 47.71992 ], [ 33.052626, 47.714437 ], [ 33.057003, 47.711147 ], [ 33.070993, 47.710916 ], [ 33.075542, 47.710397 ], [ 33.079233, 47.708665 ], [ 33.081207, 47.699313 ], [ 33.081894, 47.694338 ], [ 33.069534, 47.692375 ], [ 33.06756, 47.69174 ], [ 33.05975, 47.690469 ], [ 33.058891, 47.689603 ], [ 33.046961, 47.685099 ], [ 33.043184, 47.682673 ], [ 33.036489, 47.680764 ], [ 33.037949, 47.669674 ], [ 33.034859, 47.668981 ], [ 33.032026, 47.667479 ], [ 33.023958, 47.661578 ], [ 33.022585, 47.660365 ], [ 33.019323, 47.659325 ], [ 33.017521, 47.656551 ], [ 33.011942, 47.650831 ], [ 33.008337, 47.648461 ], [ 33.006363, 47.642798 ], [ 33.003016, 47.639676 ], [ 33.003788, 47.635804 ], [ 33.002243, 47.635226 ], [ 33.002586, 47.634012 ] ] } },
{ "type": "Feature", "properties": { "tessellate": -1, "extrude": 0, "visibility": -1 }, "geometry": { "type": "LineString", "coordinates": [ [ 33.095112, 47.852545 ], [ 33.097429, 47.856617 ], [ 33.101892, 47.861337 ], [ 33.104897, 47.868358 ], [ 33.104382, 47.870265 ], [ 33.105068, 47.871877 ], [ 33.102579, 47.874696 ], [ 33.097687, 47.877861 ], [ 33.096228, 47.880277 ], [ 33.092194, 47.883441 ], [ 33.089361, 47.885004 ], [ 33.089705, 47.887017 ], [ 33.092194, 47.892712 ], [ 33.087902, 47.897658 ], [ 33.086185, 47.901404 ], [ 33.082323, 47.920788 ], [ 33.081722, 47.924531 ] ] } },
{ "type": "Feature", "properties": { "tessellate": -1, "extrude": 0, "visibility": -1 }, "geometry": { "type": "LineString", "coordinates": [ [ 33.092837, 47.923055 ], [ 33.08846, 47.926131 ], [ 33.085928, 47.935685 ], [ 33.086185, 47.940282 ], [ 33.097687, 47.947178 ], [ 33.101892, 47.951343 ] ] } },
{ "type": "Feature", "properties": { "tessellate": -1, "extrude": 0, "visibility": -1 }, "geometry": { "type": "LineString", "coordinates": [ [ 33.903096, 47.506295 ], [ 33.903684, 47.506414 ], [ 33.903552, 47.50697 ], [ 33.903816, 47.507358 ], [ 33.904066, 47.508698 ], [ 33.90414, 47.509591 ], [ 33.904282, 47.511785 ], [ 33.900976, 47.513963 ], [ 33.893423, 47.513558 ], [ 33.880205, 47.515238 ], [ 33.876429, 47.515238 ], [ 33.87057, 47.546056 ], [ 33.870387, 47.547552 ], [ 33.87011, 47.55693 ], [ 33.864519, 47.558536 ], [ 33.855025, 47.561177 ], [ 33.852836, 47.561493 ], [ 33.850725, 47.561388 ], [ 33.850021, 47.560939 ], [ 33.848105, 47.560544 ], [ 33.839721, 47.558229 ], [ 33.838404, 47.558045 ], [ 33.818487, 47.565314 ], [ 33.81779, 47.565811 ] ] } },
{ "type": "Feature", "properties": { "tessellate": -1, "extrude": 0, "visibility": -1 }, "geometry": { "type": "LineString", "coordinates": [ [ 35.357008, 48.199939 ], [ 35.367136, 48.198595 ], [ 35.377178, 48.198366 ], [ 35.377522, 48.200825 ], [ 35.381985, 48.202145 ], [ 35.389109, 48.203403 ], [ 35.394087, 48.20346 ], [ 35.398207, 48.203803 ], [ 35.40297, 48.203573 ], [ 35.417776, 48.203459 ] ] } },
{ "type": "Feature", "properties": { "tessellate": -1, "extrude": 0, "visibility": -1 }, "geometry": { "type": "LineString", "coordinates": [ [ 35.426574, 48.201457 ], [ 35.426273, 48.202973 ], [ 35.425415, 48.206775 ] ] } },
{ "type": "Feature", "properties": { "tessellate": -1, "extrude": 0, "visibility": -1 }, "geometry": { "type": "LineString", "coordinates": [ [ 35.426788, 48.194022 ], [ 35.429664, 48.195051 ], [ 35.436358, 48.195194 ], [ 35.440221, 48.194994 ], [ 35.440264, 48.194394 ], [ 35.443611, 48.193536 ] ] } },
{ "type": "Feature", "properties": { "tessellate": -1, "extrude": 0, "visibility": -1 }, "geometry": { "type": "LineString", "coordinates": [ [ 35.451851, 48.192106 ], [ 35.465412, 48.193164 ] ] } },
{ "type": "Feature", "properties": { "tessellate": -1, "extrude": 0, "visibility": -1 }, "geometry": { "type": "LineString", "coordinates": [ [ 35.46876, 48.190198 ], [ 35.488758, 48.192028 ], [ 35.492535, 48.192543 ], [ 35.510173, 48.19385 ] ] } },
{ "type": "Feature", "properties": { "tessellate": -1, "extrude": 0, "visibility": -1 }, "geometry": { "type": "LineString", "coordinates": [ [ 35.176935, 48.340232 ], [ 35.198479, 48.340574 ] ] } },
{ "type": "Feature", "properties": { "tessellate": -1, "extrude": 0, "visibility": -1 }, "geometry": { "type": "LineString", "coordinates": [ [ 35.229721, 48.336241 ], [ 35.231781, 48.337723 ], [ 35.251007, 48.346276 ], [ 35.252123, 48.346333 ], [ 35.253153, 48.342741 ], [ 35.26268, 48.346962 ], [ 35.267401, 48.348501 ], [ 35.267401, 48.349698 ], [ 35.270834, 48.351181 ], [ 35.272894, 48.352834 ], [ 35.28066, 48.354826 ], [ 35.281818, 48.357107 ], [ 35.283621, 48.358447 ], [ 35.288212, 48.353372 ], [ 35.298082, 48.357221 ], [ 35.300698, 48.356711 ], [ 35.303959, 48.352434 ], [ 35.30825, 48.350039 ], [ 35.311683, 48.347188 ], [ 35.313489, 48.347241 ], [ 35.312673, 48.345929 ] ] } },
{ "type": "Feature", "properties": { "tessellate": -1, "extrude": 0, "visibility": -1 }, "geometry": { "type": "LineString", "coordinates": [ [ 35.315121, 48.347471 ], [ 35.314778, 48.345846 ], [ 35.311302, 48.342482 ], [ 35.326322, 48.341512 ], [ 35.326794, 48.342111 ], [ 35.343787, 48.347593 ], [ 35.34765, 48.34229 ], [ 35.357434, 48.343773 ], [ 35.357692, 48.341606 ], [ 35.367864, 48.344363 ], [ 35.36765, 48.337604 ], [ 35.369237, 48.337833 ], [ 35.370654, 48.338545 ], [ 35.386188, 48.337554 ], [ 35.387218, 48.336984 ], [ 35.388848, 48.337497 ], [ 35.401809, 48.336354 ], [ 35.401723, 48.334472 ], [ 35.415971, 48.33527 ], [ 35.421292, 48.33413 ], [ 35.424125, 48.332761 ], [ 35.433137, 48.332818 ], [ 35.436227, 48.330594 ], [ 35.436227, 48.328256 ], [ 35.457685, 48.329337 ], [ 35.457942, 48.3339 ], [ 35.466354, 48.335441 ], [ 35.466954, 48.338692 ], [ 35.467469, 48.339547 ], [ 35.468758, 48.342308 ], [ 35.46511, 48.34245 ], [ 35.464638, 48.342222 ], [ 35.460304, 48.342792 ] ] } },
{ "type": "Feature", "properties": { "tessellate": -1, "extrude": 0, "visibility": -1 }, "geometry": { "type": "LineString", "coordinates": [ [ 35.471758, 48.435698 ], [ 35.468325, 48.434332 ], [ 35.456309, 48.429664 ], [ 35.455794, 48.428298 ], [ 35.461458, 48.422606 ], [ 35.464548, 48.423061 ], [ 35.469012, 48.416115 ], [ 35.4709, 48.41566 ], [ 35.478281, 48.40598 ], [ 35.479998, 48.406094 ], [ 35.482576, 48.398674 ], [ 35.48352, 48.393994 ], [ 35.475795, 48.390804 ], [ 35.489099, 48.3708 ], [ 35.487554, 48.368515 ], [ 35.483348, 48.366691 ], [ 35.477597, 48.363442 ], [ 35.475709, 48.359737 ], [ 35.470217, 48.344332 ], [ 35.469101, 48.343961 ], [ 35.468758, 48.342308 ] ] } },
{ "type": "Feature", "properties": { "tessellate": -1, "extrude": 0, "visibility": -1 }, "geometry": { "type": "LineString", "coordinates": [ [ 35.458886, 48.444406 ], [ 35.458629, 48.446113 ], [ 35.461461, 48.448275 ], [ 35.467126, 48.44947 ], [ 35.471503, 48.449982 ], [ 35.473306, 48.449072 ], [ 35.478885, 48.450324 ], [ 35.479142, 48.451974 ], [ 35.47837, 48.453339 ], [ 35.476567, 48.453339 ], [ 35.477597, 48.455217 ], [ 35.477254, 48.456411 ], [ 35.474164, 48.45698 ], [ 35.473821, 48.458232 ], [ 35.472447, 48.458971 ], [ 35.470731, 48.459085 ], [ 35.465881, 48.472065 ], [ 35.466653, 48.473374 ], [ 35.465194, 48.4738 ], [ 35.463306, 48.477896 ], [ 35.465838, 48.478095 ], [ 35.465537, 48.497209 ], [ 35.452531, 48.49772 ], [ 35.435882, 48.503008 ], [ 35.433307, 48.506987 ], [ 35.435109, 48.50767 ], [ 35.431934, 48.511877 ], [ 35.421799, 48.521024 ], [ 35.416478, 48.532845 ], [ 35.404289, 48.54876 ], [ 35.408065, 48.550124 ], [ 35.39605, 48.563187 ], [ 35.388666, 48.573413 ], [ 35.358455, 48.610198 ], [ 35.356567, 48.612695 ], [ 35.357597, 48.616666 ], [ 35.36309, 48.615872 ], [ 35.368411, 48.620977 ], [ 35.381284, 48.629832 ], [ 35.384889, 48.641514 ], [ 35.385061, 48.64707 ] ] } },
{ "type": "Feature", "properties": { "tessellate": -1, "extrude": 0, "visibility": -1 }, "geometry": { "type": "LineString", "coordinates": [ [ 37.534618, 48.876586 ], [ 37.535477, 48.881945 ], [ 37.539167, 48.887192 ], [ 37.53994, 48.890809 ], [ 37.546892, 48.894645 ], [ 37.544661, 48.899889 ], [ 37.540541, 48.902709 ], [ 37.539851, 48.906602 ], [ 37.534959, 48.910324 ], [ 37.52423, 48.922846 ], [ 37.515647, 48.933167 ], [ 37.517278, 48.934351 ], [ 37.519166, 48.94382 ], [ 37.516162, 48.946188 ], [ 37.512386, 48.947315 ], [ 37.510498, 48.948498 ], [ 37.506293, 48.949794 ], [ 37.503718, 48.951372 ], [ 37.497024, 48.953739 ], [ 37.489469, 48.959941 ], [ 37.487152, 48.96349 ], [ 37.483374, 48.967891 ], [ 37.480113, 48.970933 ], [ 37.481486, 48.973242 ], [ 37.481057, 48.98552 ], [ 37.482687, 48.992334 ], [ 37.475563, 49.000839 ], [ 37.477537, 49.00675 ] ] } },
{ "type": "Feature", "properties": { "tessellate": -1, "extrude": 0, "visibility": -1 }, "geometry": { "type": "LineString", "coordinates": [ [ 37.359524, 49.11221 ], [ 37.361755, 49.10592 ], [ 37.35549, 49.106167 ], [ 37.344031, 49.109565 ], [ 37.334547, 49.114179 ], [ 37.333689, 49.113505 ], [ 37.325106, 49.1162 ], [ 37.323046, 49.117492 ], [ 37.30811, 49.112131 ], [ 37.301024, 49.112284 ], [ 37.291731, 49.110953 ], [ 37.290918, 49.109584 ], [ 37.289698, 49.107113 ] ] } },
{ "type": "Feature", "properties": { "tessellate": -1, "extrude": 0, "visibility": -1 }, "geometry": { "type": "LineString", "coordinates": [ [ 37.325535, 49.118334 ], [ 37.323046, 49.117492 ] ] } },
{ "type": "Feature", "properties": { "tessellate": -1, "extrude": 0, "visibility": -1 }, "geometry": { "type": "LineString", "coordinates": [ [ 37.117825, 48.856746 ], [ 37.079458, 48.866597 ], [ 37.072763, 48.853108 ], [ 37.064953, 48.852996 ], [ 37.063837, 48.850399 ], [ 37.061949, 48.848536 ], [ 37.058344, 48.848028 ], [ 37.050362, 48.844691 ], [ 37.037659, 48.840908 ], [ 37.034912, 48.839327 ], [ 37.033453, 48.835371 ], [ 37.031393, 48.833847 ], [ 37.025814, 48.834299 ], [ 37.019463, 48.833734 ], [ 37.011995, 48.833677 ], [ 37.006245, 48.833226 ], [ 37.002382, 48.827522 ], [ 36.969337, 48.83277 ], [ 36.964788, 48.834125 ], [ 36.961184, 48.834407 ], [ 36.955819, 48.833749 ], [ 36.950412, 48.833918 ], [ 36.942387, 48.835047 ], [ 36.940842, 48.836009 ], [ 36.941957, 48.84078 ], [ 36.944361, 48.84414 ], [ 36.944447, 48.845667 ], [ 36.944189, 48.84945 ] ] } },
{ "type": "Feature", "properties": { "tessellate": -1, "extrude": 0, "visibility": -1 }, "geometry": { "type": "LineString", "coordinates": [ [ 37.626543, 48.88161 ], [ 37.627144, 48.883697 ], [ 37.630749, 48.883246 ], [ 37.635641, 48.883133 ] ] } },
{ "type": "Feature", "properties": { "tessellate": -1, "extrude": 0, "visibility": -1 }, "geometry": { "type": "LineString", "coordinates": [ [ 37.665038, 48.873237 ], [ 37.663665, 48.87397 ], [ 37.66242, 48.875578 ], [ 37.660789, 48.876001 ], [ 37.659931, 48.877355 ], [ 37.658386, 48.878231 ] ] } },
{ "type": "Feature", "properties": { "tessellate": -1, "extrude": 0, "visibility": -1 }, "geometry": { "type": "LineString", "coordinates": [ [ 37.657099, 48.88974 ], [ 37.658858, 48.886441 ], [ 37.660446, 48.884888 ], [ 37.661691, 48.883111 ], [ 37.662077, 48.882942 ], [ 37.662764, 48.880178 ], [ 37.663922, 48.876426 ], [ 37.66242, 48.875578 ] ] } },
{ "type": "Feature", "properties": { "tessellate": -1, "extrude": 0, "visibility": -1 }, "geometry": { "type": "LineString", "coordinates": [ [ 37.687526, 48.879726 ], [ 37.686882, 48.880883 ], [ 37.684307, 48.881644 ], [ 37.682419, 48.883224 ], [ 37.681775, 48.883703 ] ] } },
{ "type": "Feature", "properties": { "tessellate": -1, "extrude": 0, "visibility": -1 }, "geometry": { "type": "LineString", "coordinates": [ [ 37.671304, 48.856443 ], [ 37.670918, 48.857092 ], [ 37.666926, 48.858757 ], [ 37.66654, 48.859518 ], [ 37.664952, 48.860421 ], [ 37.664309, 48.861268 ] ] } },
{ "type": "Feature", "properties": { "tessellate": -1, "extrude": 0, "visibility": -1 }, "geometry": { "type": "LineString", "coordinates": [ [ 33.815231, 51.6824 ], [ 33.802185, 51.683144 ], [ 33.801155, 51.691121 ], [ 33.797722, 51.699204 ], [ 33.771114, 51.706554 ], [ 33.750858, 51.718141 ], [ 33.743992, 51.722605 ] ] } },
{ "type": "Feature", "properties": { "tessellate": -1, "extrude": 0, "visibility": -1 }, "geometry": { "type": "LineString", "coordinates": [ [ 33.752918, 51.766853 ], [ 33.762188, 51.782405 ], [ 33.76296, 51.783785 ], [ 33.757124, 51.787075 ], [ 33.755922, 51.789039 ], [ 33.746996, 51.792859 ], [ 33.714724, 51.808735 ], [ 33.723822, 51.821152 ] ] } },
{ "type": "Feature", "properties": { "tessellate": -1, "extrude": 0, "visibility": -1 }, "geometry": { "type": "LineString", "coordinates": [ [ 33.907757, 51.730605 ], [ 33.903208, 51.737936 ], [ 33.905096, 51.740858 ], [ 33.90604, 51.746721 ], [ 33.905525, 51.754688 ], [ 33.90295, 51.760847 ], [ 33.906212, 51.770297 ], [ 33.907757, 51.777103 ], [ 33.90295, 51.789749 ], [ 33.893509, 51.792508 ], [ 33.887329, 51.799935 ], [ 33.883896, 51.80333 ], [ 33.879948, 51.805134 ], [ 33.870335, 51.805876 ], [ 33.86497, 51.806211 ], [ 33.863039, 51.812655 ], [ 33.858919, 51.821414 ] ] } },
{ "type": "Feature", "properties": { "tessellate": -1, "extrude": 0, "visibility": -1 }, "geometry": { "type": "LineString", "coordinates": [ [ 33.906212, 51.898215 ], [ 33.903809, 51.894774 ], [ 33.899088, 51.892974 ], [ 33.895311, 51.890856 ], [ 33.889732, 51.891068 ], [ 33.885784, 51.888889 ], [ 33.863125, 51.881101 ], [ 33.853426, 51.873257 ], [ 33.84656, 51.870397 ], [ 33.843298, 51.867589 ], [ 33.836775, 51.864033 ], [ 33.838491, 51.860855 ], [ 33.836946, 51.85455 ], [ 33.824329, 51.842945 ] ] } },
{ "type": "Feature", "properties": { "tessellate": -1, "extrude": 0, "visibility": -1 }, "geometry": { "type": "LineString", "coordinates": [ [ 33.915396, 51.913729 ], [ 33.915224, 51.929241 ] ] } },
{ "type": "Feature", "properties": { "tessellate": -1, "extrude": 0, "visibility": -1 }, "geometry": { "type": "LineString", "coordinates": [ [ 33.912992, 52.028958 ], [ 33.910074, 52.036927 ], [ 33.908186, 52.039777 ], [ 33.909645, 52.042995 ], [ 33.910847, 52.046953 ], [ 33.904152, 52.051338 ], [ 33.88999, 52.054345 ], [ 33.885698, 52.055822 ], [ 33.877373, 52.056933 ], [ 33.868189, 52.058937 ], [ 33.862352, 52.063579 ], [ 33.861494, 52.066479 ], [ 33.854713, 52.073656 ], [ 33.848448, 52.075607 ], [ 33.847761, 52.076451 ], [ 33.845701, 52.077294 ], [ 33.842955, 52.078935 ], [ 33.840981, 52.079514 ], [ 33.834629, 52.082049 ], [ 33.827076, 52.083894 ], [ 33.823299, 52.082735 ], [ 33.821239, 52.083683 ], [ 33.813944, 52.082998 ], [ 33.801498, 52.086909 ], [ 33.794289, 52.087963 ], [ 33.789482, 52.089061 ], [ 33.781672, 52.093277 ], [ 33.776693, 52.09502 ], [ 33.758068, 52.102028 ], [ 33.752403, 52.101607 ], [ 33.745537, 52.105461 ], [ 33.743477, 52.10583 ], [ 33.738327, 52.108939 ] ] } },
{ "type": "Feature", "properties": { "tessellate": -1, "extrude": 0, "visibility": -1 }, "geometry": { "type": "LineString", "coordinates": [ [ 33.515768, 52.129011 ], [ 33.512163, 52.123481 ], [ 33.509417, 52.121269 ], [ 33.506927, 52.120374 ], [ 33.501005, 52.117003 ], [ 33.486242, 52.114578 ], [ 33.476114, 52.112575 ], [ 33.472166, 52.11131 ], [ 33.467617, 52.110889 ], [ 33.453112, 52.114682 ], [ 33.431911, 52.123907 ], [ 33.419037, 52.126751 ], [ 33.410625, 52.128753 ] ] } },
{ "type": "Feature", "properties": { "tessellate": -1, "extrude": 0, "visibility": -1 }, "geometry": { "type": "LineString", "coordinates": [ [ 33.672409, 51.929199 ], [ 33.689489, 51.925654 ], [ 33.712406, 51.923485 ], [ 33.717899, 51.924279 ], [ 33.726225, 51.926607 ], [ 33.738585, 51.928618 ] ] } },
{ "type": "Feature", "properties": { "tessellate": -1, "extrude": 0, "visibility": -1 }, "geometry": { "type": "LineString", "coordinates": [ [ 33.754377, 51.957605 ], [ 33.75309, 51.955596 ], [ 33.753262, 51.952099 ], [ 33.745966, 51.94237 ], [ 33.742962, 51.93449 ] ] } },
{ "type": "Feature", "properties": { "tessellate": -1, "extrude": 0, "visibility": -1 }, "geometry": { "type": "LineString", "coordinates": [ [ 33.333893, 52.013054 ], [ 33.348141, 52.015378 ], [ 33.355865, 52.015906 ], [ 33.380241, 52.018545 ], [ 33.405991, 52.021501 ], [ 33.42453, 52.022029 ], [ 33.439035, 52.024432 ], [ 33.448048, 52.025963 ], [ 33.459721, 52.024696 ], [ 33.468304, 52.024643 ], [ 33.501863, 52.019997 ], [ 33.503408, 52.014242 ], [ 33.504438, 52.012658 ], [ 33.507658, 52.008569 ], [ 33.503882, 52.002019 ], [ 33.49942, 51.998849 ], [ 33.493242, 51.990607 ] ] } },
{ "type": "Feature", "properties": { "tessellate": -1, "extrude": 0, "visibility": -1 }, "geometry": { "type": "LineString", "coordinates": [ [ 33.569498, 51.91913 ], [ 33.57276, 51.917807 ], [ 33.57439, 51.915373 ], [ 33.602371, 51.911034 ], [ 33.604603, 51.889956 ], [ 33.616018, 51.887362 ], [ 33.616791, 51.883973 ] ] } },
{ "type": "Feature", "properties": { "tessellate": -1, "extrude": 0, "visibility": -1 }, "geometry": { "type": "LineString", "coordinates": [ [ 33.539886, 51.82936 ], [ 33.530617, 51.829626 ], [ 33.511391, 51.829096 ] ] } },
{ "type": "Feature", "properties": { "tessellate": -1, "extrude": 0, "visibility": -1 }, "geometry": { "type": "LineString", "coordinates": [ [ 33.412085, 51.828884 ], [ 33.396378, 51.846853 ], [ 33.398609, 51.855179 ], [ 33.406162, 51.858729 ], [ 33.409338, 51.861696 ], [ 33.410711, 51.86631 ] ] } },
{ "type": "Feature", "properties": { "tessellate": -1, "extrude": 0, "visibility": -1 }, "geometry": { "type": "LineString", "coordinates": [ [ 33.421183, 51.893347 ], [ 33.431482, 51.897847 ], [ 33.433886, 51.898693 ], [ 33.434658, 51.90097 ], [ 33.456373, 51.902244 ], [ 33.455086, 51.91411 ], [ 33.477831, 51.919133 ], [ 33.493195, 51.915323 ], [ 33.518944, 51.91945 ], [ 33.525982, 51.924797 ], [ 33.530445, 51.924797 ] ] } },
{ "type": "Feature", "properties": { "tessellate": -1, "extrude": 0, "visibility": -1 }, "geometry": { "type": "LineString", "coordinates": [ [ 34.920816, 50.244308 ], [ 34.934807, 50.249958 ], [ 34.980898, 50.251 ], [ 34.983044, 50.251988 ] ] } },
{ "type": "Feature", "properties": { "tessellate": -1, "extrude": 0, "visibility": -1 }, "geometry": { "type": "LineString", "coordinates": [ [ 32.262297, 46.267605 ], [ 32.267361, 46.264107 ], [ 32.271738, 46.263573 ], [ 32.275515, 46.263811 ], [ 32.283583, 46.266539 ], [ 32.297058, 46.267305 ], [ 32.296758, 46.271545 ], [ 32.318258, 46.273767 ], [ 32.334137, 46.267007 ], [ 32.334995, 46.262915 ], [ 32.330189, 46.25734 ], [ 32.333107, 46.243755 ], [ 32.32667, 46.242866 ] ] } },
{ "type": "Feature", "properties": { "tessellate": -1, "extrude": 0, "visibility": -1 }, "geometry": { "type": "LineString", "coordinates": [ [ 32.184105, 46.315754 ], [ 32.264357, 46.324585 ], [ 32.307444, 46.312789 ], [ 32.311306, 46.293579 ], [ 32.301958, 46.272082 ] ] } },
{ "type": "Feature", "properties": { "tessellate": -1, "extrude": 0, "visibility": -1 }, "geometry": { "type": "LineString", "coordinates": [ [ 33.720096, 46.720961 ], [ 33.717826, 46.720125 ], [ 33.71475, 46.718672 ], [ 33.711823, 46.717957 ], [ 33.708755, 46.7167 ], [ 33.703011, 46.714776 ] ] } },
{ "type": "Feature", "properties": { "tessellate": -1, "extrude": 0, "visibility": -1 }, "geometry": { "type": "LineString", "coordinates": [ [ 33.680686, 46.739053 ], [ 33.678009, 46.73948 ], [ 33.67558, 46.739565 ], [ 33.67387, 46.737422 ], [ 33.673619, 46.735984 ], [ 33.674534, 46.734679 ], [ 33.676454, 46.733697 ], [ 33.676602, 46.733333 ] ] } },
{ "type": "Feature", "properties": { "tessellate": -1, "extrude": 0, "visibility": -1 }, "geometry": { "type": "LineString", "coordinates": [ [ 34.991928, 47.323544 ], [ 34.998317, 47.323957 ], [ 35.008138, 47.321372 ], [ 35.01855, 47.321605 ], [ 35.029156, 47.321281 ], [ 35.038105, 47.320868 ], [ 35.045528, 47.321404 ], [ 35.060892, 47.324573 ], [ 35.062351, 47.321023 ], [ 35.07719, 47.310082 ], [ 35.111218, 47.286752 ], [ 35.171449, 47.243514 ] ] } },
{ "type": "Feature", "properties": { "tessellate": -1, "extrude": 0, "visibility": -1 }, "geometry": { "type": "LineString", "coordinates": [ [ 35.144062, 47.083582 ], [ 35.144663, 47.096848 ], [ 35.140285, 47.114899 ], [ 35.137539, 47.118693 ], [ 35.134878, 47.134751 ], [ 35.131445, 47.150861 ], [ 35.128183, 47.164802 ] ] } },
{ "type": "Feature", "properties": { "tessellate": -1, "extrude": 0, "visibility": -1 }, "geometry": { "type": "LineString", "coordinates": [ [ 35.11797, 47.114775 ], [ 35.11694, 47.1184 ], [ 35.114622, 47.128206 ], [ 35.11385, 47.132875 ], [ 35.111275, 47.137904 ], [ 35.110245, 47.144581 ] ] } },
{ "type": "Feature", "properties": { "tessellate": -1, "extrude": 0, "visibility": -1 }, "geometry": { "type": "LineString", "coordinates": [ [ 33.090818, 52.02688 ], [ 33.102321, 52.027673 ], [ 33.109444, 52.027778 ], [ 33.113736, 52.029046 ], [ 33.120601, 52.028201 ], [ 33.126523, 52.029362 ], [ 33.129956, 52.028623 ], [ 33.133391, 52.030522 ], [ 33.136309, 52.030258 ], [ 33.141115, 52.025453 ], [ 33.144634, 52.021071 ], [ 33.148839, 52.018747 ], [ 33.163089, 52.01579 ], [ 33.164977, 52.014364 ], [ 33.175276, 52.012779 ], [ 33.179052, 52.014258 ], [ 33.182056, 52.016318 ], [ 33.186519, 52.020331 ], [ 33.191414, 52.020764 ], [ 33.205919, 52.023984 ], [ 33.213472, 52.033063 ], [ 33.219309, 52.037079 ], [ 33.222656, 52.042251 ], [ 33.241282, 52.045153 ], [ 33.248577, 52.049584 ], [ 33.251066, 52.049584 ] ] } },
{ "type": "Feature", "properties": { "tessellate": -1, "extrude": 0, "visibility": -1 }, "geometry": { "type": "LineString", "coordinates": [ [ 33.245836, 51.971771 ], [ 33.264032, 51.965429 ], [ 33.284975, 51.966063 ], [ 33.295789, 51.972617 ], [ 33.309866, 51.977373 ], [ 33.314844, 51.981071 ], [ 33.316217, 51.991003 ], [ 33.322225, 51.991109 ] ] } },
{ "type": "Feature", "properties": { "tessellate": -1, "extrude": 0, "visibility": -1 }, "geometry": { "type": "LineString", "coordinates": [ [ 32.818311, 51.958336 ], [ 32.826808, 51.959552 ], [ 32.864919, 51.967223 ], [ 32.872987, 51.970922 ], [ 32.900365, 51.974993 ], [ 32.902167, 51.978745 ], [ 32.914355, 51.977794 ], [ 32.923112, 51.976746 ], [ 32.930837, 51.975901 ], [ 32.970491, 51.983934 ], [ 32.976327, 51.99133 ], [ 32.992461, 52.00549 ], [ 32.995723, 52.013204 ], [ 32.994092, 52.020859 ], [ 33.003876, 52.021229 ], [ 33.019583, 52.02176 ], [ 33.053401, 52.019807 ], [ 33.056577, 52.019384 ], [ 33.060954, 52.020018 ], [ 33.067734, 52.020018 ] ] } },
{ "type": "Feature", "properties": { "tessellate": -1, "extrude": 0, "visibility": -1 }, "geometry": { "type": "LineString", "coordinates": [ [ 32.811358, 51.94522 ], [ 32.810071, 51.939984 ], [ 32.791617, 51.933955 ], [ 32.787755, 51.941888 ], [ 32.785781, 51.941624 ], [ 32.779086, 51.953309 ], [ 32.782004, 51.956798 ], [ 32.780717, 51.959283 ], [ 32.776768, 51.960287 ], [ 32.775567, 51.961239 ], [ 32.772734, 51.960976 ], [ 32.770846, 51.963302 ] ] } },
{ "type": "Feature", "properties": { "tessellate": -1, "extrude": 0, "visibility": -1 }, "geometry": { "type": "LineString", "coordinates": [ [ 32.55558, 51.876927 ], [ 32.559528, 51.876132 ], [ 32.565708, 51.878521 ], [ 32.574549, 51.885299 ], [ 32.576609, 51.89287 ], [ 32.590814, 51.892575 ], [ 32.606993, 51.893564 ], [ 32.612658, 51.894834 ], [ 32.627163, 51.905533 ], [ 32.631626, 51.906909 ], [ 32.650509, 51.913793 ], [ 32.665873, 51.920517 ], [ 32.678146, 51.923057 ], [ 32.685785, 51.923798 ], [ 32.695742, 51.925121 ], [ 32.700806, 51.924698 ], [ 32.705526, 51.925597 ], [ 32.713165, 51.93131 ], [ 32.716255, 51.931733 ], [ 32.734795, 51.930464 ], [ 32.739, 51.929669 ], [ 32.753935, 51.926866 ], [ 32.758827, 51.926495 ], [ 32.763805, 51.927289 ], [ 32.771788, 51.930886 ], [ 32.791617, 51.933955 ] ] } },
{ "type": "Feature", "properties": { "tessellate": -1, "extrude": 0, "visibility": -1 }, "geometry": { "type": "LineString", "coordinates": [ [ 32.198954, 51.805938 ], [ 32.207537, 51.805089 ], [ 32.226334, 51.80318 ], [ 32.236719, 51.802598 ], [ 32.247705, 51.803872 ], [ 32.257919, 51.804561 ], [ 32.266159, 51.805993 ], [ 32.262983, 51.811191 ] ] } },
{ "type": "Feature", "properties": { "tessellate": -1, "extrude": 0, "visibility": -1 }, "geometry": { "type": "LineString", "coordinates": [ [ 32.008667, 51.854818 ], [ 32.013474, 51.850651 ], [ 32.015362, 51.847895 ], [ 32.023773, 51.846122 ], [ 32.033558, 51.844607 ], [ 32.037935, 51.844395 ], [ 32.051668, 51.840049 ], [ 32.057247, 51.836865 ], [ 32.062826, 51.836335 ], [ 32.068062, 51.834215 ], [ 32.073555, 51.833632 ], [ 32.083855, 51.831829 ], [ 32.08909, 51.831776 ], [ 32.099476, 51.83445 ], [ 32.102051, 51.834344 ], [ 32.108402, 51.832754 ], [ 32.11544, 51.834344 ], [ 32.118874, 51.833814 ], [ 32.129688, 51.825014 ], [ 32.136211, 51.824908 ], [ 32.13604, 51.822787 ], [ 32.133121, 51.820454 ], [ 32.135525, 51.816742 ], [ 32.141533, 51.811545 ], [ 32.145481, 51.802421 ] ] } },
{ "type": "Feature", "properties": { "tessellate": -1, "extrude": 0, "visibility": -1 }, "geometry": { "type": "LineString", "coordinates": [ [ 31.861639, 51.906287 ], [ 31.858892, 51.907875 ], [ 31.856747, 51.908616 ], [ 31.854858, 51.911315 ], [ 31.847391, 51.913802 ], [ 31.822586, 51.920286 ], [ 31.809883, 51.922116 ], [ 31.785679, 51.928729 ], [ 31.762762, 51.930741 ], [ 31.756582, 51.934497 ], [ 31.746283, 51.935079 ], [ 31.740789, 51.934551 ], [ 31.735725, 51.939522 ], [ 31.724739, 51.941483 ], [ 31.701565, 51.942646 ], [ 31.69487, 51.943862 ], [ 31.687231, 51.945141 ], [ 31.683025, 51.944665 ], [ 31.678991, 51.946146 ], [ 31.666546, 51.942973 ], [ 31.657104, 51.94329 ], [ 31.626549, 51.944819 ], [ 31.620197, 51.937362 ], [ 31.607237, 51.937997 ], [ 31.598139, 51.934929 ], [ 31.584663, 51.941781 ], [ 31.572304, 51.944636 ], [ 31.54707, 51.933102 ] ] } },
{ "type": "Feature", "properties": { "tessellate": -1, "extrude": 0, "visibility": -1 }, "geometry": { "type": "LineString", "coordinates": [ [ 31.574965, 51.95593 ], [ 31.577539, 51.957257 ], [ 31.577024, 51.963019 ], [ 31.58638, 51.962968 ], [ 31.590672, 51.966403 ], [ 31.595306, 51.968518 ], [ 31.601486, 51.968148 ], [ 31.636677, 51.973117 ], [ 31.650839, 51.974015 ], [ 31.658049, 51.973698 ], [ 31.668692, 51.973531 ], [ 31.675987, 51.973319 ], [ 31.68869, 51.971734 ], [ 31.693754, 51.963382 ], [ 31.710062, 51.959153 ], [ 31.728601, 51.965762 ], [ 31.738043, 51.964969 ], [ 31.741905, 51.966132 ], [ 31.748772, 51.962273 ], [ 31.75478, 51.959419 ], [ 31.766539, 51.956189 ], [ 31.779671, 51.95307 ] ] } },
{ "type": "Feature", "properties": { "tessellate": -1, "extrude": 0, "visibility": -1 }, "geometry": { "type": "LineString", "coordinates": [ [ 31.86327, 51.952278 ], [ 31.852455, 51.952119 ], [ 31.845417, 51.953547 ], [ 31.837006, 51.953706 ], [ 31.833916, 51.95286 ], [ 31.824217, 51.952278 ], [ 31.81469, 51.955556 ] ] } },
{ "type": "Feature", "properties": { "tessellate": -1, "extrude": 0, "visibility": -1 }, "geometry": { "type": "LineString", "coordinates": [ [ 31.489048, 52.034445 ], [ 31.502523, 52.036768 ], [ 31.514626, 52.036451 ], [ 31.527414, 52.038826 ], [ 31.537971, 52.044317 ], [ 31.546812, 52.047641 ], [ 31.551619, 52.049118 ], [ 31.555395, 52.048643 ] ] } },
{ "type": "Feature", "properties": { "tessellate": -1, "extrude": 0, "visibility": -1 }, "geometry": { "type": "LineString", "coordinates": [ [ 31.645947, 51.91881 ], [ 31.657448, 51.915424 ], [ 31.661139, 51.913466 ], [ 31.662083, 51.911931 ], [ 31.655045, 51.907486 ], [ 31.655388, 51.904893 ], [ 31.6535, 51.902559 ], [ 31.64938, 51.901871 ], [ 31.639166, 51.896049 ], [ 31.638136, 51.89096 ], [ 31.630154, 51.88503 ], [ 31.619425, 51.877188 ], [ 31.616163, 51.877135 ], [ 31.61376, 51.875917 ], [ 31.606894, 51.875811 ], [ 31.594105, 51.871998 ], [ 31.585007, 51.869985 ], [ 31.568613, 51.869561 ], [ 31.568613, 51.876561 ], [ 31.576252, 51.876826 ], [ 31.573849, 51.880586 ], [ 31.567755, 51.882704 ], [ 31.567326, 51.88694 ], [ 31.564322, 51.886675 ], [ 31.562004, 51.891925 ], [ 31.552563, 51.898595 ], [ 31.552906, 51.899919 ], [ 31.556168, 51.901666 ], [ 31.557369, 51.902936 ], [ 31.573849, 51.906482 ], [ 31.578398, 51.908546 ], [ 31.581402, 51.912832 ], [ 31.589899, 51.915478 ] ] } },
{ "type": "Feature", "properties": { "tessellate": -1, "extrude": 0, "visibility": -1 }, "geometry": { "type": "LineString", "coordinates": [ [ 31.596766, 51.914424 ], [ 31.6014, 51.915746 ], [ 31.603975, 51.915746 ], [ 31.611099, 51.914424 ], [ 31.618395, 51.91363 ], [ 31.62818, 51.920561 ] ] } },
{ "type": "Feature", "properties": { "tessellate": -1, "extrude": 0, "visibility": -1 }, "geometry": { "type": "LineString", "coordinates": [ [ 32.061869, 51.927432 ], [ 32.068193, 51.926565 ], [ 32.072128, 51.923445 ], [ 32.079155, 51.923012 ], [ 32.086464, 51.924312 ], [ 32.10361, 51.924399 ], [ 32.107372, 51.927742 ], [ 32.113552, 51.929435 ], [ 32.118015, 51.932291 ], [ 32.124195, 51.948897 ], [ 32.131748, 51.951752 ], [ 32.158356, 51.957257 ], [ 32.1702, 51.958843 ], [ 32.180157, 51.961591 ], [ 32.188911, 51.962437 ], [ 32.197151, 51.964446 ], [ 32.201271, 51.964763 ], [ 32.205906, 51.965397 ], [ 32.208652, 51.963823 ], [ 32.232685, 51.95822 ], [ 32.23526, 51.95637 ], [ 32.243414, 51.956899 ], [ 32.252426, 51.957691 ], [ 32.286587, 51.959479 ], [ 32.291565, 51.957681 ], [ 32.30135, 51.95821 ], [ 32.312508, 51.960325 ], [ 32.330704, 51.962862 ], [ 32.339973, 51.966145 ], [ 32.35817, 51.972593 ], [ 32.366238, 51.974284 ], [ 32.370014, 51.977455 ], [ 32.376366, 51.980942 ] ] } },
{ "type": "Feature", "properties": { "tessellate": -1, "extrude": 0, "visibility": -1 }, "geometry": { "type": "LineString", "coordinates": [ [ 32.433958, 52.022387 ], [ 32.43679, 52.024815 ], [ 32.43825, 52.028299 ], [ 32.449322, 52.03832 ], [ 32.450953, 52.040654 ], [ 32.460394, 52.040126 ], [ 32.471209, 52.042872 ], [ 32.484684, 52.042397 ], [ 32.487688, 52.044613 ], [ 32.494726, 52.051847 ], [ 32.496958, 52.054009 ], [ 32.508888, 52.057747 ], [ 32.508888, 52.06049 ], [ 32.514553, 52.062178 ], [ 32.51936, 52.061861 ], [ 32.529659, 52.058486 ], [ 32.538242, 52.058275 ], [ 32.547169, 52.059752 ], [ 32.554207, 52.05933 ], [ 32.565365, 52.062283 ], [ 32.57103, 52.062811 ], [ 32.587337, 52.065555 ], [ 32.596951, 52.065872 ], [ 32.60107, 52.068508 ], [ 32.620288, 52.07262 ], [ 32.628527, 52.073147 ], [ 32.64037, 52.076417 ], [ 32.655132, 52.078633 ], [ 32.663885, 52.07916 ], [ 32.687408, 52.082222 ], [ 32.706632, 52.084331 ], [ 32.718476, 52.08528 ], [ 32.724826, 52.086229 ], [ 32.738043, 52.087284 ], [ 32.748952, 52.089882 ], [ 32.748866, 52.091675 ], [ 32.733676, 52.089777 ], [ 32.721746, 52.088142 ] ] } },
{ "type": "Feature", "properties": { "tessellate": -1, "extrude": 0, "visibility": -1 }, "geometry": { "type": "LineString", "coordinates": [ [ 32.862511, 52.083718 ], [ 32.852468, 52.08351 ], [ 32.831697, 52.087727 ], [ 32.821312, 52.089888 ], [ 32.819424, 52.086986 ], [ 32.815046, 52.082716 ], [ 32.815733, 52.070115 ], [ 32.80612, 52.068164 ], [ 32.801571, 52.069166 ], [ 32.783117, 52.073753 ], [ 32.781572, 52.076442 ], [ 32.778912, 52.077971 ], [ 32.776852, 52.082347 ], [ 32.772303, 52.090255 ], [ 32.768869, 52.092574 ], [ 32.764492, 52.093049 ], [ 32.748866, 52.091675 ] ] } },
{ "type": "Feature", "properties": { "tessellate": -1, "extrude": 0, "visibility": -1 }, "geometry": { "type": "LineString", "coordinates": [ [ 33.059832, 52.109025 ], [ 33.056227, 52.108392 ], [ 33.053222, 52.106863 ], [ 33.047129, 52.103384 ], [ 33.041207, 52.099378 ], [ 33.039576, 52.097375 ], [ 33.034859, 52.095529 ], [ 33.022156, 52.094949 ], [ 33.011513, 52.093684 ], [ 33.001986, 52.091312 ], [ 32.991772, 52.089941 ], [ 32.986107, 52.089308 ], [ 32.981987, 52.088202 ], [ 32.978897, 52.088254 ], [ 32.976494, 52.087253 ], [ 32.964134, 52.085506 ], [ 32.952976, 52.084825 ], [ 32.935209, 52.08356 ], [ 32.920361, 52.084561 ] ] } },
{ "type": "Feature", "properties": { "tessellate": -1, "extrude": 0, "visibility": -1 }, "geometry": { "type": "LineString", "coordinates": [ [ 31.015177, 51.866675 ], [ 31.017923, 51.869377 ], [ 31.026249, 51.873614 ], [ 31.031055, 51.877904 ], [ 31.042042, 51.884417 ], [ 31.05938, 51.878751 ], [ 31.067104, 51.880975 ] ] } },
{ "type": "Feature", "properties": { "tessellate": -1, "extrude": 0, "visibility": -1 }, "geometry": { "type": "LineString", "coordinates": [ [ 30.927629, 51.835349 ], [ 30.93956, 51.838849 ], [ 30.944538, 51.841454 ], [ 30.952177, 51.848449 ], [ 30.957069, 51.848343 ], [ 30.974579, 51.852106 ], [ 30.987711, 51.848237 ] ] } },
{ "type": "Feature", "properties": { "tessellate": -1, "extrude": 0, "visibility": -1 }, "geometry": { "type": "LineString", "coordinates": [ [ 30.855961, 51.811585 ], [ 30.844717, 51.806334 ], [ 30.838795, 51.801294 ], [ 30.83931, 51.800286 ], [ 30.835276, 51.795406 ], [ 30.834675, 51.792169 ], [ 30.822573, 51.785369 ], [ 30.820856, 51.781224 ], [ 30.807724, 51.777456 ], [ 30.807209, 51.776129 ], [ 30.808325, 51.77443 ], [ 30.798883, 51.770449 ], [ 30.79339, 51.766945 ], [ 30.780945, 51.765294 ], [ 30.778627, 51.764445 ], [ 30.776138, 51.764763 ], [ 30.773048, 51.768692 ], [ 30.769615, 51.768578 ], [ 30.767555, 51.768843 ], [ 30.753136, 51.763216 ], [ 30.752621, 51.762207 ], [ 30.738459, 51.753764 ], [ 30.731249, 51.754348 ], [ 30.72567, 51.75626 ] ] } },
{ "type": "Feature", "properties": { "tessellate": -1, "extrude": 0, "visibility": -1 }, "geometry": { "type": "LineString", "coordinates": [ [ 31.423817, 51.66906 ], [ 31.442528, 51.665444 ], [ 31.467762, 51.672367 ], [ 31.488018, 51.680559 ], [ 31.500034, 51.688537 ], [ 31.503468, 51.693961 ], [ 31.515827, 51.689069 ], [ 31.543465, 51.673737 ], [ 31.551876, 51.679695 ], [ 31.567497, 51.671928 ], [ 31.581402, 51.670545 ], [ 31.592216, 51.663203 ], [ 31.601486, 51.659158 ] ] } },
{ "type": "Feature", "properties": { "tessellate": -1, "extrude": 0, "visibility": -1 }, "geometry": { "type": "LineString", "coordinates": [ [ 31.115856, 51.65969 ], [ 31.121349, 51.6582 ], [ 31.149673, 51.654259 ], [ 31.187096, 51.661816 ], [ 31.208382, 51.66533 ], [ 31.208038, 51.671502 ], [ 31.22263, 51.683954 ], [ 31.229496, 51.688421 ], [ 31.256104, 51.688528 ], [ 31.284256, 51.671294 ], [ 31.302795, 51.672891 ], [ 31.315498, 51.67321 ], [ 31.342621, 51.662888 ], [ 31.352577, 51.662463 ], [ 31.364079, 51.659057 ] ] } },
{ "type": "Feature", "properties": { "tessellate": -1, "extrude": 0, "visibility": -1 }, "geometry": { "type": "LineString", "coordinates": [ [ 30.995775, 51.618394 ], [ 31.000839, 51.626025 ], [ 31.005301, 51.628475 ], [ 31.00204, 51.636038 ], [ 30.995689, 51.650735 ], [ 30.993973, 51.654675 ], [ 31.041183, 51.658517 ], [ 31.052856, 51.661755 ], [ 31.060495, 51.660904 ], [ 31.065989, 51.658935 ], [ 31.071482, 51.658615 ], [ 31.080751, 51.662128 ] ] } },
{ "type": "Feature", "properties": { "tessellate": -1, "extrude": 0, "visibility": -1 }, "geometry": { "type": "LineString", "coordinates": [ [ 30.947285, 51.532447 ], [ 30.958271, 51.538698 ], [ 30.959215, 51.549261 ], [ 30.957842, 51.556196 ], [ 30.961361, 51.56318 ], [ 30.966682, 51.582499 ], [ 30.966167, 51.589748 ], [ 30.975437, 51.608469 ], [ 30.976725, 51.615287 ], [ 30.97887, 51.618696 ] ] } },
{ "type": "Feature", "properties": { "tessellate": -1, "extrude": 0, "visibility": -1 }, "geometry": { "type": "LineString", "coordinates": [ [ 31.099463, 51.772286 ], [ 31.076889, 51.771738 ], [ 31.049423, 51.772976 ], [ 31.046162, 51.777382 ], [ 31.03981, 51.784653 ], [ 31.036634, 51.792718 ] ] } },
{ "type": "Feature", "properties": { "tessellate": -1, "extrude": 0, "visibility": -1 }, "geometry": { "type": "LineString", "coordinates": [ [ 31.145725, 51.77669 ], [ 31.113667, 51.776488 ] ] } },
{ "type": "Feature", "properties": { "tessellate": -1, "extrude": 0, "visibility": -1 }, "geometry": { "type": "LineString", "coordinates": [ [ 30.958529, 51.977263 ], [ 30.953293, 51.977686 ], [ 30.950632, 51.975731 ], [ 30.948315, 51.967381 ], [ 30.941963, 51.962148 ], [ 30.929947, 51.957285 ] ] } },
{ "type": "Feature", "properties": { "tessellate": -1, "extrude": 0, "visibility": -1 }, "geometry": { "type": "LineString", "coordinates": [ [ 31.086245, 51.978054 ], [ 31.070108, 51.978635 ], [ 31.038694, 51.979587 ], [ 31.011829, 51.978737 ], [ 30.982132, 51.979746 ], [ 30.9793, 51.978742 ], [ 30.963249, 51.979429 ], [ 30.961275, 51.978214 ] ] } },
{ "type": "Feature", "properties": { "tessellate": -1, "extrude": 0, "visibility": -1 }, "geometry": { "type": "LineString", "coordinates": [ [ 31.101952, 51.978265 ], [ 31.141605, 51.977149 ], [ 31.156712, 51.976627 ], [ 31.178598, 51.973245 ], [ 31.181345, 51.971079 ], [ 31.183577, 51.970603 ], [ 31.188726, 51.972558 ], [ 31.219797, 51.972083 ], [ 31.234303, 51.971819 ], [ 31.245975, 51.980225 ], [ 31.255503, 51.987203 ], [ 31.264772, 51.989105 ], [ 31.293526, 51.991007 ], [ 31.306486, 51.995609 ], [ 31.313438, 51.998409 ], [ 31.319618, 52.003954 ], [ 31.326914, 52.006858 ], [ 31.338844, 52.00992 ], [ 31.353264, 52.014672 ], [ 31.36322, 52.018051 ], [ 31.365795, 52.018051 ], [ 31.37249, 52.021852 ], [ 31.375666, 52.024502 ], [ 31.389999, 52.027829 ], [ 31.406479, 52.029465 ], [ 31.415405, 52.030893 ], [ 31.430683, 52.032318 ], [ 31.448107, 52.033479 ], [ 31.470852, 52.033689 ], [ 31.475058, 52.032951 ], [ 31.480808, 52.033848 ], [ 31.492481, 52.034529 ], [ 31.503124, 52.037062 ], [ 31.513767, 52.036218 ], [ 31.525955, 52.038012 ], [ 31.538486, 52.044771 ], [ 31.551876, 52.049519 ], [ 31.563549, 52.04646 ], [ 31.57402, 52.045826 ], [ 31.588526, 52.046942 ], [ 31.593161, 52.04652 ], [ 31.60183, 52.044779 ], [ 31.610413, 52.04251 ], [ 31.612301, 52.039608 ], [ 31.615133, 52.037867 ], [ 31.624231, 52.038339 ], [ 31.63187, 52.040186 ], [ 31.639423, 52.040767 ], [ 31.654015, 52.041822 ], [ 31.668177, 52.040713 ], [ 31.673069, 52.036545 ], [ 31.686802, 52.027406 ], [ 31.711006, 52.027298 ], [ 31.717358, 52.023076 ], [ 31.72946, 52.018853 ], [ 31.739502, 52.016266 ], [ 31.747484, 52.01607 ], [ 31.750574, 52.015542 ], [ 31.754694, 52.013588 ], [ 31.756325, 52.011001 ] ] } },
{ "type": "Feature", "properties": { "tessellate": -1, "extrude": 0, "visibility": -1 }, "geometry": { "type": "LineString", "coordinates": [ [ 31.863613, 51.952123 ], [ 31.853399, 51.952017 ], [ 31.845846, 51.952972 ], [ 31.836319, 51.953289 ], [ 31.823959, 51.952391 ], [ 31.815033, 51.95477 ], [ 31.81572, 51.959633 ], [ 31.807308, 51.969729 ], [ 31.800613, 51.97999 ], [ 31.792288, 51.986338 ], [ 31.779842, 51.993733 ], [ 31.756067, 52.001619 ], [ 31.758127, 52.006689 ], [ 31.75684, 52.00785 ] ] } },
{ "type": "Feature", "properties": { "tessellate": -1, "extrude": 0, "visibility": -1 }, "geometry": { "type": "LineString", "coordinates": [ [ 31.986936, 51.929952 ], [ 31.977768, 51.929534 ], [ 31.965151, 51.934032 ], [ 31.953907, 51.933821 ], [ 31.949701, 51.932657 ], [ 31.94026, 51.936046 ], [ 31.932964, 51.936733 ], [ 31.925154, 51.937632 ], [ 31.921806, 51.936945 ], [ 31.918716, 51.939072 ], [ 31.912966, 51.941584 ], [ 31.907172, 51.942985 ], [ 31.904554, 51.943858 ], [ 31.902881, 51.945312 ], [ 31.899576, 51.946528 ], [ 31.896615, 51.946766 ] ] } },
{ "type": "Feature", "properties": { "tessellate": -1, "extrude": 0, "visibility": -1 }, "geometry": { "type": "LineString", "coordinates": [ [ 34.926567, 50.791956 ], [ 34.927254, 50.786533 ], [ 34.932919, 50.78534 ], [ 34.937553, 50.788052 ], [ 34.975491, 50.794125 ], [ 34.979954, 50.79698 ] ] } },
{ "type": "Feature", "properties": { "tessellate": -1, "extrude": 0, "visibility": -1 }, "geometry": { "type": "LineString", "coordinates": [ [ 34.732161, 50.860358 ], [ 34.731989, 50.856947 ], [ 34.733448, 50.853421 ], [ 34.732847, 50.850118 ], [ 34.75894, 50.847247 ], [ 34.763145, 50.844756 ], [ 34.78426, 50.853208 ], [ 34.789238, 50.852341 ], [ 34.79928, 50.853371 ], [ 34.804087, 50.859111 ], [ 34.816446, 50.866041 ] ] } },
{ "type": "Feature", "properties": { "tessellate": -1, "extrude": 0, "visibility": -1 }, "geometry": { "type": "LineString", "coordinates": [ [ 34.924636, 50.858574 ], [ 34.915195, 50.85148 ], [ 34.916224, 50.848257 ] ] } },
{ "type": "Feature", "properties": { "tessellate": -1, "extrude": 0, "visibility": -1 }, "geometry": { "type": "LineString", "coordinates": [ [ 34.893093, 50.85685 ], [ 34.896097, 50.857554 ], [ 34.903307, 50.868924 ], [ 34.90056, 50.870115 ], [ 34.901247, 50.870981 ], [ 34.90365, 50.870602 ], [ 34.906054, 50.874342 ], [ 34.907942, 50.875208 ], [ 34.911375, 50.87326 ], [ 34.914904, 50.873609 ] ] } },
{ "type": "Feature", "properties": { "tessellate": -1, "extrude": 0, "visibility": -1 }, "geometry": { "type": "LineString", "coordinates": [ [ 34.910259, 50.901667 ], [ 34.905453, 50.900748 ], [ 34.884682, 50.900605 ], [ 34.884682, 50.900064 ], [ 34.882879, 50.90001 ], [ 34.882793, 50.900605 ], [ 34.868031, 50.900443 ], [ 34.866228, 50.900064 ] ] } },
{ "type": "Feature", "properties": { "tessellate": -1, "extrude": 0, "visibility": -1 }, "geometry": { "type": "LineString", "coordinates": [ [ 35.028191, 50.838714 ], [ 35.027332, 50.844131 ], [ 35.028276, 50.848735 ], [ 35.030508, 50.851931 ], [ 35.022955, 50.858158 ], [ 35.017204, 50.861191 ], [ 35.008278, 50.861082 ], [ 35.00596, 50.861624 ], [ 35.000553, 50.86092 ], [ 34.996777, 50.861624 ], [ 34.996605, 50.86748 ], [ 34.996176, 50.871486 ], [ 34.99609, 50.872894 ], [ 34.993601, 50.875222 ], [ 34.997721, 50.876412 ], [ 35.001154, 50.881074 ], [ 35.005789, 50.883185 ], [ 35.006132, 50.887352 ], [ 35.00124, 50.889463 ], [ 34.993343, 50.889571 ], [ 34.992485, 50.892777 ], [ 34.991198, 50.894671 ], [ 34.988966, 50.895483 ], [ 34.986734, 50.89835 ], [ 34.984417, 50.901597 ], [ 34.983644, 50.90376 ], [ 34.979525, 50.905708 ], [ 34.97798, 50.907169 ], [ 34.973001, 50.911009 ], [ 34.970169, 50.912199 ], [ 34.972229, 50.916425 ], [ 34.974117, 50.918858 ], [ 34.965277, 50.924163 ], [ 34.958239, 50.925461 ], [ 34.951286, 50.925298 ], [ 34.94798, 50.92496 ] ] } },
{ "type": "Feature", "properties": { "tessellate": -1, "extrude": 0, "visibility": -1 }, "geometry": { "type": "LineString", "coordinates": [ [ 34.9561, 50.914552 ], [ 34.957475, 50.912549 ], [ 34.959177, 50.911208 ], [ 34.959144, 50.908916 ] ] } },
{ "type": "Feature", "properties": { "tessellate": -1, "extrude": 0, "visibility": -1 }, "geometry": { "type": "LineString", "coordinates": [ [ 34.994888, 50.927245 ], [ 34.985962, 50.920377 ], [ 34.983387, 50.919945 ], [ 34.980297, 50.918647 ], [ 34.974117, 50.918858 ] ] } },
{ "type": "Feature", "properties": { "tessellate": -1, "extrude": 0, "visibility": -1 }, "geometry": { "type": "LineString", "coordinates": [ [ 34.955149, 50.960302 ], [ 34.950514, 50.956466 ], [ 34.957466, 50.95371 ], [ 34.964501, 50.951958 ] ] } },
{ "type": "Feature", "properties": { "tessellate": -1, "extrude": 0, "visibility": -1 }, "geometry": { "type": "LineString", "coordinates": [ [ 34.834385, 50.956605 ], [ 34.821339, 50.960388 ], [ 34.798164, 50.961468 ], [ 34.785805, 50.963305 ], [ 34.780655, 50.966223 ], [ 34.791083, 50.968997 ], [ 34.800911, 50.969132 ], [ 34.80573, 50.970639 ] ] } },
{ "type": "Feature", "properties": { "tessellate": -1, "extrude": 0, "visibility": -1 }, "geometry": { "type": "LineString", "coordinates": [ [ 34.733791, 50.953781 ], [ 34.738855, 50.955618 ], [ 34.739971, 50.955186 ], [ 34.747181, 50.958374 ], [ 34.760056, 50.962105 ], [ 34.761171, 50.961294 ], [ 34.780655, 50.966223 ] ] } },
{ "type": "Feature", "properties": { "tessellate": -1, "extrude": 0, "visibility": -1 }, "geometry": { "type": "LineString", "coordinates": [ [ 34.697485, 50.970815 ], [ 34.692499, 50.962807 ], [ 34.691648, 50.958327 ], [ 34.690361, 50.948857 ], [ 34.699717, 50.943831 ], [ 34.698, 50.929928 ], [ 34.699202, 50.926305 ], [ 34.698, 50.921763 ], [ 34.697657, 50.918788 ] ] } },
{ "type": "Feature", "properties": { "tessellate": -1, "extrude": 0, "visibility": -1 }, "geometry": { "type": "LineString", "coordinates": [ [ 34.659376, 50.972165 ], [ 34.6562, 50.969351 ], [ 34.65414, 50.965894 ], [ 34.653111, 50.961572 ], [ 34.65414, 50.954871 ], [ 34.656887, 50.950872 ], [ 34.65354, 50.947522 ] ] } },
{ "type": "Feature", "properties": { "tessellate": -1, "extrude": 0, "visibility": -1 }, "geometry": { "type": "LineString", "coordinates": [ [ 34.63603, 50.950597 ], [ 34.631224, 50.952596 ], [ 34.632854, 50.953623 ], [ 34.633627, 50.955947 ], [ 34.635687, 50.963889 ], [ 34.639034, 50.972973 ], [ 34.637575, 50.975079 ], [ 34.641266, 50.978698 ], [ 34.639287, 50.979539 ], [ 34.625006, 50.988028 ], [ 34.613891, 50.992041 ], [ 34.603539, 50.983687 ], [ 34.597516, 50.979819 ], [ 34.58976, 50.970541 ], [ 34.583884, 50.96788 ], [ 34.575402, 50.96602 ], [ 34.573146, 50.963566 ], [ 34.555918, 50.959561 ], [ 34.53612, 50.95749 ] ] } },
{ "type": "Feature", "properties": { "tessellate": -1, "extrude": 0, "visibility": -1 }, "geometry": { "type": "LineString", "coordinates": [ [ 34.894381, 50.957073 ], [ 34.89481, 50.954155 ], [ 34.893866, 50.952156 ], [ 34.8985, 50.950098 ], [ 34.900389, 50.947233 ], [ 34.908285, 50.944098 ], [ 34.912491, 50.940639 ], [ 34.916353, 50.935171 ], [ 34.918327, 50.928629 ], [ 34.923391, 50.924195 ] ] } },
{ "type": "Feature", "properties": { "tessellate": -1, "extrude": 0, "visibility": -1 }, "geometry": { "type": "LineString", "coordinates": [ [ 34.928713, 50.96578 ], [ 34.926138, 50.963781 ], [ 34.915667, 50.960431 ], [ 34.906054, 50.958594 ], [ 34.89893, 50.959297 ], [ 34.894037, 50.964321 ] ] } },
{ "type": "Feature", "properties": { "tessellate": -1, "extrude": 0, "visibility": -1 }, "geometry": { "type": "LineString", "coordinates": [ [ 30.096316, 51.277356 ], [ 30.097647, 51.277356 ], [ 30.106015, 51.278134 ], [ 30.113268, 51.280337 ], [ 30.117559, 51.280927 ], [ 30.126572, 51.28082 ], [ 30.136013, 51.281463 ], [ 30.142021, 51.28431 ], [ 30.155926, 51.291933 ], [ 30.160131, 51.293166 ], [ 30.174208, 51.294507 ], [ 30.180559, 51.3003 ] ] } },
{ "type": "Feature", "properties": { "tessellate": -1, "extrude": 0, "visibility": -1 }, "geometry": { "type": "LineString", "coordinates": [ [ 30.003147, 51.430835 ], [ 30.002804, 51.429712 ], [ 30.003233, 51.428428 ], [ 30.004864, 51.426877 ] ] } },
{ "type": "Feature", "properties": { "tessellate": -1, "extrude": 0, "visibility": -1 }, "geometry": { "type": "LineString", "coordinates": [ [ 29.982462, 51.442099 ], [ 29.9683, 51.436987 ], [ 29.952679, 51.43688 ], [ 29.946499, 51.437843 ], [ 29.936886, 51.435695 ], [ 29.930577, 51.43485 ], [ 29.921107, 51.4347 ], [ 29.917294, 51.433454 ] ] } },
{ "type": "Feature", "properties": { "tessellate": -1, "extrude": 0, "visibility": -1 }, "geometry": { "type": "LineString", "coordinates": [ [ 29.383364, 51.359122 ], [ 29.392548, 51.359658 ], [ 29.394865, 51.358747 ], [ 29.427738, 51.360726 ], [ 29.457092, 51.362976 ], [ 29.47855, 51.364162 ], [ 29.485245, 51.366197 ], [ 29.491253, 51.366197 ], [ 29.506016, 51.365769 ], [ 29.542923, 51.367804 ], [ 29.625835, 51.372843 ], [ 29.672527, 51.374985 ], [ 29.703083, 51.37627 ], [ 29.719219, 51.377459 ], [ 29.720678, 51.379708 ], [ 29.726086, 51.383563 ], [ 29.733381, 51.390797 ], [ 29.739389, 51.395293 ], [ 29.740591, 51.397381 ], [ 29.748917, 51.402465 ], [ 29.751577, 51.405034 ], [ 29.758787, 51.408891 ], [ 29.762993, 51.405948 ], [ 29.767456, 51.405574 ], [ 29.769258, 51.407714 ], [ 29.786682, 51.415744 ], [ 29.787111, 51.422164 ], [ 29.790716, 51.423875 ], [ 29.795694, 51.427139 ], [ 29.799643, 51.427674 ], [ 29.81595, 51.427674 ], [ 29.819899, 51.427995 ], [ 29.825478, 51.427835 ], [ 29.828825, 51.429546 ], [ 29.830627, 51.4296 ], [ 29.838352, 51.427781 ], [ 29.841528, 51.427888 ], [ 29.846678, 51.42778 ], [ 29.850626, 51.428101 ], [ 29.856977, 51.426817 ], [ 29.863329, 51.42655 ], [ 29.875946, 51.426443 ], [ 29.881268, 51.426742 ], [ 29.8841, 51.426314 ], [ 29.892468, 51.425699 ], [ 29.894228, 51.423346 ] ] } },
{ "type": "Feature", "properties": { "tessellate": -1, "extrude": 0, "visibility": -1 }, "geometry": { "type": "LineString", "coordinates": [ [ 29.234018, 51.350335 ], [ 29.246206, 51.351462 ], [ 29.246035, 51.35248 ], [ 29.250584, 51.352534 ], [ 29.25127, 51.351141 ], [ 29.271097, 51.352592 ], [ 29.271784, 51.36277 ], [ 29.296675, 51.362502 ], [ 29.305344, 51.362663 ], [ 29.313841, 51.361748 ], [ 29.323626, 51.355587 ], [ 29.360962, 51.357783 ] ] } },
{ "type": "Feature", "properties": { "tessellate": -1, "extrude": 0, "visibility": -1 }, "geometry": { "type": "LineString", "coordinates": [ [ 29.141235, 51.345299 ], [ 29.149218, 51.345407 ], [ 29.156857, 51.345729 ], [ 29.170504, 51.346425 ], [ 29.220285, 51.349478 ] ] } },
{ "type": "Feature", "properties": { "tessellate": -1, "extrude": 0, "visibility": -1 }, "geometry": { "type": "LineString", "coordinates": [ [ 29.092827, 51.341775 ], [ 29.096346, 51.342365 ], [ 29.099522, 51.342901 ], [ 29.104586, 51.342954 ] ] } },
{ "type": "Feature", "properties": { "tessellate": -1, "extrude": 0, "visibility": -1 }, "geometry": { "type": "LineString", "coordinates": [ [ 29.522748, 51.468304 ], [ 29.514079, 51.457454 ], [ 29.508157, 51.446379 ], [ 29.505668, 51.444775 ], [ 29.496484, 51.440123 ], [ 29.4976, 51.434722 ], [ 29.500518, 51.419414 ], [ 29.457517, 51.406674 ], [ 29.452796, 51.430006 ], [ 29.454685, 51.430113 ], [ 29.464469, 51.434285 ], [ 29.465328, 51.435568 ], [ 29.479833, 51.438353 ], [ 29.485841, 51.437658 ], [ 29.489704, 51.436962 ], [ 29.4976, 51.434722 ] ] } },
{ "type": "Feature", "properties": { "tessellate": -1, "extrude": 0, "visibility": -1 }, "geometry": { "type": "LineString", "coordinates": [ [ 29.31633, 51.454544 ], [ 29.318132, 51.453689 ], [ 29.320107, 51.45155 ], [ 29.319506, 51.448984 ], [ 29.319763, 51.448022 ], [ 29.324398, 51.446525 ], [ 29.331779, 51.439997 ], [ 29.344826, 51.437002 ], [ 29.385252, 51.431866 ], [ 29.39126, 51.427266 ], [ 29.393749, 51.427534 ], [ 29.419842, 51.428883 ], [ 29.452796, 51.430006 ] ] } },
{ "type": "Feature", "properties": { "tessellate": -1, "extrude": 0, "visibility": -1 }, "geometry": { "type": "LineString", "coordinates": [ [ 30.675201, 51.25389 ], [ 30.674429, 51.243527 ], [ 30.669794, 51.206436 ], [ 30.636749, 51.202115 ], [ 30.631771, 51.202975 ] ] } },
{ "type": "Feature", "properties": { "tessellate": -1, "extrude": 0, "visibility": -1 }, "geometry": { "type": "LineString", "coordinates": [ [ 30.686016, 51.293851 ], [ 30.690136, 51.288486 ], [ 30.690994, 51.280867 ], [ 30.687218, 51.265807 ], [ 30.685329, 51.264573 ] ] } },
{ "type": "Feature", "properties": { "tessellate": -1, "extrude": 0, "visibility": -1 }, "geometry": { "type": "LineString", "coordinates": [ [ 30.696917, 51.319629 ], [ 30.690136, 51.317806 ], [ 30.688848, 51.310396 ], [ 30.687475, 51.304899 ], [ 30.683613, 51.297903 ] ] } },
{ "type": "Feature", "properties": { "tessellate": -1, "extrude": 0, "visibility": -1 }, "geometry": { "type": "LineString", "coordinates": [ [ 30.70183, 51.320732 ], [ 30.70329, 51.321242 ], [ 30.721893, 51.347463 ], [ 30.730991, 51.356463 ], [ 30.762405, 51.400081 ], [ 30.779743, 51.424479 ], [ 30.747299, 51.476261 ], [ 30.711594, 51.508872 ], [ 30.705414, 51.515065 ], [ 30.706444, 51.518801 ], [ 30.676231, 51.511328 ] ] } },
{ "type": "Feature", "properties": { "tessellate": -1, "extrude": 0, "visibility": -1 }, "geometry": { "type": "LineString", "coordinates": [ [ 30.704304, 51.518272 ], [ 30.70447, 51.521083 ], [ 30.709877, 51.520603 ], [ 30.709705, 51.519055 ], [ 30.706444, 51.518801 ] ] } },
{ "type": "Feature", "properties": { "tessellate": -1, "extrude": 0, "visibility": -1 }, "geometry": { "type": "LineString", "coordinates": [ [ 30.909348, 51.566562 ], [ 30.882397, 51.568114 ], [ 30.862312, 51.545587 ], [ 30.841713, 51.54708 ], [ 30.828495, 51.527329 ], [ 30.753307, 51.53171 ], [ 30.711079, 51.53075 ], [ 30.710135, 51.525058 ], [ 30.705628, 51.525218 ], [ 30.70447, 51.521083 ] ] } },
{ "type": "Feature", "properties": { "tessellate": -1, "extrude": 0, "visibility": -1 }, "geometry": { "type": "LineString", "coordinates": [ [ 36.386247, 48.359218 ], [ 36.390924, 48.359759 ], [ 36.390796, 48.361411 ], [ 36.394958, 48.361639 ], [ 36.395559, 48.360129 ], [ 36.397705, 48.360383 ], [ 36.404572, 48.360554 ], [ 36.413155, 48.360896 ] ] } },
{ "type": "Feature", "properties": { "tessellate": -1, "extrude": 0, "visibility": -1 }, "geometry": { "type": "LineString", "coordinates": [ [ 36.436758, 48.360085 ], [ 36.437316, 48.360618 ] ] } },
{ "type": "Feature", "properties": { "tessellate": -1, "extrude": 0, "visibility": -1 }, "geometry": { "type": "LineString", "coordinates": [ [ 37.459442, 48.687074 ], [ 37.463465, 48.686817 ], [ 37.46973, 48.685911 ], [ 37.474966, 48.685175 ], [ 37.477541, 48.684665 ], [ 37.479258, 48.683306 ], [ 37.482862, 48.683306 ], [ 37.487411, 48.683363 ], [ 37.489643, 48.681833 ], [ 37.495995, 48.681833 ] ] } },
{ "type": "Feature", "properties": { "tessellate": -1, "extrude": 0, "visibility": -1 }, "geometry": { "type": "LineString", "coordinates": [ [ 37.49652, 48.686912 ], [ 37.504406, 48.690231 ], [ 37.512217, 48.690684 ], [ 37.519083, 48.690458 ] ] } },
{ "type": "Feature", "properties": { "tessellate": -1, "extrude": 0, "visibility": -1 }, "geometry": { "type": "LineString", "coordinates": [ [ 37.479088, 48.689627 ], [ 37.477798, 48.696021 ], [ 37.473764, 48.695191 ], [ 37.473207, 48.69604 ] ] } },
{ "type": "Feature", "properties": { "tessellate": -1, "extrude": 0, "visibility": -1 }, "geometry": { "type": "LineString", "coordinates": [ [ 37.48136, 48.696011 ], [ 37.482305, 48.696039 ], [ 37.48239, 48.696549 ], [ 37.482691, 48.697511 ], [ 37.48179, 48.698984 ] ] } },
{ "type": "Feature", "properties": { "tessellate": -1, "extrude": 0, "visibility": -1 }, "geometry": { "type": "LineString", "coordinates": [ [ 37.490029, 48.697427 ], [ 37.489901, 48.699125 ], [ 37.4896, 48.700314 ] ] } },
{ "type": "Feature", "properties": { "tessellate": -1, "extrude": 0, "visibility": -1 }, "geometry": { "type": "LineString", "coordinates": [ [ 37.486553, 48.702071 ], [ 37.482862, 48.7096 ], [ 37.482734, 48.711157 ], [ 37.483292, 48.715212 ], [ 37.482862, 48.718381 ], [ 37.482605, 48.719626 ], [ 37.505779, 48.721781 ] ] } },
{ "type": "Feature", "properties": { "tessellate": -1, "extrude": 0, "visibility": -1 }, "geometry": { "type": "LineString", "coordinates": [ [ 37.469473, 48.727789 ], [ 37.472992, 48.72643 ], [ 37.475309, 48.724223 ], [ 37.482605, 48.719626 ] ] } },
{ "type": "Feature", "properties": { "tessellate": -1, "extrude": 0, "visibility": -1 }, "geometry": { "type": "LineString", "coordinates": [ [ 37.619076, 48.795903 ], [ 37.623711, 48.793643 ], [ 37.616243, 48.783866 ], [ 37.610149, 48.776858 ], [ 37.608347, 48.776858 ], [ 37.599077, 48.775331 ], [ 37.598734, 48.773861 ], [ 37.602253, 48.768434 ] ] } },
{ "type": "Feature", "properties": { "tessellate": -1, "extrude": 0, "visibility": -1 }, "geometry": { "type": "LineString", "coordinates": [ [ 37.622681, 48.781435 ], [ 37.616243, 48.783866 ], [ 37.610836, 48.789067 ], [ 37.601309, 48.794662 ], [ 37.609978, 48.799861 ], [ 37.613497, 48.804495 ], [ 37.593927, 48.813986 ] ] } },
{ "type": "Feature", "properties": { "tessellate": -1, "extrude": 0, "visibility": -1 }, "geometry": { "type": "LineString", "coordinates": [ [ 37.642851, 48.806304 ], [ 37.641048, 48.804553 ], [ 37.637014, 48.80427 ], [ 37.634525, 48.803423 ], [ 37.632551, 48.800142 ], [ 37.62929, 48.798503 ], [ 37.627058, 48.797316 ], [ 37.623711, 48.793643 ], [ 37.63607, 48.787313 ], [ 37.639418, 48.788099 ] ] } },
{ "type": "Feature", "properties": { "tessellate": -1, "extrude": 0, "visibility": -1 }, "geometry": { "type": "LineString", "coordinates": [ [ 37.62958, 48.798651 ], [ 37.626371, 48.801387 ], [ 37.620964, 48.802065 ], [ 37.613497, 48.804495 ] ] } },
{ "type": "Feature", "properties": { "tessellate": -1, "extrude": 0, "visibility": -1 }, "geometry": { "type": "LineString", "coordinates": [ [ 37.654438, 48.815286 ], [ 37.65255, 48.813592 ], [ 37.647228, 48.812066 ], [ 37.644138, 48.81184 ], [ 37.642508, 48.811897 ] ] } },
{ "type": "Feature", "properties": { "tessellate": -1, "extrude": 0, "visibility": -1 }, "geometry": { "type": "LineString", "coordinates": [ [ 37.633839, 48.81523 ], [ 37.640448, 48.816868 ], [ 37.643623, 48.820539 ], [ 37.645168, 48.822911 ], [ 37.647657, 48.825227 ] ] } },
{ "type": "Feature", "properties": { "tessellate": -1, "extrude": 0, "visibility": -1 }, "geometry": { "type": "LineString", "coordinates": [ [ 37.665124, 48.826047 ], [ 37.659459, 48.828843 ], [ 37.66036, 48.83209 ] ] } },
{ "type": "Feature", "properties": { "tessellate": -1, "extrude": 0, "visibility": -1 }, "geometry": { "type": "LineString", "coordinates": [ [ 37.660747, 48.833417 ], [ 37.66242, 48.834095 ], [ 37.663794, 48.835788 ], [ 37.665982, 48.836833 ], [ 37.666669, 48.838837 ] ] } },
{ "type": "Feature", "properties": { "tessellate": -1, "extrude": 0, "visibility": -1 }, "geometry": { "type": "LineString", "coordinates": [ [ 37.66551, 48.840721 ], [ 37.664032, 48.84367 ], [ 37.650146, 48.843154 ] ] } },
{ "type": "Feature", "properties": { "tessellate": -1, "extrude": 0, "visibility": -1 }, "geometry": { "type": "LineString", "coordinates": [ [ 37.672377, 48.850063 ], [ 37.673106, 48.845858 ], [ 37.665339, 48.845322 ], [ 37.664032, 48.84367 ], [ 37.675369, 48.844077 ], [ 37.678255, 48.838515 ], [ 37.685263, 48.830374 ], [ 37.686912, 48.825625 ] ] } },
{ "type": "Feature", "properties": { "tessellate": -1, "extrude": 0, "visibility": -1 }, "geometry": { "type": "LineString", "coordinates": [ [ 37.557321, 48.655345 ], [ 37.559853, 48.656082 ], [ 37.565818, 48.659992 ], [ 37.565389, 48.660502 ], [ 37.565101, 48.665009 ] ] } },
{ "type": "Feature", "properties": { "tessellate": -1, "extrude": 0, "visibility": -1 }, "geometry": { "type": "LineString", "coordinates": [ [ 37.671604, 48.891637 ], [ 37.663794, 48.892312 ], [ 37.654266, 48.894794 ], [ 37.652764, 48.896298 ] ] } },
{ "type": "Feature", "properties": { "tessellate": -1, "extrude": 0, "visibility": -1 }, "geometry": { "type": "LineString", "coordinates": [ [ 37.386195, 48.940611 ], [ 37.399006, 48.940771 ], [ 37.414799, 48.938968 ], [ 37.427759, 48.941954 ], [ 37.429819, 48.945616 ], [ 37.431021, 48.948602 ], [ 37.433167, 48.950236 ], [ 37.431192, 48.952437 ], [ 37.431879, 48.954184 ], [ 37.4263, 48.959088 ], [ 37.421579, 48.96044 ], [ 37.422781, 48.968782 ], [ 37.419691, 48.971316 ], [ 37.420807, 48.978303 ], [ 37.420807, 48.980837 ], [ 37.420335, 48.982817 ], [ 37.429991, 48.987996 ] ] } },
{ "type": "Feature", "properties": { "tessellate": -1, "extrude": 0, "visibility": -1 }, "geometry": { "type": "LineString", "coordinates": [ [ 37.211938, 49.127941 ], [ 37.206144, 49.125962 ], [ 37.198763, 49.125849 ], [ 37.171726, 49.129891 ], [ 37.172499, 49.133932 ], [ 37.1731, 49.137693 ], [ 37.171984, 49.139383 ] ] } },
{ "type": "Feature", "properties": { "tessellate": -1, "extrude": 0, "visibility": -1 }, "geometry": { "type": "LineString", "coordinates": [ [ 37.45338, 49.427365 ], [ 37.455758, 49.428156 ], [ 37.458326, 49.425013 ], [ 37.456803, 49.424815 ], [ 37.456803, 49.424391 ], [ 37.458413, 49.424221 ], [ 37.458283, 49.423938 ], [ 37.457151, 49.423768 ], [ 37.453122, 49.423838 ], [ 37.452435, 49.423113 ] ] } },
{ "type": "Feature", "properties": { "tessellate": -1, "extrude": 0, "visibility": -1 }, "geometry": { "type": "LineString", "coordinates": [ [ 36.667557, 49.880593 ], [ 36.629791, 49.876729 ], [ 36.628246, 49.874076 ], [ 36.624985, 49.872638 ], [ 36.626873, 49.867331 ], [ 36.622753, 49.864345 ], [ 36.622238, 49.861912 ] ] } },
{ "type": "Feature", "properties": { "tessellate": -1, "extrude": 0, "visibility": -1 }, "geometry": { "type": "LineString", "coordinates": [ [ 35.934906, 50.169181 ], [ 35.937653, 50.172148 ], [ 35.95293, 50.177973 ], [ 36.005287, 50.176215 ], [ 36.031895, 50.178742 ], [ 36.040306, 50.177284 ] ] } },
{ "type": "Feature", "properties": { "tessellate": -1, "extrude": 0, "visibility": -1 }, "geometry": { "type": "LineString", "coordinates": [ [ 34.538726, 46.272671 ], [ 34.539639, 46.275265 ], [ 34.538624, 46.27807 ] ] } },
{ "type": "Feature", "properties": { "tessellate": -1, "extrude": 0, "visibility": -1 }, "geometry": { "type": "LineString", "coordinates": [ [ 34.603613, 46.244925 ], [ 34.605392, 46.248862 ], [ 34.608357, 46.251404 ] ] } },
{ "type": "Feature", "properties": { "tessellate": -1, "extrude": 0, "visibility": -1 }, "geometry": { "type": "LineString", "coordinates": [ [ 34.605036, 46.222118 ], [ 34.602189, 46.22499 ], [ 34.602427, 46.227616 ] ] } },
{ "type": "Feature", "properties": { "tessellate": -1, "extrude": 0, "visibility": -1 }, "geometry": { "type": "LineString", "coordinates": [ [ 37.002128, 47.955675 ], [ 37.009231, 47.956354 ], [ 37.01701, 47.955901 ] ] } },
{ "type": "Feature", "properties": { "tessellate": -1, "extrude": 0, "visibility": -1 }, "geometry": { "type": "LineString", "coordinates": [ [ 36.933458, 47.977986 ], [ 36.934955, 47.979507 ] ] } },
{ "type": "Feature", "properties": { "tessellate": -1, "extrude": 0, "visibility": -1 }, "geometry": { "type": "LineString", "coordinates": [ [ 37.027066, 47.990203 ], [ 37.029162, 47.99002 ] ] } },
{ "type": "Feature", "properties": { "tessellate": -1, "extrude": 0, "visibility": -1 }, "geometry": { "type": "LineString", "coordinates": [ [ 37.73875, 48.583173 ], [ 37.739206, 48.584401 ], [ 37.742411, 48.589262 ] ] } },
{ "type": "Feature", "properties": { "tessellate": -1, "extrude": 0, "visibility": -1 }, "geometry": { "type": "LineString", "coordinates": [ [ 37.978725, 50.050682 ], [ 37.975257, 50.056016 ], [ 37.969773, 50.057259 ], [ 37.968724, 50.05876 ], [ 37.96945, 50.060521 ], [ 37.966065, 50.063703 ], [ 37.961598, 50.065783 ], [ 37.953452, 50.068988 ] ] } },
{ "type": "Feature", "properties": { "tessellate": -1, "extrude": 0, "visibility": -1 }, "geometry": { "type": "LineString", "coordinates": [ [ 37.94986, 50.071349 ], [ 37.948371, 50.072193 ], [ 37.945043, 50.072249 ] ] } },
{ "type": "Feature", "properties": { "tessellate": -1, "extrude": 0, "visibility": -1 }, "geometry": { "type": "LineString", "coordinates": [ [ 37.962444, 50.048364 ], [ 37.952758, 50.05596 ], [ 37.948025, 50.058097 ], [ 37.944402, 50.06123 ], [ 37.939301, 50.06346 ] ] } },
{ "type": "Feature", "properties": { "tessellate": -1, "extrude": 0, "visibility": -1 }, "geometry": { "type": "LineString", "coordinates": [ [ 37.93967, 50.066023 ], [ 37.932572, 50.06683 ], [ 37.931463, 50.066356 ], [ 37.924735, 50.070152 ], [ 37.919263, 50.066973 ], [ 37.917267, 50.067115 ], [ 37.916675, 50.071719 ], [ 37.913939, 50.075325 ], [ 37.903999, 50.074467 ], [ 37.900632, 50.076381 ], [ 37.899093, 50.076566 ], [ 37.898035, 50.077492 ], [ 37.891111, 50.075763 ], [ 37.884859, 50.075887 ], [ 37.885244, 50.081133 ] ] } },
{ "type": "Feature", "properties": { "tessellate": -1, "extrude": 0, "visibility": -1 }, "geometry": { "type": "LineString", "coordinates": [ [ 37.930544, 50.071257 ], [ 37.928525, 50.072862 ], [ 37.926793, 50.075702 ], [ 37.924581, 50.076628 ] ] } },
{ "type": "Feature", "properties": { "tessellate": -1, "extrude": 0, "visibility": -1 }, "geometry": { "type": "LineString", "coordinates": [ [ 37.884955, 50.082615 ], [ 37.865955, 50.106739 ], [ 37.865466, 50.107943 ], [ 37.842869, 50.108623 ], [ 37.842706, 50.112285 ], [ 37.832709, 50.119844 ], [ 37.828597, 50.121521 ], [ 37.813085, 50.12236 ], [ 37.81458, 50.127033 ], [ 37.813272, 50.129969 ] ] } },
{ "type": "Feature", "properties": { "tessellate": -1, "extrude": 0, "visibility": -1 }, "geometry": { "type": "LineString", "coordinates": [ [ 37.821121, 50.087584 ], [ 37.818469, 50.088222 ], [ 37.817972, 50.090349 ] ] } },
{ "type": "Feature", "properties": { "tessellate": -1, "extrude": 0, "visibility": -1 }, "geometry": { "type": "LineString", "coordinates": [ [ 37.888578, 50.064609 ], [ 37.89471, 50.065566 ] ] } },
{ "type": "Feature", "properties": { "tessellate": -1, "extrude": 0, "visibility": -1 }, "geometry": { "type": "LineString", "coordinates": [ [ 37.742892, 50.114268 ], [ 37.741732, 50.114906 ], [ 37.741732, 50.109591 ], [ 37.748693, 50.109485 ], [ 37.756317, 50.10704 ], [ 37.762118, 50.109166 ], [ 37.779189, 50.10991 ], [ 37.784493, 50.107891 ], [ 37.79626, 50.10534 ], [ 37.798746, 50.102469 ], [ 37.807862, 50.102363 ], [ 37.821121, 50.099599 ], [ 37.828911, 50.096622 ] ] } },
{ "type": "Feature", "properties": { "tessellate": -1, "extrude": 0, "visibility": -1 }, "geometry": { "type": "LineString", "coordinates": [ [ 37.728638, 50.12192 ], [ 37.730793, 50.119369 ], [ 37.741732, 50.114906 ] ] } },
{ "type": "Feature", "properties": { "tessellate": -1, "extrude": 0, "visibility": -1 }, "geometry": { "type": "LineString", "coordinates": [ [ 37.81377, 50.133447 ], [ 37.817868, 50.135079 ], [ 37.816428, 50.1409 ], [ 37.817646, 50.145513 ], [ 37.81521, 50.148068 ], [ 37.806129, 50.150339 ], [ 37.804689, 50.151332 ], [ 37.805464, 50.15339 ], [ 37.804468, 50.154809 ], [ 37.786911, 50.169652 ], [ 37.779532, 50.172849 ], [ 37.777579, 50.174517 ], [ 37.770418, 50.192304 ], [ 37.770552, 50.198232 ], [ 37.7753, 50.199056 ], [ 37.777393, 50.200705 ], [ 37.777473, 50.201683 ], [ 37.771398, 50.205233 ], [ 37.763404, 50.213838 ], [ 37.758558, 50.220193 ], [ 37.758147, 50.229025 ], [ 37.752295, 50.229288 ], [ 37.74747, 50.229748 ], [ 37.74634, 50.230733 ], [ 37.74285, 50.230864 ], [ 37.739051, 50.234345 ], [ 37.737717, 50.236512 ], [ 37.728169, 50.233294 ], [ 37.719032, 50.235133 ], [ 37.715644, 50.23684 ], [ 37.713488, 50.239795 ], [ 37.707352, 50.244657 ], [ 37.705978, 50.250268 ], [ 37.709774, 50.259793 ], [ 37.709247, 50.261868 ], [ 37.711002, 50.264841 ], [ 37.711528, 50.266916 ], [ 37.712757, 50.268542 ], [ 37.71302, 50.27 ], [ 37.713634, 50.271289 ], [ 37.713371, 50.272018 ], [ 37.713785, 50.27413 ], [ 37.71643, 50.276866 ], [ 37.717585, 50.27871 ], [ 37.719797, 50.279048 ], [ 37.721048, 50.280093 ], [ 37.723886, 50.282552 ], [ 37.718306, 50.284765 ], [ 37.71619, 50.281876 ], [ 37.716575, 50.280401 ], [ 37.718932, 50.280616 ], [ 37.721048, 50.280093 ] ] } },
{ "type": "Feature", "properties": { "tessellate": -1, "extrude": 0, "visibility": -1 }, "geometry": { "type": "LineString", "coordinates": [ [ 37.659072, 50.344787 ], [ 37.671213, 50.344191 ], [ 37.682421, 50.340168 ], [ 37.705691, 50.327471 ], [ 37.708186, 50.322401 ], [ 37.719701, 50.311809 ], [ 37.719701, 50.308641 ], [ 37.71925, 50.304104 ], [ 37.713162, 50.295319 ], [ 37.713049, 50.291213 ], [ 37.71518, 50.286179 ], [ 37.718306, 50.284765 ] ] } },
{ "type": "Feature", "properties": { "tessellate": -1, "extrude": 0, "visibility": -1 }, "geometry": { "type": "LineString", "coordinates": [ [ 37.657287, 50.344931 ], [ 37.64673, 50.346482 ], [ 37.640112, 50.346054 ], [ 37.631147, 50.345894 ], [ 37.621513, 50.347712 ], [ 37.613553, 50.350545 ], [ 37.611459, 50.352095 ], [ 37.609848, 50.355851 ], [ 37.610413, 50.356716 ] ] } },
{ "type": "Feature", "properties": { "tessellate": -1, "extrude": 0, "visibility": -1 }, "geometry": { "type": "LineString", "coordinates": [ [ 37.611297, 50.358629 ], [ 37.61145, 50.36183 ], [ 37.606811, 50.363625 ], [ 37.605062, 50.366924 ], [ 37.604606, 50.368573 ], [ 37.609396, 50.371677 ], [ 37.61662, 50.374199 ], [ 37.621791, 50.372647 ], [ 37.622019, 50.373665 ], [ 37.61951, 50.376284 ], [ 37.611069, 50.378272 ], [ 37.599233, 50.381524 ], [ 37.593499, 50.382621 ], [ 37.591493, 50.383901 ], [ 37.577587, 50.389385 ], [ 37.579738, 50.390847 ], [ 37.573287, 50.396148 ], [ 37.575659, 50.401509 ], [ 37.552207, 50.404779 ], [ 37.553428, 50.413031 ], [ 37.548542, 50.413965 ] ] } },
{ "type": "Feature", "properties": { "tessellate": -1, "extrude": 0, "visibility": -1 }, "geometry": { "type": "LineString", "coordinates": [ [ 37.722748, 50.143503 ], [ 37.720027, 50.138891 ], [ 37.703439, 50.145191 ], [ 37.687096, 50.151687 ], [ 37.680441, 50.157633 ], [ 37.680091, 50.163242 ], [ 37.665557, 50.173786 ] ] } },
{ "type": "Feature", "properties": { "tessellate": -1, "extrude": 0, "visibility": -1 }, "geometry": { "type": "LineString", "coordinates": [ [ 37.680673, 50.180835 ], [ 37.678869, 50.181728 ] ] } },
{ "type": "Feature", "properties": { "tessellate": -1, "extrude": 0, "visibility": -1 }, "geometry": { "type": "LineString", "coordinates": [ [ 37.678951, 50.184038 ], [ 37.682641, 50.185089 ] ] } },
{ "type": "Feature", "properties": { "tessellate": -1, "extrude": 0, "visibility": -1 }, "geometry": { "type": "LineString", "coordinates": [ [ 37.664355, 50.180835 ], [ 37.662715, 50.182568 ] ] } },
{ "type": "Feature", "properties": { "tessellate": -1, "extrude": 0, "visibility": -1 }, "geometry": { "type": "LineString", "coordinates": [ [ 37.635199, 50.195471 ], [ 37.634904, 50.195829 ], [ 37.635964, 50.196545 ] ] } },
{ "type": "Feature", "properties": { "tessellate": -1, "extrude": 0, "visibility": -1 }, "geometry": { "type": "LineString", "coordinates": [ [ 37.6377, 50.195546 ], [ 37.638142, 50.195734 ], [ 37.637524, 50.196337 ] ] } },
{ "type": "Feature", "properties": { "tessellate": -1, "extrude": 0, "visibility": -1 }, "geometry": { "type": "LineString", "coordinates": [ [ 37.645363, 50.255641 ], [ 37.650295, 50.257863 ], [ 37.651103, 50.263135 ], [ 37.655145, 50.265615 ], [ 37.658379, 50.266391 ], [ 37.6604, 50.269233 ], [ 37.659915, 50.272178 ], [ 37.660643, 50.274658 ], [ 37.654206, 50.278387 ], [ 37.654098, 50.279841 ], [ 37.656157, 50.282474 ], [ 37.658651, 50.283305 ], [ 37.659844, 50.2876 ], [ 37.658217, 50.289748 ], [ 37.651712, 50.29238 ], [ 37.647918, 50.293211 ], [ 37.647861, 50.298244 ], [ 37.645372, 50.301631 ], [ 37.644221, 50.310272 ], [ 37.641635, 50.316973 ], [ 37.634183, 50.320178 ], [ 37.624602, 50.323868 ] ] } },
{ "type": "Feature", "properties": { "tessellate": -1, "extrude": 0, "visibility": -1 }, "geometry": { "type": "LineString", "coordinates": [ [ 37.596923, 50.322799 ], [ 37.601181, 50.323285 ], [ 37.619887, 50.328916 ] ] } },
{ "type": "Feature", "properties": { "tessellate": -1, "extrude": 0, "visibility": -1 }, "geometry": { "type": "LineString", "coordinates": [ [ 37.526527, 50.359541 ], [ 37.525089, 50.359617 ], [ 37.523772, 50.370468 ], [ 37.510833, 50.374441 ], [ 37.507732, 50.37988 ], [ 37.497606, 50.37988 ], [ 37.492797, 50.382024 ], [ 37.490541, 50.386338 ], [ 37.490402, 50.390421 ], [ 37.474679, 50.390573 ] ] } },
{ "type": "Feature", "properties": { "tessellate": -1, "extrude": 0, "visibility": -1 }, "geometry": { "type": "LineString", "coordinates": [ [ 37.539124, 50.34602 ], [ 37.542269, 50.346728 ] ] } },
{ "type": "Feature", "properties": { "tessellate": -1, "extrude": 0, "visibility": -1 }, "geometry": { "type": "LineString", "coordinates": [ [ 37.490961, 50.391439 ], [ 37.490402, 50.390421 ] ] } },
{ "type": "Feature", "properties": { "tessellate": -1, "extrude": 0, "visibility": -1 }, "geometry": { "type": "LineString", "coordinates": [ [ 35.330881, 50.256395 ], [ 35.324764, 50.255015 ] ] } },
{ "type": "Feature", "properties": { "tessellate": -1, "extrude": 0, "visibility": -1 }, "geometry": { "type": "LineString", "coordinates": [ [ 35.914347, 50.123487 ], [ 35.909236, 50.132007 ], [ 35.8939, 50.131516 ] ] } },
{ "type": "Feature", "properties": { "tessellate": -1, "extrude": 0, "visibility": -1 }, "geometry": { "type": "LineString", "coordinates": [ [ 36.044127, 50.160779 ], [ 36.023326, 50.163858 ] ] } },
{ "type": "Feature", "properties": { "tessellate": -1, "extrude": 0, "visibility": -1 }, "geometry": { "type": "LineString", "coordinates": [ [ 36.205886, 50.160785 ], [ 36.202448, 50.161795 ], [ 36.197294, 50.159792 ] ] } },
{ "type": "Feature", "properties": { "tessellate": -1, "extrude": 0, "visibility": -1 }, "geometry": { "type": "LineString", "coordinates": [ [ 36.2193, 50.169774 ], [ 36.213832, 50.167897 ], [ 36.202448, 50.161795 ] ] } },
{ "type": "Feature", "properties": { "tessellate": -1, "extrude": 0, "visibility": -1 }, "geometry": { "type": "LineString", "coordinates": [ [ 36.223131, 50.170171 ], [ 36.237164, 50.161434 ], [ 36.243467, 50.159475 ] ] } },
{ "type": "Feature", "properties": { "tessellate": -1, "extrude": 0, "visibility": -1 }, "geometry": { "type": "LineString", "coordinates": [ [ 36.281923, 50.158109 ], [ 36.292188, 50.157717 ], [ 36.294998, 50.157013 ] ] } },
{ "type": "Feature", "properties": { "tessellate": -1, "extrude": 0, "visibility": -1 }, "geometry": { "type": "LineString", "coordinates": [ [ 37.499581, 50.410008 ], [ 37.500997, 50.415809 ], [ 37.500794, 50.422512 ], [ 37.501806, 50.427925 ], [ 37.502008, 50.433595 ], [ 37.506256, 50.437718 ], [ 37.509291, 50.44854 ], [ 37.511719, 50.453048 ], [ 37.509291, 50.457685 ], [ 37.496546, 50.466056 ], [ 37.489466, 50.474554 ], [ 37.486229, 50.475584 ], [ 37.481981, 50.47391 ], [ 37.47045, 50.461549 ], [ 37.459728, 50.455496 ], [ 37.42999, 50.446994 ], [ 37.408344, 50.440295 ] ] } },
{ "type": "Feature", "properties": { "tessellate": -1, "extrude": 0, "visibility": -1 }, "geometry": { "type": "LineString", "coordinates": [ [ 37.398027, 50.438491 ], [ 37.392362, 50.438233 ], [ 37.372335, 50.448669 ], [ 37.366064, 50.448926 ], [ 37.353723, 50.450215 ], [ 37.341181, 50.447509 ], [ 37.323191, 50.441322 ], [ 37.316527, 50.441769 ], [ 37.310564, 50.437078 ], [ 37.30425, 50.433503 ], [ 37.29478, 50.423336 ], [ 37.288817, 50.417079 ], [ 37.285134, 50.41082 ], [ 37.278294, 50.407914 ] ] } },
{ "type": "Feature", "properties": { "tessellate": -1, "extrude": 0, "visibility": -1 }, "geometry": { "type": "LineString", "coordinates": [ [ 37.264965, 50.404114 ], [ 37.261984, 50.401431 ], [ 37.260581, 50.397295 ], [ 37.226557, 50.387008 ], [ 37.216736, 50.38343 ], [ 37.213579, 50.38343 ], [ 37.197444, 50.377838 ], [ 37.186921, 50.371574 ], [ 37.17938, 50.374706 ], [ 37.16991, 50.372245 ], [ 37.165022, 50.368652 ], [ 37.15745, 50.366208 ], [ 37.151935, 50.361557 ], [ 37.138381, 50.365134 ], [ 37.129127, 50.363524 ], [ 37.114222, 50.361829 ], [ 37.10507, 50.358617 ], [ 37.102096, 50.358909 ], [ 37.091571, 50.354968 ], [ 37.083105, 50.353946 ], [ 37.075097, 50.349712 ] ] } },
{ "type": "Feature", "properties": { "tessellate": -1, "extrude": 0, "visibility": -1 }, "geometry": { "type": "LineString", "coordinates": [ [ 37.065716, 50.351902 ], [ 37.053132, 50.350588 ], [ 37.051073, 50.360077 ], [ 37.002472, 50.353945 ], [ 36.992322, 50.354416 ], [ 36.968331, 50.352061 ], [ 36.943049, 50.353356 ], [ 36.930869, 50.356771 ], [ 36.920166, 50.35524 ] ] } },
{ "type": "Feature", "properties": { "tessellate": -1, "extrude": 0, "visibility": -1 }, "geometry": { "type": "LineString", "coordinates": [ [ 36.919428, 50.352532 ], [ 36.894699, 50.346998 ], [ 36.886395, 50.3437 ], [ 36.870339, 50.339931 ], [ 36.866095, 50.338165 ], [ 36.863327, 50.33522 ] ] } },
{ "type": "Feature", "properties": { "tessellate": -1, "extrude": 0, "visibility": -1 }, "geometry": { "type": "LineString", "coordinates": [ [ 36.853731, 50.334513 ], [ 36.847456, 50.334513 ], [ 36.83989, 50.328623 ], [ 36.830294, 50.319197 ] ] } },
{ "type": "Feature", "properties": { "tessellate": -1, "extrude": 0, "visibility": -1 }, "geometry": { "type": "LineString", "coordinates": [ [ 36.763299, 50.302398 ], [ 36.760564, 50.306358 ], [ 36.76731, 50.309385 ], [ 36.768768, 50.313694 ], [ 36.79557, 50.314043 ], [ 36.79867, 50.316255 ], [ 36.803228, 50.315906 ], [ 36.809063, 50.317652 ], [ 36.816356, 50.315556 ], [ 36.821278, 50.317768 ] ] } },
{ "type": "Feature", "properties": { "tessellate": -1, "extrude": 0, "visibility": -1 }, "geometry": { "type": "LineString", "coordinates": [ [ 36.200219, 50.399105 ], [ 36.199422, 50.400049 ], [ 36.196725, 50.400606 ], [ 36.194143, 50.401937 ] ] } },
{ "type": "Feature", "properties": { "tessellate": -1, "extrude": 0, "visibility": -1 }, "geometry": { "type": "LineString", "coordinates": [ [ 35.675035, 50.367573 ], [ 35.66053, 50.367419 ], [ 35.652794, 50.36711 ], [ 35.64119, 50.365568 ], [ 35.635388, 50.372045 ] ] } },
{ "type": "Feature", "properties": { "tessellate": -1, "extrude": 0, "visibility": -1 }, "geometry": { "type": "LineString", "coordinates": [ [ 35.609038, 50.382374 ], [ 35.605411, 50.385303 ], [ 35.604203, 50.39378 ], [ 35.590906, 50.396554 ], [ 35.588489, 50.404721 ], [ 35.589939, 50.419356 ], [ 35.594774, 50.423515 ], [ 35.597434, 50.429059 ], [ 35.60251, 50.430291 ] ] } },
{ "type": "Feature", "properties": { "tessellate": -1, "extrude": 0, "visibility": -1 }, "geometry": { "type": "LineString", "coordinates": [ [ 35.465707, 50.541483 ], [ 35.463148, 50.540772 ] ] } },
{ "type": "Feature", "properties": { "tessellate": -1, "extrude": 0, "visibility": -1 }, "geometry": { "type": "LineString", "coordinates": [ [ 35.455149, 50.544635 ], [ 35.45355, 50.547278 ] ] } },
{ "type": "Feature", "properties": { "tessellate": -1, "extrude": 0, "visibility": -1 }, "geometry": { "type": "LineString", "coordinates": [ [ 35.442422, 50.577366 ], [ 35.441261, 50.578438 ], [ 35.446855, 50.580248 ], [ 35.446855, 50.582392 ], [ 35.4458, 50.58313 ], [ 35.4439, 50.582593 ], [ 35.442211, 50.580918 ], [ 35.440523, 50.580784 ], [ 35.439362, 50.581856 ], [ 35.440312, 50.582795 ], [ 35.440628, 50.5838 ], [ 35.442317, 50.583599 ], [ 35.442422, 50.584738 ], [ 35.440523, 50.587888 ], [ 35.444006, 50.589295 ], [ 35.446644, 50.588759 ], [ 35.448755, 50.589295 ], [ 35.447489, 50.590635 ], [ 35.450444, 50.591104 ], [ 35.45741, 50.591841 ], [ 35.456565, 50.594722 ], [ 35.451394, 50.599881 ], [ 35.444798, 50.603922 ], [ 35.443452, 50.606486 ] ] } },
{ "type": "Feature", "properties": { "tessellate": -1, "extrude": 0, "visibility": -1 }, "geometry": { "type": "LineString", "coordinates": [ [ 35.424557, 50.630146 ], [ 35.422238, 50.628069 ], [ 35.417463, 50.626251 ], [ 35.415894, 50.62517 ], [ 35.408869, 50.626901 ], [ 35.408528, 50.628588 ], [ 35.411188, 50.628415 ], [ 35.411597, 50.628848 ], [ 35.409414, 50.629886 ], [ 35.412416, 50.632049 ], [ 35.414667, 50.63166 ], [ 35.415963, 50.632439 ], [ 35.411665, 50.63378 ], [ 35.411461, 50.634689 ], [ 35.413848, 50.637457 ] ] } },
{ "type": "Feature", "properties": { "tessellate": -1, "extrude": 0, "visibility": -1 }, "geometry": { "type": "LineString", "coordinates": [ [ 35.500879, 50.649776 ], [ 35.500005, 50.651576 ], [ 35.490397, 50.654484 ], [ 35.472491, 50.652269 ], [ 35.458297, 50.654068 ], [ 35.446506, 50.656837 ], [ 35.427945, 50.651715 ] ] } },
{ "type": "Feature", "properties": { "tessellate": -1, "extrude": 0, "visibility": -1 }, "geometry": { "type": "LineString", "coordinates": [ [ 35.535599, 50.658083 ], [ 35.534289, 50.659883 ], [ 35.528611, 50.661821 ], [ 35.526864, 50.665143 ], [ 35.528174, 50.66625 ], [ 35.525772, 50.668188 ], [ 35.520095, 50.669018 ], [ 35.516383, 50.668326 ], [ 35.515946, 50.664866 ], [ 35.512452, 50.663759 ], [ 35.511579, 50.666527 ], [ 35.505683, 50.665973 ], [ 35.504809, 50.664451 ], [ 35.506993, 50.663759 ], [ 35.507648, 50.661405 ], [ 35.503717, 50.661405 ], [ 35.499569, 50.656422 ], [ 35.500005, 50.651576 ] ] } },
{ "type": "Feature", "properties": { "tessellate": -1, "extrude": 0, "visibility": -1 }, "geometry": { "type": "LineString", "coordinates": [ [ 35.504995, 50.681817 ], [ 35.506385, 50.681993 ], [ 35.505551, 50.685252 ], [ 35.506802, 50.68534 ], [ 35.508193, 50.682874 ], [ 35.513336, 50.682345 ], [ 35.511807, 50.681024 ], [ 35.512234, 50.679258 ], [ 35.508958, 50.676629 ], [ 35.513107, 50.674969 ], [ 35.530795, 50.671094 ], [ 35.53276, 50.673723 ], [ 35.534725, 50.673308 ], [ 35.53276, 50.670402 ], [ 35.530576, 50.669572 ], [ 35.534289, 50.659883 ] ] } },
{ "type": "Feature", "properties": { "tessellate": -1, "extrude": 0, "visibility": -1 }, "geometry": { "type": "LineString", "coordinates": [ [ 35.487347, 50.777406 ], [ 35.476039, 50.783646 ], [ 35.479123, 50.784469 ], [ 35.482138, 50.784859 ] ] } },
{ "type": "Feature", "properties": { "tessellate": -1, "extrude": 0, "visibility": -1 }, "geometry": { "type": "LineString", "coordinates": [ [ 35.488854, 50.781826 ], [ 35.487347, 50.780786 ] ] } },
{ "type": "Feature", "properties": { "tessellate": -1, "extrude": 0, "visibility": -1 }, "geometry": { "type": "LineString", "coordinates": [ [ 35.485359, 50.784166 ], [ 35.48625, 50.784166 ] ] } },
{ "type": "Feature", "properties": { "tessellate": -1, "extrude": 0, "visibility": -1 }, "geometry": { "type": "LineString", "coordinates": [ [ 35.452274, 50.793981 ], [ 35.45255, 50.794678 ], [ 35.454411, 50.794809 ], [ 35.457238, 50.795942 ], [ 35.459237, 50.795244 ], [ 35.461167, 50.795506 ], [ 35.461512, 50.794373 ], [ 35.460478, 50.792412 ], [ 35.460961, 50.792281 ], [ 35.462339, 50.79276 ], [ 35.463236, 50.792848 ], [ 35.465166, 50.793806 ], [ 35.465856, 50.79507 ], [ 35.467096, 50.796029 ], [ 35.472819, 50.794678 ] ] } },
{ "type": "Feature", "properties": { "tessellate": -1, "extrude": 0, "visibility": -1 }, "geometry": { "type": "LineString", "coordinates": [ [ 35.447862, 50.796203 ], [ 35.450895, 50.795419 ], [ 35.45255, 50.794678 ] ] } },
{ "type": "Feature", "properties": { "tessellate": -1, "extrude": 0, "visibility": -1 }, "geometry": { "type": "LineString", "coordinates": [ [ 35.446276, 50.793414 ], [ 35.445724, 50.794242 ], [ 35.442415, 50.796639 ] ] } },
{ "type": "Feature", "properties": { "tessellate": -1, "extrude": 0, "visibility": -1 }, "geometry": { "type": "LineString", "coordinates": [ [ 35.416317, 50.802243 ], [ 35.414651, 50.809266 ], [ 35.414465, 50.813478 ] ] } },
{ "type": "Feature", "properties": { "tessellate": -1, "extrude": 0, "visibility": -1 }, "geometry": { "type": "LineString", "coordinates": [ [ 35.416007, 50.814067 ], [ 35.416007, 50.815825 ] ] } },
{ "type": "Feature", "properties": { "tessellate": -1, "extrude": 0, "visibility": -1 }, "geometry": { "type": "LineString", "coordinates": [ [ 35.44332, 50.827061 ], [ 35.437756, 50.837177 ], [ 35.432951, 50.842341 ] ] } },
{ "type": "Feature", "properties": { "tessellate": -1, "extrude": 0, "visibility": -1 }, "geometry": { "type": "LineString", "coordinates": [ [ 35.357424, 50.972006 ], [ 35.356269, 50.970842 ], [ 35.355806, 50.967858 ], [ 35.35442, 50.965603 ], [ 35.35338, 50.963638 ], [ 35.351878, 50.961382 ], [ 35.352456, 50.959708 ], [ 35.353496, 50.959708 ], [ 35.353611, 50.958398 ], [ 35.35754, 50.955996 ], [ 35.361235, 50.951773 ], [ 35.360107, 50.951005 ], [ 35.360513, 50.947311 ], [ 35.359566, 50.946344 ], [ 35.356859, 50.946316 ], [ 35.351987, 50.949101 ], [ 35.348874, 50.949414 ], [ 35.347836, 50.947026 ], [ 35.34716, 50.947026 ], [ 35.346393, 50.94913 ], [ 35.345671, 50.949101 ], [ 35.345265, 50.948106 ], [ 35.344588, 50.948106 ], [ 35.344498, 50.949812 ], [ 35.343776, 50.949783 ], [ 35.342874, 50.948078 ], [ 35.341385, 50.947822 ], [ 35.340161, 50.948906 ], [ 35.337867, 50.949155 ], [ 35.337076, 50.948159 ], [ 35.339291, 50.947312 ], [ 35.33998, 50.945402 ], [ 35.340147, 50.943405 ], [ 35.344317, 50.942985 ], [ 35.346985, 50.941776 ], [ 35.351155, 50.94083 ], [ 35.352656, 50.943142 ], [ 35.354407, 50.943668 ], [ 35.367249, 50.944141 ], [ 35.375171, 50.942564 ], [ 35.374254, 50.940935 ], [ 35.370584, 50.94041 ], [ 35.36433, 50.939674 ], [ 35.36408, 50.936521 ], [ 35.37417, 50.935418 ], [ 35.375338, 50.936206 ], [ 35.377589, 50.936837 ], [ 35.377589, 50.935418 ], [ 35.375338, 50.932948 ], [ 35.374002, 50.931369 ], [ 35.36823, 50.926783 ], [ 35.369313, 50.925988 ], [ 35.374483, 50.92451 ], [ 35.387169, 50.924548 ], [ 35.389694, 50.925306 ], [ 35.3927, 50.925912 ], [ 35.393842, 50.925533 ], [ 35.395247, 50.923873 ], [ 35.394958, 50.920658 ], [ 35.401501, 50.920294 ], [ 35.403714, 50.91441 ], [ 35.406408, 50.909314 ], [ 35.407042, 50.905244 ], [ 35.407537, 50.903164 ], [ 35.409763, 50.900201 ], [ 35.409598, 50.898485 ], [ 35.414297, 50.896093 ], [ 35.41405, 50.893649 ], [ 35.412813, 50.893545 ], [ 35.410175, 50.893233 ], [ 35.401849, 50.899109 ], [ 35.398139, 50.898121 ], [ 35.398139, 50.895989 ], [ 35.396655, 50.895521 ], [ 35.398798, 50.893129 ], [ 35.400282, 50.890893 ], [ 35.40338, 50.889417 ], [ 35.400871, 50.885834 ], [ 35.402642, 50.883181 ], [ 35.404855, 50.882018 ], [ 35.403822, 50.878574 ], [ 35.407511, 50.876107 ], [ 35.405888, 50.875362 ], [ 35.40397, 50.874152 ], [ 35.40065, 50.872802 ] ] } },
{ "type": "Feature", "properties": { "tessellate": -1, "extrude": 0, "visibility": -1 }, "geometry": { "type": "LineString", "coordinates": [ [ 35.402442, 50.874571 ], [ 35.405692, 50.876455 ] ] } },
{ "type": "Feature", "properties": { "tessellate": -1, "extrude": 0, "visibility": -1 }, "geometry": { "type": "LineString", "coordinates": [ [ 35.352225, 50.974771 ], [ 35.349221, 50.979427 ], [ 35.349336, 50.982045 ], [ 35.347718, 50.982264 ], [ 35.343559, 50.98881 ], [ 35.344137, 50.991137 ], [ 35.341248, 50.994919 ], [ 35.339861, 50.995573 ], [ 35.338128, 50.996664 ], [ 35.336395, 50.997173 ], [ 35.335702, 50.997537 ] ] } },
{ "type": "Feature", "properties": { "tessellate": -1, "extrude": 0, "visibility": -1 }, "geometry": { "type": "LineString", "coordinates": [ [ 35.354947, 50.998204 ], [ 35.360758, 51.004697 ], [ 35.364434, 51.006786 ], [ 35.366569, 51.007458 ], [ 35.374849, 51.007991 ], [ 35.375906, 51.00914 ], [ 35.376387, 51.011197 ], [ 35.380521, 51.011983 ], [ 35.381098, 51.010592 ], [ 35.384367, 51.010955 ], [ 35.385521, 51.013738 ], [ 35.388693, 51.014101 ], [ 35.392251, 51.013738 ], [ 35.392635, 51.014161 ], [ 35.391517, 51.017149 ], [ 35.394696, 51.018029 ], [ 35.396794, 51.017949 ], [ 35.397684, 51.019148 ] ] } },
{ "type": "Feature", "properties": { "tessellate": -1, "extrude": 0, "visibility": -1 }, "geometry": { "type": "LineString", "coordinates": [ [ 35.33123, 51.010144 ], [ 35.334313, 51.008651 ], [ 35.337633, 51.007831 ], [ 35.348662, 51.006189 ], [ 35.358979, 51.005517 ], [ 35.364434, 51.006786 ] ] } },
{ "type": "Feature", "properties": { "tessellate": -1, "extrude": 0, "visibility": -1 }, "geometry": { "type": "LineString", "coordinates": [ [ 35.398256, 51.021428 ], [ 35.405122, 51.022428 ], [ 35.404677, 51.024467 ], [ 35.409371, 51.026438 ], [ 35.407983, 51.029416 ], [ 35.403821, 51.029416 ], [ 35.403413, 51.031212 ], [ 35.405045, 51.031469 ] ] } },
{ "type": "Feature", "properties": { "tessellate": -1, "extrude": 0, "visibility": -1 }, "geometry": { "type": "LineString", "coordinates": [ [ 35.410758, 51.036653 ], [ 35.409289, 51.041066 ], [ 35.408718, 51.045992 ], [ 35.405219, 51.049665 ], [ 35.395689, 51.055156 ], [ 35.390726, 51.053783 ], [ 35.387152, 51.053783 ], [ 35.375439, 51.067009 ], [ 35.373454, 51.06651 ], [ 35.365314, 51.066884 ], [ 35.359954, 51.066136 ], [ 35.350425, 51.062019 ], [ 35.343675, 51.065138 ], [ 35.338711, 51.068132 ], [ 35.329579, 51.071126 ], [ 35.326403, 51.073371 ], [ 35.32886, 51.07754 ], [ 35.328541, 51.081446 ], [ 35.321209, 51.082347 ] ] } },
{ "type": "Feature", "properties": { "tessellate": -1, "extrude": 0, "visibility": -1 }, "geometry": { "type": "LineString", "coordinates": [ [ 35.3236, 51.085952 ], [ 35.337149, 51.08435 ] ] } },
{ "type": "Feature", "properties": { "tessellate": -1, "extrude": 0, "visibility": -1 }, "geometry": { "type": "LineString", "coordinates": [ [ 35.304949, 51.080144 ], [ 35.299689, 51.079443 ], [ 35.293791, 51.079743 ], [ 35.292356, 51.079643 ] ] } },
{ "type": "Feature", "properties": { "tessellate": -1, "extrude": 0, "visibility": -1 }, "geometry": { "type": "LineString", "coordinates": [ [ 35.288827, 51.0769 ], [ 35.28801, 51.074334 ], [ 35.281313, 51.073 ], [ 35.276739, 51.074129 ], [ 35.274453, 51.073719 ], [ 35.268899, 51.070742 ], [ 35.267265, 51.068895 ], [ 35.260405, 51.066944 ], [ 35.255178, 51.067252 ], [ 35.249951, 51.06561 ], [ 35.248481, 51.064276 ], [ 35.242927, 51.063352 ], [ 35.242601, 51.061196 ], [ 35.239171, 51.060169 ], [ 35.236394, 51.058013 ], [ 35.231657, 51.056268 ], [ 35.228717, 51.055652 ] ] } },
{ "type": "Feature", "properties": { "tessellate": -1, "extrude": 0, "visibility": -1 }, "geometry": { "type": "LineString", "coordinates": [ [ 35.183407, 51.061945 ], [ 35.183225, 51.062575 ], [ 35.187594, 51.06246 ], [ 35.190234, 51.062231 ], [ 35.195332, 51.060687 ], [ 35.196697, 51.061431 ], [ 35.199428, 51.061202 ], [ 35.20134, 51.058227 ] ] } },
{ "type": "Feature", "properties": { "tessellate": -1, "extrude": 0, "visibility": -1 }, "geometry": { "type": "LineString", "coordinates": [ [ 35.180986, 51.097608 ], [ 35.177822, 51.099311 ], [ 35.174659, 51.089234 ], [ 35.180749, 51.087615 ], [ 35.179591, 51.086221 ], [ 35.180556, 51.084705 ], [ 35.171196, 51.078583 ], [ 35.169459, 51.077067 ], [ 35.17303, 51.07636 ], [ 35.174304, 51.074644 ], [ 35.177581, 51.072986 ], [ 35.18013, 51.073043 ], [ 35.183589, 51.068238 ], [ 35.182224, 51.064863 ], [ 35.183225, 51.062575 ] ] } },
{ "type": "Feature", "properties": { "tessellate": -1, "extrude": 0, "visibility": -1 }, "geometry": { "type": "LineString", "coordinates": [ [ 35.160874, 51.101865 ], [ 35.161778, 51.104135 ], [ 35.162908, 51.108392 ], [ 35.171947, 51.101865 ], [ 35.177822, 51.099311 ] ] } },
{ "type": "Feature", "properties": { "tessellate": -1, "extrude": 0, "visibility": -1 }, "geometry": { "type": "LineString", "coordinates": [ [ 35.16305, 51.165957 ], [ 35.156615, 51.167974 ], [ 35.149567, 51.169127 ], [ 35.148494, 51.171433 ], [ 35.143744, 51.176044 ] ] } },
{ "type": "Feature", "properties": { "tessellate": -1, "extrude": 0, "visibility": -1 }, "geometry": { "type": "LineString", "coordinates": [ [ 35.153704, 51.175564 ], [ 35.16305, 51.174315 ], [ 35.167646, 51.174027 ], [ 35.170098, 51.172874 ] ] } },
{ "type": "Feature", "properties": { "tessellate": -1, "extrude": 0, "visibility": -1 }, "geometry": { "type": "LineString", "coordinates": [ [ 35.142059, 51.180942 ], [ 35.138229, 51.183247 ] ] } },
{ "type": "Feature", "properties": { "tessellate": -1, "extrude": 0, "visibility": -1 }, "geometry": { "type": "LineString", "coordinates": [ [ 35.049514, 51.228848 ], [ 35.061043, 51.230405 ], [ 35.073024, 51.233237 ], [ 35.085005, 51.230972 ], [ 35.105803, 51.233237 ], [ 35.113037, 51.231396 ], [ 35.121853, 51.231255 ], [ 35.151241, 51.223752 ], [ 35.151015, 51.220637 ], [ 35.146041, 51.219221 ], [ 35.139712, 51.216814 ], [ 35.139712, 51.21384 ], [ 35.138129, 51.209734 ], [ 35.143555, 51.20676 ], [ 35.146041, 51.203219 ], [ 35.143102, 51.200811 ], [ 35.141746, 51.200669 ], [ 35.130895, 51.193728 ], [ 35.131181, 51.174411 ], [ 35.133326, 51.171433 ], [ 35.129342, 51.169896 ], [ 35.126148, 51.176866 ], [ 35.120497, 51.187069 ], [ 35.126826, 51.202652 ], [ 35.129765, 51.213132 ], [ 35.1266, 51.215964 ], [ 35.1266, 51.225875 ], [ 35.122079, 51.229273 ] ] } },
{ "type": "Feature", "properties": { "tessellate": -1, "extrude": 0, "visibility": -1 }, "geometry": { "type": "LineString", "coordinates": [ [ 35.038437, 51.20421 ], [ 35.055844, 51.210158 ], [ 35.06353, 51.215964 ], [ 35.06692, 51.226159 ], [ 35.070537, 51.228141 ], [ 35.07958, 51.227857 ], [ 35.094726, 51.229415 ], [ 35.099925, 51.230122 ], [ 35.107385, 51.229556 ] ] } },
{ "type": "Feature", "properties": { "tessellate": -1, "extrude": 0, "visibility": -1 }, "geometry": { "type": "LineString", "coordinates": [ [ 35.009794, 51.232129 ], [ 35.00701, 51.232763 ], [ 35.010554, 51.23609 ], [ 35.012325, 51.235774 ], [ 35.012831, 51.233238 ], [ 35.018652, 51.228167 ], [ 35.021183, 51.227692 ], [ 35.022701, 51.225473 ], [ 35.025485, 51.224522 ], [ 35.024726, 51.222778 ], [ 35.036367, 51.219767 ], [ 35.038898, 51.216438 ], [ 35.050793, 51.211999 ], [ 35.056866, 51.215011 ], [ 35.060663, 51.218182 ], [ 35.060156, 51.223254 ], [ 35.061043, 51.230405 ] ] } },
{ "type": "Feature", "properties": { "tessellate": -1, "extrude": 0, "visibility": -1 }, "geometry": { "type": "LineString", "coordinates": [ [ 34.982209, 51.234981 ], [ 34.984487, 51.234823 ], [ 34.986764, 51.231337 ], [ 34.99461, 51.229752 ], [ 35.00701, 51.232763 ] ] } },
{ "type": "Feature", "properties": { "tessellate": -1, "extrude": 0, "visibility": -1 }, "geometry": { "type": "LineString", "coordinates": [ [ 34.977401, 51.238626 ], [ 34.968543, 51.234189 ], [ 34.956648, 51.229752 ], [ 34.951587, 51.229435 ], [ 34.948297, 51.227216 ], [ 34.947031, 51.224522 ], [ 34.949815, 51.221986 ], [ 34.949056, 51.219608 ], [ 34.941717, 51.219608 ], [ 34.938174, 51.217072 ], [ 34.937668, 51.211682 ], [ 34.935643, 51.208987 ], [ 34.929569, 51.20867 ], [ 34.928051, 51.206609 ], [ 34.916409, 51.207243 ], [ 34.914132, 51.207718 ], [ 34.9072, 51.20636 ], [ 34.90287, 51.203319 ], [ 34.903019, 51.199109 ], [ 34.900257, 51.19649 ], [ 34.895554, 51.194619 ], [ 34.89212, 51.195367 ], [ 34.887417, 51.196443 ], [ 34.883983, 51.196864 ], [ 34.880773, 51.196022 ], [ 34.875158, 51.192851 ], [ 34.872956, 51.192736 ], [ 34.861947, 51.199405 ], [ 34.844516, 51.191356 ], [ 34.836993, 51.185146 ], [ 34.820479, 51.181696 ], [ 34.809287, 51.180315 ], [ 34.808553, 51.178015 ], [ 34.798644, 51.17698 ], [ 34.791305, 51.184341 ], [ 34.784333, 51.186296 ], [ 34.777629, 51.180123 ], [ 34.768901, 51.178888 ] ] } },
{ "type": "Feature", "properties": { "tessellate": -1, "extrude": 0, "visibility": -1 }, "geometry": { "type": "LineString", "coordinates": [ [ 34.730329, 51.184183 ], [ 34.731737, 51.182594 ], [ 34.736523, 51.1803 ], [ 34.751445, 51.180829 ] ] } },
{ "type": "Feature", "properties": { "tessellate": -1, "extrude": 0, "visibility": -1 }, "geometry": { "type": "LineString", "coordinates": [ [ 34.716814, 51.171728 ], [ 34.719912, 51.173946 ], [ 34.731737, 51.182594 ] ] } },
{ "type": "Feature", "properties": { "tessellate": -1, "extrude": 0, "visibility": -1 }, "geometry": { "type": "LineString", "coordinates": [ [ 34.66839, 51.229868 ], [ 34.665574, 51.228105 ], [ 34.667264, 51.212058 ], [ 34.669234, 51.198475 ], [ 34.691758, 51.181006 ], [ 34.695136, 51.181182 ], [ 34.703206, 51.178415 ], [ 34.707633, 51.176845 ], [ 34.711262, 51.174661 ], [ 34.719912, 51.173946 ] ] } },
{ "type": "Feature", "properties": { "tessellate": -1, "extrude": 0, "visibility": -1 }, "geometry": { "type": "LineString", "coordinates": [ [ 34.675991, 51.233746 ], [ 34.676273, 51.24115 ] ] } },
{ "type": "Feature", "properties": { "tessellate": -1, "extrude": 0, "visibility": -1 }, "geometry": { "type": "LineString", "coordinates": [ [ 34.663603, 51.246085 ], [ 34.665574, 51.228105 ] ] } },
{ "type": "Feature", "properties": { "tessellate": -1, "extrude": 0, "visibility": -1 }, "geometry": { "type": "LineString", "coordinates": [ [ 34.58815, 51.239211 ], [ 34.578859, 51.23498 ], [ 34.576043, 51.23639 ] ] } },
{ "type": "Feature", "properties": { "tessellate": -1, "extrude": 0, "visibility": -1 }, "geometry": { "type": "LineString", "coordinates": [ [ 34.504663, 51.243043 ], [ 34.513989, 51.24351 ], [ 34.522806, 51.252654 ], [ 34.523857, 51.252399 ], [ 34.529723, 51.251821 ], [ 34.530415, 51.252987 ], [ 34.543102, 51.252781 ], [ 34.550986, 51.248199 ] ] } },
{ "type": "Feature", "properties": { "tessellate": -1, "extrude": 0, "visibility": -1 }, "geometry": { "type": "LineString", "coordinates": [ [ 34.48911, 51.246819 ], [ 34.488874, 51.245194 ], [ 34.484154, 51.24512 ], [ 34.48203, 51.246523 ], [ 34.479433, 51.247927 ] ] } },
{ "type": "Feature", "properties": { "tessellate": -1, "extrude": 0, "visibility": -1 }, "geometry": { "type": "LineString", "coordinates": [ [ 34.465508, 51.253245 ], [ 34.451111, 51.260335 ], [ 34.445093, 51.262624 ], [ 34.441316, 51.263289 ], [ 34.43515, 51.264787 ], [ 34.431845, 51.26674 ], [ 34.427255, 51.268464 ], [ 34.423766, 51.268578 ], [ 34.417524, 51.26674 ], [ 34.414035, 51.2672 ], [ 34.405222, 51.270761 ], [ 34.396042, 51.273173 ] ] } },
{ "type": "Feature", "properties": { "tessellate": -1, "extrude": 0, "visibility": -1 }, "geometry": { "type": "LineString", "coordinates": [ [ 34.263974, 51.418707 ], [ 34.263334, 51.419785 ], [ 34.261927, 51.420223 ], [ 34.259815, 51.42525 ], [ 34.261415, 51.426726 ], [ 34.262118, 51.430954 ] ] } },
{ "type": "Feature", "properties": { "tessellate": -1, "extrude": 0, "visibility": -1 }, "geometry": { "type": "LineString", "coordinates": [ [ 34.258421, 51.434437 ], [ 34.257612, 51.435547 ] ] } },
{ "type": "Feature", "properties": { "tessellate": -1, "extrude": 0, "visibility": -1 }, "geometry": { "type": "LineString", "coordinates": [ [ 34.308403, 51.490734 ], [ 34.306914, 51.498978 ] ] } },
{ "type": "Feature", "properties": { "tessellate": -1, "extrude": 0, "visibility": -1 }, "geometry": { "type": "LineString", "coordinates": [ [ 34.308734, 51.515152 ], [ 34.308734, 51.519581 ], [ 34.304431, 51.523082 ], [ 34.296817, 51.524833 ], [ 34.295769, 51.532874 ], [ 34.286059, 51.533221 ], [ 34.285724, 51.535096 ] ] } },
{ "type": "Feature", "properties": { "tessellate": -1, "extrude": 0, "visibility": -1 }, "geometry": { "type": "LineString", "coordinates": [ [ 34.278916, 51.537873 ], [ 34.28684, 51.539817 ] ] } },
{ "type": "Feature", "properties": { "tessellate": -1, "extrude": 0, "visibility": -1 }, "geometry": { "type": "LineString", "coordinates": [ [ 34.279251, 51.534541 ], [ 34.259718, 51.533291 ], [ 34.258714, 51.548285 ], [ 34.256481, 51.548285 ], [ 34.251767, 51.553957 ], [ 34.258325, 51.559665 ], [ 34.260784, 51.557219 ], [ 34.260292, 51.550185 ] ] } },
{ "type": "Feature", "properties": { "tessellate": -1, "extrude": 0, "visibility": -1 }, "geometry": { "type": "LineString", "coordinates": [ [ 34.258817, 51.559869 ], [ 34.252587, 51.565271 ], [ 34.249963, 51.568838 ], [ 34.245701, 51.570163 ], [ 34.249552, 51.573976 ], [ 34.249552, 51.576367 ], [ 34.237905, 51.585156 ], [ 34.224178, 51.576367 ], [ 34.217003, 51.575139 ], [ 34.216171, 51.584316 ], [ 34.216795, 51.584768 ], [ 34.216748, 51.589356 ], [ 34.216748, 51.593179 ] ] } },
{ "type": "Feature", "properties": { "tessellate": -1, "extrude": 0, "visibility": -1 }, "geometry": { "type": "LineString", "coordinates": [ [ 34.1752, 51.632054 ], [ 34.179486, 51.625167 ], [ 34.182435, 51.597289 ], [ 34.211055, 51.600826 ], [ 34.212901, 51.590598 ], [ 34.216748, 51.589356 ] ] } },
{ "type": "Feature", "properties": { "tessellate": -1, "extrude": 0, "visibility": -1 }, "geometry": { "type": "LineString", "coordinates": [ [ 34.184552, 51.615614 ], [ 34.182602, 51.618418 ], [ 34.182705, 51.622622 ], [ 34.181987, 51.625362 ] ] } },
{ "type": "Feature", "properties": { "tessellate": -1, "extrude": 0, "visibility": -1 }, "geometry": { "type": "LineString", "coordinates": [ [ 34.13403, 51.648883 ], [ 34.131184, 51.648806 ], [ 34.131184, 51.647885 ], [ 34.130689, 51.644813 ], [ 34.142199, 51.645043 ], [ 34.151729, 51.644659 ], [ 34.158659, 51.645888 ] ] } },
{ "type": "Feature", "properties": { "tessellate": -1, "extrude": 0, "visibility": -1 }, "geometry": { "type": "LineString", "coordinates": [ [ 34.149253, 51.642662 ], [ 34.14455, 51.642662 ], [ 34.14158, 51.644045 ], [ 34.137248, 51.643507 ], [ 34.130318, 51.643354 ], [ 34.130689, 51.644813 ] ] } },
{ "type": "Feature", "properties": { "tessellate": -1, "extrude": 0, "visibility": -1 }, "geometry": { "type": "LineString", "coordinates": [ [ 34.109773, 51.652646 ], [ 34.112867, 51.649421 ], [ 34.131184, 51.648806 ] ] } },
{ "type": "Feature", "properties": { "tessellate": -1, "extrude": 0, "visibility": -1 }, "geometry": { "type": "LineString", "coordinates": [ [ 34.434745, 51.778443 ], [ 34.431366, 51.779075 ], [ 34.430345, 51.784422 ], [ 34.433331, 51.7852 ] ] } },
{ "type": "Feature", "properties": { "tessellate": -1, "extrude": 0, "visibility": -1 }, "geometry": { "type": "LineString", "coordinates": [ [ 34.3908, 51.860109 ], [ 34.38766, 51.85985 ], [ 34.383055, 51.860367 ], [ 34.375938, 51.859333 ] ] } },
{ "type": "Feature", "properties": { "tessellate": -1, "extrude": 0, "visibility": -1 }, "geometry": { "type": "LineString", "coordinates": [ [ 34.365471, 51.863599 ], [ 34.362331, 51.864246 ], [ 34.356469, 51.869675 ], [ 34.352283, 51.870192 ], [ 34.350608, 51.873164 ], [ 34.350817, 51.875232 ], [ 34.340141, 51.880272 ] ] } },
{ "type": "Feature", "properties": { "tessellate": -1, "extrude": 0, "visibility": -1 }, "geometry": { "type": "LineString", "coordinates": [ [ 34.345715, 51.88004 ], [ 34.344042, 51.881671 ] ] } },
{ "type": "Feature", "properties": { "tessellate": -1, "extrude": 0, "visibility": -1 }, "geometry": { "type": "LineString", "coordinates": [ [ 34.329335, 51.892379 ], [ 34.330128, 51.891455 ], [ 34.329951, 51.88977 ], [ 34.331361, 51.888412 ], [ 34.336733, 51.888466 ], [ 34.344042, 51.883737 ] ] } },
{ "type": "Feature", "properties": { "tessellate": -1, "extrude": 0, "visibility": -1 }, "geometry": { "type": "LineString", "coordinates": [ [ 34.194355, 51.978763 ], [ 34.194355, 51.977959 ], [ 34.196965, 51.97605 ], [ 34.212594, 51.966108 ], [ 34.219407, 51.958762 ], [ 34.23133, 51.956487 ], [ 34.234736, 51.949839 ], [ 34.247794, 51.933915 ], [ 34.248362, 51.929189 ], [ 34.250349, 51.926038 ], [ 34.253756, 51.920786 ], [ 34.26699, 51.909153 ], [ 34.270205, 51.897251 ], [ 34.271455, 51.893724 ], [ 34.2811, 51.891961 ], [ 34.289316, 51.893173 ], [ 34.289494, 51.896921 ], [ 34.293245, 51.900227 ], [ 34.301282, 51.900227 ], [ 34.306819, 51.898353 ], [ 34.312177, 51.895598 ], [ 34.324932, 51.890151 ], [ 34.326517, 51.888466 ], [ 34.331361, 51.888412 ] ] } },
{ "type": "Feature", "properties": { "tessellate": -1, "extrude": 0, "visibility": -1 }, "geometry": { "type": "LineString", "coordinates": [ [ 34.173473, 51.98238 ], [ 34.167273, 51.98228 ], [ 34.165642, 51.976351 ], [ 34.169231, 51.976351 ], [ 34.183588, 51.980069 ], [ 34.19044, 51.979265 ], [ 34.192071, 51.977959 ], [ 34.194355, 51.977959 ] ] } },
{ "type": "Feature", "properties": { "tessellate": -1, "extrude": 0, "visibility": -1 }, "geometry": { "type": "LineString", "coordinates": [ [ 34.168742, 51.986701 ], [ 34.167273, 51.98228 ] ] } },
{ "type": "Feature", "properties": { "tessellate": -1, "extrude": 0, "visibility": -1 }, "geometry": { "type": "LineString", "coordinates": [ [ 34.118814, 52.054636 ], [ 34.121254, 52.054841 ], [ 34.131049, 52.049279 ] ] } },
{ "type": "Feature", "properties": { "tessellate": -1, "extrude": 0, "visibility": -1 }, "geometry": { "type": "LineString", "coordinates": [ [ 34.118149, 52.059478 ], [ 34.117705, 52.058318 ], [ 34.119591, 52.057159 ], [ 34.121254, 52.054841 ] ] } },
{ "type": "Feature", "properties": { "tessellate": -1, "extrude": 0, "visibility": -1 }, "geometry": { "type": "LineString", "coordinates": [ [ 34.091506, 52.07959 ], [ 34.089104, 52.07795 ], [ 34.09444, 52.070571 ], [ 34.117705, 52.058318 ] ] } },
{ "type": "Feature", "properties": { "tessellate": -1, "extrude": 0, "visibility": -1 }, "geometry": { "type": "LineString", "coordinates": [ [ 34.08777, 52.082705 ], [ 34.089104, 52.07795 ] ] } },
{ "type": "Feature", "properties": { "tessellate": -1, "extrude": 0, "visibility": -1 }, "geometry": { "type": "LineString", "coordinates": [ [ 34.109114, 52.082541 ], [ 34.112316, 52.087952 ], [ 34.114183, 52.095164 ] ] } },
{ "type": "Feature", "properties": { "tessellate": -1, "extrude": 0, "visibility": -1 }, "geometry": { "type": "LineString", "coordinates": [ [ 31.432655, 51.953799 ], [ 31.435002, 51.957269 ] ] } },
{ "type": "Feature", "properties": { "tessellate": -1, "extrude": 0, "visibility": -1 }, "geometry": { "type": "LineString", "coordinates": [ [ 31.417639, 51.969991 ], [ 31.419985, 51.976062 ], [ 31.435002, 51.983866 ], [ 31.447672, 51.980109 ], [ 31.465974, 51.974039 ], [ 31.470197, 51.971148 ], [ 31.486622, 51.97375 ], [ 31.497884, 51.977797 ], [ 31.517189, 51.977448 ], [ 31.521051, 51.975735 ] ] } },
{ "type": "Feature", "properties": { "tessellate": -1, "extrude": 0, "visibility": -1 }, "geometry": { "type": "LineString", "coordinates": [ [ 32.905353, 52.16479 ], [ 32.909305, 52.1719 ], [ 32.903245, 52.174647 ], [ 32.892706, 52.173839 ] ] } },
{ "type": "Feature", "properties": { "tessellate": -1, "extrude": 0, "visibility": -1 }, "geometry": { "type": "LineString", "coordinates": [ [ 32.987817, 52.197261 ], [ 32.970955, 52.194031 ], [ 32.969375, 52.183533 ] ] } },
{ "type": "Feature", "properties": { "tessellate": -1, "extrude": 0, "visibility": -1 }, "geometry": { "type": "LineString", "coordinates": [ [ 32.957255, 52.19064 ], [ 32.970955, 52.194031 ] ] } },
{ "type": "Feature", "properties": { "tessellate": -1, "extrude": 0, "visibility": -1 }, "geometry": { "type": "LineString", "coordinates": [ [ 32.984655, 52.184986 ], [ 33.009685, 52.193385 ], [ 33.024702, 52.193385 ] ] } },
{ "type": "Feature", "properties": { "tessellate": -1, "extrude": 0, "visibility": -1 }, "geometry": { "type": "LineString", "coordinates": [ [ 33.062114, 52.198715 ], [ 33.069754, 52.199522 ], [ 33.08161, 52.197261 ], [ 33.08688, 52.1971 ] ] } },
{ "type": "Feature", "properties": { "tessellate": -1, "extrude": 0, "visibility": -1 }, "geometry": { "type": "LineString", "coordinates": [ [ 33.534431, 51.988916 ], [ 33.517955, 51.995679 ], [ 33.510747, 51.999906 ], [ 33.509717, 52.004344 ], [ 33.507658, 52.008569 ] ] } },
{ "type": "Feature", "properties": { "tessellate": -1, "extrude": 0, "visibility": -1 }, "geometry": { "type": "LineString", "coordinates": [ [ 33.249556, 52.202815 ], [ 33.26175, 52.20347 ], [ 33.266884, 52.20465 ], [ 33.272874, 52.204781 ], [ 33.275655, 52.203863 ], [ 33.280575, 52.20347 ] ] } },
{ "type": "Feature", "properties": { "tessellate": -1, "extrude": 0, "visibility": -1 }, "geometry": { "type": "LineString", "coordinates": [ [ 33.619469, 52.191211 ], [ 33.619469, 52.192711 ], [ 33.630074, 52.195878 ], [ 33.631977, 52.195545 ], [ 33.63524, 52.196045 ], [ 33.639591, 52.192211 ], [ 33.647476, 52.188544 ], [ 33.648292, 52.185376 ] ] } },
{ "type": "Feature", "properties": { "tessellate": -1, "extrude": 0, "visibility": -1 }, "geometry": { "type": "LineString", "coordinates": [ [ 33.840792, 52.184145 ], [ 33.836844, 52.188799 ], [ 33.820752, 52.188799 ], [ 33.800408, 52.195313 ] ] } },
{ "type": "Feature", "properties": { "tessellate": -1, "extrude": 0, "visibility": -1 }, "geometry": { "type": "LineString", "coordinates": [ [ 33.800525, 52.107093 ], [ 33.803245, 52.109845 ], [ 33.803085, 52.111025 ], [ 33.807087, 52.115055 ] ] } },
{ "type": "Feature", "properties": { "tessellate": -1, "extrude": 0, "visibility": -1 }, "geometry": { "type": "LineString", "coordinates": [ [ 33.904089, 52.10291 ], [ 33.893383, 52.11127 ] ] } },
{ "type": "Feature", "properties": { "tessellate": -1, "extrude": 0, "visibility": -1 }, "geometry": { "type": "LineString", "coordinates": [ [ 33.870714, 52.065975 ], [ 33.866161, 52.06735 ], [ 33.865762, 52.066171 ], [ 33.864164, 52.065582 ] ] } },
{ "type": "Feature", "properties": { "tessellate": -1, "extrude": 0, "visibility": -1 }, "geometry": { "type": "LineString", "coordinates": [ [ 33.870475, 52.068823 ], [ 33.867839, 52.069314 ], [ 33.866161, 52.06735 ] ] } },
{ "type": "Feature", "properties": { "tessellate": -1, "extrude": 0, "visibility": -1 }, "geometry": { "type": "LineString", "coordinates": [ [ 33.945445, 52.068077 ], [ 33.941579, 52.071001 ] ] } },
{ "type": "Feature", "properties": { "tessellate": -1, "extrude": 0, "visibility": -1 }, "geometry": { "type": "LineString", "coordinates": [ [ 33.975329, 52.063964 ], [ 33.979492, 52.063415 ], [ 33.983209, 52.061404 ], [ 33.987372, 52.060582 ] ] } },
{ "type": "Feature", "properties": { "tessellate": -1, "extrude": 0, "visibility": -1 }, "geometry": { "type": "LineString", "coordinates": [ [ 33.811205, 51.961419 ], [ 33.811091, 51.955094 ], [ 33.808533, 51.951206 ], [ 33.810238, 51.94532 ], [ 33.811602, 51.940694 ], [ 33.814331, 51.936069 ], [ 33.814734, 51.9309 ], [ 33.820326, 51.928705 ], [ 33.826427, 51.922435 ], [ 33.830241, 51.915693 ], [ 33.830495, 51.907538 ], [ 33.828461, 51.896715 ], [ 33.835833, 51.886988 ], [ 33.836342, 51.8793 ], [ 33.834816, 51.871452 ], [ 33.836342, 51.870511 ], [ 33.836775, 51.864033 ] ] } },
{ "type": "Feature", "properties": { "tessellate": -1, "extrude": 0, "visibility": -1 }, "geometry": { "type": "LineString", "coordinates": [ [ 33.756264, 51.952531 ], [ 33.753262, 51.952099 ] ] } },
{ "type": "Feature", "properties": { "tessellate": -1, "extrude": 0, "visibility": -1 }, "geometry": { "type": "LineString", "coordinates": [ [ 33.804777, 51.944338 ], [ 33.804426, 51.946457 ], [ 33.803164, 51.946241 ], [ 33.802673, 51.944252 ] ] } },
{ "type": "Feature", "properties": { "tessellate": -1, "extrude": 0, "visibility": -1 }, "geometry": { "type": "LineString", "coordinates": [ [ 34.043416, 51.790989 ], [ 34.041616, 51.798448 ], [ 34.038017, 51.79778 ], [ 34.037297, 51.800563 ], [ 34.039097, 51.802232 ], [ 34.039636, 51.806461 ] ] } },
{ "type": "Feature", "properties": { "tessellate": -1, "extrude": 0, "visibility": -1 }, "geometry": { "type": "LineString", "coordinates": [ [ 34.069042, 51.796835 ], [ 34.061591, 51.814413 ] ] } },
{ "type": "Feature", "properties": { "tessellate": -1, "extrude": 0, "visibility": -1 }, "geometry": { "type": "LineString", "coordinates": [ [ 34.084824, 51.803079 ], [ 34.08355, 51.805685 ] ] } },
{ "type": "Feature", "properties": { "tessellate": -1, "extrude": 0, "visibility": -1 }, "geometry": { "type": "LineString", "coordinates": [ [ 34.122019, 51.771554 ], [ 34.118111, 51.772612 ], [ 34.116034, 51.774577 ], [ 34.106385, 51.779867 ], [ 34.105041, 51.779413 ], [ 34.099667, 51.779942 ], [ 34.097102, 51.778129 ] ] } },
{ "type": "Feature", "properties": { "tessellate": -1, "extrude": 0, "visibility": -1 }, "geometry": { "type": "LineString", "coordinates": [ [ 34.06222, 51.715577 ], [ 34.059915, 51.72616 ], [ 34.065067, 51.734557 ], [ 34.06222, 51.740435 ], [ 34.061406, 51.742449 ] ] } },
{ "type": "Feature", "properties": { "tessellate": -1, "extrude": 0, "visibility": -1 }, "geometry": { "type": "LineString", "coordinates": [ [ 33.428522, 51.824262 ], [ 33.467223, 51.824793 ], [ 33.485928, 51.824793 ] ] } },
{ "type": "Feature", "properties": { "tessellate": -1, "extrude": 0, "visibility": -1 }, "geometry": { "type": "LineString", "coordinates": [ [ 33.527639, 51.821471 ], [ 33.532369, 51.824129 ] ] } },
{ "type": "Feature", "properties": { "tessellate": -1, "extrude": 0, "visibility": -1 }, "geometry": { "type": "LineString", "coordinates": [ [ 33.588607, 51.824054 ], [ 33.605582, 51.833349 ] ] } },
{ "type": "Feature", "properties": { "tessellate": -1, "extrude": 0, "visibility": -1 }, "geometry": { "type": "LineString", "coordinates": [ [ 33.593883, 51.889566 ], [ 33.593739, 51.895457 ] ] } },
{ "type": "Feature", "properties": { "tessellate": -1, "extrude": 0, "visibility": -1 }, "geometry": { "type": "LineString", "coordinates": [ [ 33.998749, 51.270067 ], [ 34.000216, 51.270299 ], [ 34.002941, 51.270199 ], [ 34.002738, 51.269233 ] ] } },
{ "type": "Feature", "properties": { "tessellate": -1, "extrude": 0, "visibility": -1 }, "geometry": { "type": "LineString", "coordinates": [ [ 34.01042, 51.268136 ], [ 34.007726, 51.269489 ], [ 34.002941, 51.270199 ] ] } },
{ "type": "Feature", "properties": { "tessellate": -1, "extrude": 0, "visibility": -1 }, "geometry": { "type": "LineString", "coordinates": [ [ 34.000591, 51.270641 ], [ 34.003029, 51.270676 ], [ 34.008585, 51.269629 ] ] } },
{ "type": "Feature", "properties": { "tessellate": -1, "extrude": 0, "visibility": -1 }, "geometry": { "type": "LineString", "coordinates": [ [ 34.139977, 52.103972 ], [ 34.141584, 52.107699 ], [ 34.140156, 52.112413 ], [ 34.147652, 52.114166 ], [ 34.153186, 52.125236 ], [ 34.151758, 52.127756 ] ] } },
{ "type": "Feature", "properties": { "tessellate": -1, "extrude": 0, "visibility": -1 }, "geometry": { "type": "LineString", "coordinates": [ [ 34.147474, 52.133344 ], [ 34.144439, 52.138712 ], [ 34.14087, 52.140356 ], [ 34.134444, 52.137726 ] ] } },
{ "type": "Feature", "properties": { "tessellate": -1, "extrude": 0, "visibility": -1 }, "geometry": { "type": "LineString", "coordinates": [ [ 34.121414, 52.136631 ], [ 34.119986, 52.144956 ], [ 34.122664, 52.151199 ] ] } },
{ "type": "Feature", "properties": { "tessellate": -1, "extrude": 0, "visibility": -1 }, "geometry": { "type": "LineString", "coordinates": [ [ 34.134087, 52.153499 ], [ 34.10535, 52.167514 ], [ 34.093112, 52.176873 ], [ 34.084773, 52.181986 ], [ 34.081794, 52.188317 ] ] } },
{ "type": "Feature", "properties": { "tessellate": -1, "extrude": 0, "visibility": -1 }, "geometry": { "type": "LineString", "coordinates": [ [ 34.064841, 52.192901 ], [ 34.064373, 52.193884 ], [ 34.064975, 52.196709 ] ] } },
{ "type": "Feature", "properties": { "tessellate": -1, "extrude": 0, "visibility": -1 }, "geometry": { "type": "LineString", "coordinates": [ [ 33.959411, 52.294007 ], [ 33.957343, 52.296031 ], [ 33.954309, 52.298435 ], [ 33.953688, 52.299405 ] ] } },
{ "type": "Feature", "properties": { "tessellate": -1, "extrude": 0, "visibility": -1 }, "geometry": { "type": "LineString", "coordinates": [ [ 33.963825, 52.304844 ], [ 33.964101, 52.306868 ], [ 33.967135, 52.310536 ] ] } },
{ "type": "Feature", "properties": { "tessellate": -1, "extrude": 0, "visibility": -1 }, "geometry": { "type": "LineString", "coordinates": [ [ 33.923465, 52.327094 ], [ 33.908875, 52.32252 ], [ 33.902141, 52.321263 ], [ 33.897838, 52.320348 ], [ 33.890917, 52.321606 ], [ 33.884557, 52.322177 ], [ 33.877449, 52.324807 ], [ 33.871837, 52.325379 ], [ 33.865477, 52.329723 ], [ 33.863045, 52.333838 ], [ 33.858556, 52.338296 ], [ 33.856685, 52.33921 ], [ 33.856685, 52.341153 ], [ 33.860239, 52.34481 ], [ 33.860239, 52.348352 ], [ 33.859738, 52.350695 ], [ 33.861233, 52.351279 ], [ 33.866132, 52.350608 ] ] } },
{ "type": "Feature", "properties": { "tessellate": -1, "extrude": 0, "visibility": -1 }, "geometry": { "type": "LineString", "coordinates": [ [ 33.459183, 52.371074 ], [ 33.460295, 52.371036 ], [ 33.460295, 52.37213 ] ] } },
{ "type": "Feature", "properties": { "tessellate": -1, "extrude": 0, "visibility": -1 }, "geometry": { "type": "LineString", "coordinates": [ [ 33.45115, 52.374469 ], [ 33.448987, 52.374054 ], [ 33.448307, 52.374281 ] ] } },
{ "type": "Feature", "properties": { "tessellate": -1, "extrude": 0, "visibility": -1 }, "geometry": { "type": "LineString", "coordinates": [ [ 33.400812, 52.373505 ], [ 33.399741, 52.376587 ], [ 33.385206, 52.378922 ], [ 33.374801, 52.381351 ], [ 33.376484, 52.382098 ], [ 33.392703, 52.382845 ], [ 33.396222, 52.382378 ] ] } },
{ "type": "Feature", "properties": { "tessellate": -1, "extrude": 0, "visibility": -1 }, "geometry": { "type": "LineString", "coordinates": [ [ 33.170039, 52.342044 ], [ 33.170543, 52.347279 ], [ 33.174071, 52.350768 ], [ 33.170879, 52.352717 ], [ 33.172055, 52.361233 ], [ 33.175415, 52.36585 ], [ 33.170207, 52.370979 ], [ 33.170039, 52.372517 ], [ 33.189002, 52.373127 ], [ 33.189002, 52.376794 ], [ 33.191526, 52.376941 ], [ 33.194049, 52.3732 ], [ 33.195611, 52.370633 ], [ 33.24331, 52.36535 ], [ 33.247635, 52.366671 ], [ 33.248236, 52.366524 ], [ 33.279835, 52.359701 ] ] } },
{ "type": "Feature", "properties": { "tessellate": -1, "extrude": 0, "visibility": -1 }, "geometry": { "type": "LineString", "coordinates": [ [ 33.258449, 52.369092 ], [ 33.255565, 52.369826 ], [ 33.245112, 52.370412 ] ] } },
{ "type": "Feature", "properties": { "tessellate": -1, "extrude": 0, "visibility": -1 }, "geometry": { "type": "LineString", "coordinates": [ [ 33.249197, 52.375327 ], [ 33.237783, 52.377674 ], [ 33.233097, 52.377087 ], [ 33.224567, 52.377014 ], [ 33.222164, 52.377234 ] ] } },
{ "type": "Feature", "properties": { "tessellate": -1, "extrude": 0, "visibility": -1 }, "geometry": { "type": "LineString", "coordinates": [ [ 33.145572, 52.360428 ], [ 33.161028, 52.380134 ], [ 33.184666, 52.391648 ], [ 33.190803, 52.39456 ], [ 33.197622, 52.39456 ], [ 33.201486, 52.395254 ] ] } },
{ "type": "Feature", "properties": { "tessellate": -1, "extrude": 0, "visibility": -1 }, "geometry": { "type": "LineString", "coordinates": [ [ 33.231155, 52.39083 ], [ 33.227529, 52.38975 ], [ 33.232926, 52.387588 ] ] } },
{ "type": "Feature", "properties": { "tessellate": -1, "extrude": 0, "visibility": -1 }, "geometry": { "type": "LineString", "coordinates": [ [ 33.22188, 52.392065 ], [ 33.227529, 52.38975 ] ] } },
{ "type": "Feature", "properties": { "tessellate": -1, "extrude": 0, "visibility": -1 }, "geometry": { "type": "LineString", "coordinates": [ [ 32.939114, 52.379924 ], [ 32.943824, 52.380485 ], [ 32.952441, 52.385464 ], [ 32.953705, 52.385254 ], [ 32.956922, 52.385955 ], [ 32.956462, 52.386867 ], [ 32.960368, 52.386516 ], [ 32.962092, 52.385254 ], [ 32.967491, 52.380205 ], [ 32.982497, 52.379096 ], [ 32.987036, 52.378357 ], [ 33.016489, 52.367272 ], [ 33.016893, 52.362591 ], [ 33.020121, 52.362468 ], [ 33.024761, 52.365363 ], [ 33.030712, 52.365301 ], [ 33.039799, 52.365707 ], [ 33.040783, 52.367186 ], [ 33.040481, 52.37033 ], [ 33.042449, 52.377725 ], [ 33.046007, 52.381053 ], [ 33.066525, 52.383456 ], [ 33.070159, 52.386367 ], [ 33.086361, 52.387569 ], [ 33.088794, 52.388812 ], [ 33.10559, 52.39076 ], [ 33.114294, 52.39445 ], [ 33.131611, 52.396686 ], [ 33.139582, 52.398196 ], [ 33.144521, 52.399856 ], [ 33.160904, 52.397744 ], [ 33.163944, 52.397898 ], [ 33.17678, 52.397692 ], [ 33.181323, 52.398034 ], [ 33.182419, 52.3986 ], [ 33.184948, 52.398857 ], [ 33.19161, 52.400709 ], [ 33.201728, 52.40323 ], [ 33.207377, 52.404053 ], [ 33.21075, 52.404104 ], [ 33.213195, 52.402407 ], [ 33.218423, 52.400555 ], [ 33.223819, 52.399371 ], [ 33.225843, 52.398239 ], [ 33.232504, 52.396799 ] ] } },
{ "type": "Feature", "properties": { "tessellate": -1, "extrude": 0, "visibility": -1 }, "geometry": { "type": "LineString", "coordinates": [ [ 32.929737, 52.367892 ], [ 32.92862, 52.362661 ], [ 32.929737, 52.361637 ], [ 32.927502, 52.358225 ], [ 32.92415, 52.354585 ], [ 32.924522, 52.352993 ], [ 32.922474, 52.349353 ], [ 32.935138, 52.352197 ], [ 32.954279, 52.379504 ], [ 32.967491, 52.380205 ] ] } },
{ "type": "Feature", "properties": { "tessellate": -1, "extrude": 0, "visibility": -1 }, "geometry": { "type": "LineString", "coordinates": [ [ 32.873493, 52.347419 ], [ 32.922474, 52.349353 ] ] } },
{ "type": "Feature", "properties": { "tessellate": -1, "extrude": 0, "visibility": -1 }, "geometry": { "type": "LineString", "coordinates": [ [ 32.865299, 52.347987 ], [ 32.85338, 52.347305 ], [ 32.837549, 52.34776 ], [ 32.833825, 52.348784 ], [ 32.818181, 52.34776 ], [ 32.804585, 52.344119 ], [ 32.790431, 52.342299 ], [ 32.784844, 52.342299 ], [ 32.776277, 52.339113 ], [ 32.763613, 52.337634 ], [ 32.75337, 52.338771 ], [ 32.750763, 52.340023 ], [ 32.74741, 52.339682 ], [ 32.724227, 52.342621 ], [ 32.70679, 52.344164 ], [ 32.698451, 52.345863 ], [ 32.693397, 52.346017 ], [ 32.678235, 52.348024 ], [ 32.674191, 52.348796 ], [ 32.662062, 52.349722 ], [ 32.656249, 52.350648 ], [ 32.64791, 52.344164 ], [ 32.613542, 52.346017 ], [ 32.608488, 52.351111 ], [ 32.607477, 52.354507 ], [ 32.603434, 52.356822 ], [ 32.599391, 52.361297 ], [ 32.578163, 52.373642 ] ] } },
{ "type": "Feature", "properties": { "tessellate": -1, "extrude": 0, "visibility": -1 }, "geometry": { "type": "LineString", "coordinates": [ [ 32.646213, 52.295033 ], [ 32.64585, 52.29459 ], [ 32.647179, 52.294332 ], [ 32.648085, 52.294627 ] ] } },
{ "type": "Feature", "properties": { "tessellate": -1, "extrude": 0, "visibility": -1 }, "geometry": { "type": "LineString", "coordinates": [ [ 32.66705, 52.294368 ], [ 32.680459, 52.28794 ] ] } },
{ "type": "Feature", "properties": { "tessellate": -1, "extrude": 0, "visibility": -1 }, "geometry": { "type": "LineString", "coordinates": [ [ 32.767927, 52.291 ], [ 32.783341, 52.287421 ], [ 32.797329, 52.284714 ], [ 32.803751, 52.282095 ], [ 32.810031, 52.281746 ] ] } },
{ "type": "Feature", "properties": { "tessellate": -1, "extrude": 0, "visibility": -1 }, "geometry": { "type": "LineString", "coordinates": [ [ 32.834295, 52.287596 ], [ 32.818452, 52.283579 ], [ 32.812886, 52.282619 ] ] } },
{ "type": "Feature", "properties": { "tessellate": -1, "extrude": 0, "visibility": -1 }, "geometry": { "type": "LineString", "coordinates": [ [ 32.84186, 52.293008 ], [ 32.834866, 52.295016 ], [ 32.823733, 52.296762 ], [ 32.821878, 52.29554 ], [ 32.817453, 52.294841 ], [ 32.818452, 52.283579 ] ] } },
{ "type": "Feature", "properties": { "tessellate": -1, "extrude": 0, "visibility": -1 }, "geometry": { "type": "LineString", "coordinates": [ [ 32.455991, 52.345387 ], [ 32.432419, 52.345549 ], [ 32.430035, 52.345549 ], [ 32.41176, 52.349432 ], [ 32.407787, 52.348299 ], [ 32.403284, 52.349756 ] ] } },
{ "type": "Feature", "properties": { "tessellate": -1, "extrude": 0, "visibility": -1 }, "geometry": { "type": "LineString", "coordinates": [ [ 33.450263, 52.413328 ], [ 33.443979, 52.415677 ], [ 33.43445, 52.415306 ], [ 33.426747, 52.422725 ], [ 33.413975, 52.420375 ], [ 33.403433, 52.417284 ], [ 33.390661, 52.413946 ], [ 33.385593, 52.41308 ], [ 33.375051, 52.420623 ], [ 33.353764, 52.415924 ], [ 33.348493, 52.415924 ], [ 33.340384, 52.412215 ], [ 33.322544, 52.414193 ], [ 33.318692, 52.41407 ], [ 33.313218, 52.415182 ], [ 33.303082, 52.413328 ] ] } },
{ "type": "Feature", "properties": { "tessellate": -1, "extrude": 0, "visibility": -1 }, "geometry": { "type": "LineString", "coordinates": [ [ 32.351951, 52.267615 ], [ 32.346766, 52.273839 ], [ 32.344971, 52.276767 ] ] } },
{ "type": "Feature", "properties": { "tessellate": -1, "extrude": 0, "visibility": -1 }, "geometry": { "type": "LineString", "coordinates": [ [ 32.341182, 52.285796 ], [ 32.343375, 52.289699 ], [ 32.341381, 52.293847 ], [ 32.33819, 52.297262 ] ] } },
{ "type": "Feature", "properties": { "tessellate": -1, "extrude": 0, "visibility": -1 }, "geometry": { "type": "LineString", "coordinates": [ [ 32.342179, 52.301774 ], [ 32.340982, 52.303969 ] ] } },
{ "type": "Feature", "properties": { "tessellate": -1, "extrude": 0, "visibility": -1 }, "geometry": { "type": "LineString", "coordinates": [ [ 32.216288, 52.158301 ], [ 32.225331, 52.159727 ], [ 32.234373, 52.16258 ], [ 32.238249, 52.161788 ] ] } },
{ "type": "Feature", "properties": { "tessellate": -1, "extrude": 0, "visibility": -1 }, "geometry": { "type": "LineString", "coordinates": [ [ 32.226106, 52.16464 ], [ 32.221197, 52.167493 ] ] } },
{ "type": "Feature", "properties": { "tessellate": -1, "extrude": 0, "visibility": -1 }, "geometry": { "type": "LineString", "coordinates": [ [ 32.169883, 52.082292 ], [ 32.148735, 52.077178 ], [ 32.13036, 52.075473 ] ] } },
{ "type": "Feature", "properties": { "tessellate": -1, "extrude": 0, "visibility": -1 }, "geometry": { "type": "LineString", "coordinates": [ [ 32.087024, 52.110192 ], [ 32.07177, 52.112321 ] ] } },
{ "type": "Feature", "properties": { "tessellate": -1, "extrude": 0, "visibility": -1 }, "geometry": { "type": "LineString", "coordinates": [ [ 32.013527, 52.099545 ], [ 32.000699, 52.102314 ], [ 31.996539, 52.105721 ] ] } },
{ "type": "Feature", "properties": { "tessellate": -1, "extrude": 0, "visibility": -1 }, "geometry": { "type": "LineString", "coordinates": [ [ 31.86673, 52.131197 ], [ 31.851513, 52.131475 ] ] } },
{ "type": "Feature", "properties": { "tessellate": -1, "extrude": 0, "visibility": -1 }, "geometry": { "type": "LineString", "coordinates": [ [ 32.20996, 52.208633 ], [ 32.206603, 52.20429 ], [ 32.200449, 52.200404 ], [ 32.197839, 52.196518 ], [ 32.197279, 52.194117 ], [ 32.192803, 52.189316 ] ] } },
{ "type": "Feature", "properties": { "tessellate": -1, "extrude": 0, "visibility": -1 }, "geometry": { "type": "LineString", "coordinates": [ [ 32.200449, 52.182913 ], [ 32.19243, 52.180169 ], [ 32.188514, 52.176738 ], [ 32.184598, 52.167017 ], [ 32.183479, 52.16164 ], [ 32.180682, 52.158323 ], [ 32.178258, 52.156836 ], [ 32.177885, 52.154891 ], [ 32.175087, 52.152946 ] ] } },
{ "type": "Feature", "properties": { "tessellate": -1, "extrude": 0, "visibility": -1 }, "geometry": { "type": "LineString", "coordinates": [ [ 32.142826, 52.138755 ], [ 32.114293, 52.133376 ], [ 32.089864, 52.141502 ], [ 32.077556, 52.143791 ], [ 32.072521, 52.146881 ], [ 32.056483, 52.145851 ], [ 32.045853, 52.146881 ] ] } },
{ "type": "Feature", "properties": { "tessellate": -1, "extrude": 0, "visibility": -1 }, "geometry": { "type": "LineString", "coordinates": [ [ 32.02217, 52.15878 ], [ 32.016575, 52.15878 ], [ 32.012846, 52.159925 ], [ 32.00147, 52.157751 ], [ 31.989721, 52.156035 ], [ 31.98077, 52.158437 ], [ 31.975362, 52.158437 ], [ 31.971259, 52.156836 ], [ 31.969581, 52.154547 ] ] } },
{ "type": "Feature", "properties": { "tessellate": -1, "extrude": 0, "visibility": -1 }, "geometry": { "type": "LineString", "coordinates": [ [ 31.925384, 52.152488 ], [ 31.9224, 52.151229 ], [ 31.91923, 52.152602 ], [ 31.90226, 52.152831 ], [ 31.89853, 52.15878 ], [ 31.889206, 52.159353 ], [ 31.889579, 52.16084 ], [ 31.881187, 52.164043 ] ] } },
{ "type": "Feature", "properties": { "tessellate": -1, "extrude": 0, "visibility": -1 }, "geometry": { "type": "LineString", "coordinates": [ [ 31.87522, 52.164729 ], [ 31.865336, 52.168733 ], [ 31.860487, 52.174222 ], [ 31.856944, 52.176052 ], [ 31.853215, 52.176281 ], [ 31.85079, 52.175709 ], [ 31.844077, 52.173765 ], [ 31.827293, 52.170791 ], [ 31.819088, 52.168618 ], [ 31.815172, 52.166216 ], [ 31.790183, 52.165759 ], [ 31.782164, 52.164729 ] ] } },
{ "type": "Feature", "properties": { "tessellate": -1, "extrude": 0, "visibility": -1 }, "geometry": { "type": "LineString", "coordinates": [ [ 32.285924, 52.265687 ], [ 32.267592, 52.260202 ], [ 32.240298, 52.245363 ] ] } },
{ "type": "Feature", "properties": { "tessellate": -1, "extrude": 0, "visibility": -1 }, "geometry": { "type": "LineString", "coordinates": [ [ 32.256583, 52.335183 ], [ 32.245246, 52.331027 ], [ 32.240659, 52.322583 ], [ 32.233003, 52.310516 ], [ 32.23663, 52.301921 ], [ 32.237084, 52.295265 ], [ 32.266981, 52.267681 ], [ 32.267592, 52.260202 ] ] } },
{ "type": "Feature", "properties": { "tessellate": -1, "extrude": 0, "visibility": -1 }, "geometry": { "type": "LineString", "coordinates": [ [ 32.260812, 52.350007 ], [ 32.276904, 52.355046 ], [ 32.279844, 52.355373 ], [ 32.302104, 52.361804 ], [ 32.313104, 52.368206 ], [ 32.330118, 52.374711 ], [ 32.344435, 52.395102 ], [ 32.380794, 52.40317 ], [ 32.392914, 52.397287 ], [ 32.415226, 52.380308 ], [ 32.424316, 52.368705 ], [ 32.452136, 52.373078 ] ] } },
{ "type": "Feature", "properties": { "tessellate": -1, "extrude": 0, "visibility": -1 }, "geometry": { "type": "LineString", "coordinates": [ [ 33.311345, 51.5629 ], [ 33.333012, 51.567092 ], [ 33.337324, 51.571215 ] ] } },
{ "type": "Feature", "properties": { "tessellate": -1, "extrude": 0, "visibility": -1 }, "geometry": { "type": "LineString", "coordinates": [ [ 31.047671, 52.26524 ], [ 31.024658, 52.266568 ], [ 31.020721, 52.266136 ], [ 31.018703, 52.266136 ] ] } },
{ "type": "Feature", "properties": { "tessellate": -1, "extrude": 0, "visibility": -1 }, "geometry": { "type": "LineString", "coordinates": [ [ 35.611578, 50.502752 ], [ 35.593991, 50.513629 ], [ 35.576646, 50.526802 ], [ 35.557855, 50.528793 ], [ 35.551922, 50.540232 ], [ 35.547255, 50.544564 ] ] } },
{ "type": "Feature", "properties": { "tessellate": -1, "extrude": 0, "visibility": -1 }, "geometry": { "type": "LineString", "coordinates": [ [ 35.836552, 50.475267 ], [ 35.842381, 50.477493 ] ] } },
{ "type": "Feature", "properties": { "tessellate": -1, "extrude": 0, "visibility": -1 }, "geometry": { "type": "LineString", "coordinates": [ [ 35.831423, 50.48224 ], [ 35.806245, 50.474674 ] ] } },
{ "type": "Feature", "properties": { "tessellate": -1, "extrude": 0, "visibility": -1 }, "geometry": { "type": "LineString", "coordinates": [ [ 35.804146, 50.477048 ], [ 35.769642, 50.467106 ], [ 35.756353, 50.446326 ] ] } },
{ "type": "Feature", "properties": { "tessellate": -1, "extrude": 0, "visibility": -1 }, "geometry": { "type": "LineString", "coordinates": [ [ 35.74388, 50.442392 ], [ 35.7405, 50.43868 ], [ 35.734555, 50.434448 ], [ 35.731524, 50.43274 ], [ 35.730824, 50.430958 ], [ 35.715787, 50.424126 ], [ 35.699817, 50.415213 ], [ 35.69259, 50.413356 ], [ 35.683264, 50.412093 ], [ 35.677203, 50.408305 ], [ 35.670209, 50.40823 ], [ 35.667994, 50.411573 ], [ 35.650124, 50.433186 ], [ 35.632126, 50.431227 ], [ 35.624743, 50.445825 ] ] } },
{ "type": "Feature", "properties": { "tessellate": -1, "extrude": 0, "visibility": -1 }, "geometry": { "type": "LineString", "coordinates": [ [ 37.534603, 50.424713 ], [ 37.531646, 50.428363 ], [ 37.532755, 50.430129 ], [ 37.531646, 50.431895 ], [ 37.536821, 50.437429 ], [ 37.544214, 50.440136 ], [ 37.545693, 50.44402 ], [ 37.559, 50.459554 ], [ 37.550498, 50.461084 ], [ 37.56142, 50.484549 ], [ 37.53116, 50.494417 ], [ 37.513774, 50.50453 ], [ 37.506212, 50.508194 ], [ 37.485686, 50.506362 ], [ 37.478123, 50.506362 ], [ 37.447874, 50.501552 ], [ 37.438871, 50.504759 ], [ 37.417265, 50.504072 ], [ 37.399619, 50.495597 ], [ 37.394578, 50.491244 ], [ 37.379813, 50.49468 ], [ 37.366489, 50.49468 ], [ 37.351725, 50.491244 ], [ 37.343082, 50.483683 ], [ 37.317514, 50.483683 ], [ 37.291226, 50.463515 ], [ 37.284024, 50.466953 ], [ 37.276822, 50.467412 ], [ 37.268181, 50.462821 ], [ 37.257407, 50.464563 ], [ 37.25036, 50.463784 ], [ 37.247886, 50.45998 ], [ 37.231905, 50.449806 ], [ 37.222139, 50.441777 ], [ 37.215214, 50.439742 ], [ 37.207224, 50.438272 ], [ 37.183963, 50.431712 ], [ 37.172954, 50.426622 ], [ 37.167804, 50.422889 ], [ 37.159637, 50.419268 ], [ 37.141541, 50.416014 ], [ 37.135981, 50.412825 ], [ 37.125047, 50.408928 ], [ 37.109851, 50.407275 ], [ 37.101326, 50.402314 ], [ 37.096878, 50.402314 ] ] } },
{ "type": "Feature", "properties": { "tessellate": -1, "extrude": 0, "visibility": -1 }, "geometry": { "type": "LineString", "coordinates": [ [ 34.764513, 51.115693 ], [ 34.768186, 51.116206 ] ] } },
{ "type": "Feature", "properties": { "tessellate": -1, "extrude": 0, "visibility": -1 }, "geometry": { "type": "LineString", "coordinates": [ [ 34.763016, 51.116889 ], [ 34.765465, 51.117444 ] ] } },
{ "type": "Feature", "properties": { "tessellate": -1, "extrude": 0, "visibility": -1 }, "geometry": { "type": "LineString", "coordinates": [ [ 35.883318, 47.935714 ], [ 35.88622, 47.934881 ], [ 35.88881, 47.935367 ] ] } },
{ "type": "Feature", "properties": { "tessellate": -1, "extrude": 0, "visibility": -1 }, "geometry": { "type": "LineString", "coordinates": [ [ 37.500031, 48.397235 ], [ 37.504316, 48.397732 ], [ 37.512456, 48.397661 ], [ 37.523596, 48.39823 ], [ 37.525738, 48.398799 ], [ 37.527131, 48.398586 ], [ 37.528844, 48.395812 ] ] } },
{ "type": "Feature", "properties": { "tessellate": -1, "extrude": 0, "visibility": -1 }, "geometry": { "type": "LineString", "coordinates": [ [ 37.093088, 50.401615 ], [ 37.072057, 50.394963 ], [ 37.063869, 50.395577 ], [ 37.026622, 50.387082 ], [ 37.018915, 50.386672 ], [ 36.987448, 50.380734 ], [ 36.968824, 50.381451 ], [ 36.959031, 50.379301 ], [ 36.953572, 50.38012 ], [ 36.938891, 50.378395 ], [ 36.921618, 50.374107 ], [ 36.919299, 50.377139 ] ] } },
{ "type": "Feature", "properties": { "tessellate": -1, "extrude": 0, "visibility": -1 }, "geometry": { "type": "LineString", "coordinates": [ [ 36.851883, 50.361814 ], [ 36.859753, 50.359064 ], [ 36.876804, 50.364443 ], [ 36.884673, 50.365519 ], [ 36.899707, 50.363237 ], [ 36.923589, 50.369819 ], [ 36.921618, 50.374107 ] ] } },
{ "type": "Feature", "properties": { "tessellate": -1, "extrude": 0, "visibility": -1 }, "geometry": { "type": "LineString", "coordinates": [ [ 36.779559, 50.341369 ], [ 36.773563, 50.343163 ], [ 36.772064, 50.348544 ], [ 36.753514, 50.349979 ], [ 36.740586, 50.349859 ], [ 36.735527, 50.34962 ], [ 36.715942, 50.35443 ], [ 36.682642, 50.35374 ], [ 36.669169, 50.352786 ], [ 36.657124, 50.35342 ], [ 36.652964, 50.348507 ], [ 36.650853, 50.348903 ], [ 36.644086, 50.348111 ], [ 36.640857, 50.35025 ], [ 36.634342, 50.350014 ], [ 36.62949, 50.348654 ], [ 36.620227, 50.350202 ], [ 36.615082, 50.352125 ], [ 36.606995, 50.347133 ], [ 36.600776, 50.344064 ], [ 36.580628, 50.349461 ], [ 36.57884, 50.349983 ], [ 36.578508, 50.350543 ] ] } },
{ "type": "Feature", "properties": { "tessellate": -1, "extrude": 0, "visibility": -1 }, "geometry": { "type": "LineString", "coordinates": [ [ 36.517084, 50.352963 ], [ 36.519303, 50.351436 ], [ 36.523828, 50.352075 ], [ 36.525176, 50.351853 ], [ 36.527937, 50.351572 ], [ 36.534589, 50.35286 ], [ 36.54326, 50.353862 ], [ 36.543634, 50.354911 ], [ 36.552005, 50.358964 ], [ 36.564936, 50.356151 ], [ 36.57884, 50.349983 ] ] } },
{ "type": "Feature", "properties": { "tessellate": -1, "extrude": 0, "visibility": -1 }, "geometry": { "type": "LineString", "coordinates": [ [ 36.515301, 50.354157 ], [ 36.512647, 50.35585 ], [ 36.504574, 50.359758 ], [ 36.501701, 50.359209 ], [ 36.494519, 50.360186 ], [ 36.49337, 50.361163 ], [ 36.489731, 50.361469 ], [ 36.48456, 50.360186 ], [ 36.481096, 50.353197 ], [ 36.477066, 50.352204 ] ] } },
{ "type": "Feature", "properties": { "tessellate": -1, "extrude": 0, "visibility": -1 }, "geometry": { "type": "LineString", "coordinates": [ [ 36.470159, 50.355768 ], [ 36.468683, 50.35648 ], [ 36.466568, 50.355997 ], [ 36.464574, 50.358185 ], [ 36.461423, 50.35989 ], [ 36.458989, 50.362283 ] ] } },
{ "type": "Feature", "properties": { "tessellate": -1, "extrude": 0, "visibility": -1 }, "geometry": { "type": "LineString", "coordinates": [ [ 36.450932, 50.364878 ], [ 36.448459, 50.367753 ], [ 36.442156, 50.369712 ], [ 36.418165, 50.367234 ], [ 36.413494, 50.365848 ], [ 36.409365, 50.360927 ], [ 36.397197, 50.359125 ], [ 36.395676, 50.358501 ], [ 36.393829, 50.358571 ], [ 36.377098, 50.364878 ], [ 36.364707, 50.368992 ], [ 36.36002, 50.369833 ], [ 36.35731, 50.371328 ], [ 36.354747, 50.369459 ] ] } },
{ "type": "Feature", "properties": { "tessellate": -1, "extrude": 0, "visibility": -1 }, "geometry": { "type": "LineString", "coordinates": [ [ 36.346178, 50.378567 ], [ 36.345739, 50.378193 ], [ 36.345493, 50.377961 ] ] } },
{ "type": "Feature", "properties": { "tessellate": -1, "extrude": 0, "visibility": -1 }, "geometry": { "type": "LineString", "coordinates": [ [ 36.333932, 50.380257 ], [ 36.333106, 50.37977 ], [ 36.33228, 50.380176 ], [ 36.330309, 50.378352 ], [ 36.331962, 50.377581 ], [ 36.334441, 50.379446 ], [ 36.341433, 50.379041 ], [ 36.345739, 50.378193 ], [ 36.350646, 50.376325 ], [ 36.351378, 50.374177 ], [ 36.355699, 50.372916 ], [ 36.35731, 50.371328 ] ] } },
{ "type": "Feature", "properties": { "tessellate": -1, "extrude": 0, "visibility": -1 }, "geometry": { "type": "LineString", "coordinates": [ [ 36.299531, 50.400382 ], [ 36.300777, 50.399368 ], [ 36.30326, 50.39527 ], [ 36.305522, 50.394003 ], [ 36.308744, 50.392255 ], [ 36.311691, 50.391075 ], [ 36.312103, 50.38972 ], [ 36.321474, 50.383013 ], [ 36.33228, 50.380176 ] ] } },
{ "type": "Feature", "properties": { "tessellate": -1, "extrude": 0, "visibility": -1 }, "geometry": { "type": "LineString", "coordinates": [ [ 36.285994, 50.406599 ], [ 36.281482, 50.409338 ] ] } },
{ "type": "Feature", "properties": { "tessellate": -1, "extrude": 0, "visibility": -1 }, "geometry": { "type": "LineString", "coordinates": [ [ 36.270266, 50.416513 ], [ 36.268676, 50.417882 ], [ 36.258882, 50.426838 ], [ 36.252969, 50.426838 ], [ 36.249063, 50.431316 ], [ 36.247613, 50.434443 ], [ 36.245939, 50.435793 ], [ 36.238563, 50.445559 ], [ 36.233199, 50.446616 ], [ 36.227259, 50.4408 ], [ 36.235242, 50.43059 ] ] } },
{ "type": "Feature", "properties": { "tessellate": -1, "extrude": 0, "visibility": -1 }, "geometry": { "type": "LineString", "coordinates": [ [ 36.234795, 50.447226 ], [ 36.233582, 50.447836 ] ] } },
{ "type": "Feature", "properties": { "tessellate": -1, "extrude": 0, "visibility": -1 }, "geometry": { "type": "LineString", "coordinates": [ [ 36.208738, 50.451577 ], [ 36.213528, 50.449585 ], [ 36.217105, 50.449422 ], [ 36.218957, 50.447836 ], [ 36.223555, 50.447714 ], [ 36.233199, 50.446616 ] ] } },
{ "type": "Feature", "properties": { "tessellate": -1, "extrude": 0, "visibility": -1 }, "geometry": { "type": "LineString", "coordinates": [ [ 36.213649, 50.466608 ], [ 36.213482, 50.467177 ], [ 36.211359, 50.466999 ], [ 36.207504, 50.470021 ], [ 36.208007, 50.470697 ], [ 36.207281, 50.471124 ], [ 36.206331, 50.470981 ], [ 36.204599, 50.471372 ], [ 36.205326, 50.472688 ], [ 36.204879, 50.472972 ], [ 36.202421, 50.472404 ], [ 36.200968, 50.473221 ], [ 36.201024, 50.474679 ], [ 36.199739, 50.475212 ], [ 36.198175, 50.474288 ], [ 36.19622, 50.474892 ], [ 36.195941, 50.475639 ], [ 36.195326, 50.475852 ], [ 36.1946, 50.475177 ], [ 36.193706, 50.475497 ], [ 36.193538, 50.476208 ], [ 36.193147, 50.476492 ], [ 36.191192, 50.475817 ], [ 36.186446, 50.479224 ] ] } },
{ "type": "Feature", "properties": { "tessellate": -1, "extrude": 0, "visibility": -1 }, "geometry": { "type": "LineString", "coordinates": [ [ 36.192995, 50.474947 ], [ 36.191192, 50.475817 ] ] } },
{ "type": "Feature", "properties": { "tessellate": -1, "extrude": 0, "visibility": -1 }, "geometry": { "type": "LineString", "coordinates": [ [ 36.179811, 50.48653 ], [ 36.175813, 50.487234 ], [ 36.174367, 50.487017 ], [ 36.166967, 50.502601 ], [ 36.146979, 50.500112 ], [ 36.141365, 50.499138 ], [ 36.138132, 50.502872 ], [ 36.126394, 50.502872 ], [ 36.111679, 50.499734 ], [ 36.109127, 50.500058 ], [ 36.102612, 50.499256 ], [ 36.088887, 50.504032 ], [ 36.086056, 50.504463 ] ] } },
{ "type": "Feature", "properties": { "tessellate": -1, "extrude": 0, "visibility": -1 }, "geometry": { "type": "LineString", "coordinates": [ [ 36.074424, 50.503758 ], [ 36.073686, 50.50415 ], [ 36.064577, 50.504071 ], [ 36.052453, 50.501488 ], [ 36.04716, 50.500744 ], [ 36.043179, 50.499824 ], [ 36.030246, 50.500385 ], [ 36.028409, 50.500292 ], [ 36.015329, 50.50361 ], [ 36.00776, 50.507162 ], [ 36.002436, 50.509124 ], [ 35.997712, 50.508349 ], [ 35.993674, 50.50641 ], [ 35.991388, 50.50263 ], [ 35.989407, 50.500837 ], [ 35.978968, 50.49788 ] ] } },
{ "type": "Feature", "properties": { "tessellate": -1, "extrude": 0, "visibility": -1 }, "geometry": { "type": "LineString", "coordinates": [ [ 35.976758, 50.49759 ], [ 35.961595, 50.496717 ], [ 35.960605, 50.495602 ], [ 35.949175, 50.495021 ], [ 35.94887, 50.482853 ], [ 35.949785, 50.48164 ], [ 35.968529, 50.481786 ] ] } },
{ "type": "Feature", "properties": { "tessellate": -1, "extrude": 0, "visibility": -1 }, "geometry": { "type": "LineString", "coordinates": [ [ 35.871138, 50.486105 ], [ 35.889362, 50.495615 ], [ 35.897759, 50.491768 ], [ 35.904143, 50.487749 ], [ 35.907496, 50.482707 ], [ 35.912601, 50.479556 ], [ 35.925021, 50.470584 ], [ 35.929135, 50.470099 ], [ 35.935612, 50.473688 ], [ 35.939879, 50.473931 ], [ 35.944146, 50.475919 ], [ 35.949785, 50.48164 ] ] } },
{ "type": "Feature", "properties": { "tessellate": -1, "extrude": 0, "visibility": -1 }, "geometry": { "type": "LineString", "coordinates": [ [ 34.329037, 51.422337 ], [ 34.329685, 51.424965 ], [ 34.327416, 51.42921 ], [ 34.338115, 51.455684 ], [ 34.352381, 51.459321 ], [ 34.356272, 51.462149 ], [ 34.361135, 51.462351 ], [ 34.370862, 51.466391 ], [ 34.373132, 51.471844 ], [ 34.380913, 51.478105 ], [ 34.379617, 51.481941 ], [ 34.392261, 51.489008 ], [ 34.423387, 51.500917 ], [ 34.422415, 51.504147 ], [ 34.422739, 51.508183 ], [ 34.432237, 51.519677 ], [ 34.432122, 51.523044 ], [ 34.431776, 51.526052 ], [ 34.441102, 51.526267 ], [ 34.437188, 51.519605 ], [ 34.432237, 51.519677 ] ] } },
{ "type": "Feature", "properties": { "tessellate": -1, "extrude": 0, "visibility": -1 }, "geometry": { "type": "LineString", "coordinates": [ [ 34.405386, 51.377928 ], [ 34.401381, 51.364535 ], [ 34.399665, 51.35614 ], [ 34.39423, 51.348815 ], [ 34.39566, 51.345599 ], [ 34.400237, 51.343098 ], [ 34.405672, 51.341668 ], [ 34.446577, 51.338631 ], [ 34.46231, 51.336486 ], [ 34.475183, 51.315572 ], [ 34.488055, 51.315215 ], [ 34.491774, 51.320399 ], [ 34.502644, 51.321651 ], [ 34.523525, 51.332197 ], [ 34.538972, 51.332912 ], [ 34.545265, 51.332197 ], [ 34.553275, 51.329158 ], [ 34.562142, 51.331482 ], [ 34.58331, 51.329337 ], [ 34.608729, 51.318053 ], [ 34.617713, 51.317117 ], [ 34.618354, 51.316716 ], [ 34.628408, 51.312036 ], [ 34.633542, 51.30535 ], [ 34.640601, 51.305618 ], [ 34.64552, 51.30642 ], [ 34.652793, 51.304548 ], [ 34.690227, 51.30067 ], [ 34.696002, 51.29425 ], [ 34.7032, 51.292631 ], [ 34.710074, 51.28997 ], [ 34.729058, 51.29959 ], [ 34.758844, 51.294473 ], [ 34.759826, 51.293859 ], [ 34.775537, 51.28649 ], [ 34.797971, 51.283671 ], [ 34.803702, 51.276502 ], [ 34.822259, 51.267112 ], [ 34.823078, 51.26677 ], [ 34.845183, 51.262501 ], [ 34.865413, 51.276028 ], [ 34.873177, 51.277595 ], [ 34.879439, 51.271797 ], [ 34.880441, 51.271327 ], [ 34.889958, 51.275088 ], [ 34.892463, 51.281511 ], [ 34.889207, 51.285584 ], [ 34.89647, 51.293886 ], [ 34.902732, 51.295296 ], [ 34.902481, 51.298115 ], [ 34.916006, 51.299368 ], [ 34.922519, 51.299054 ], [ 34.937296, 51.294199 ], [ 34.94836, 51.294523 ], [ 34.956396, 51.297196 ], [ 34.974864, 51.29217 ], [ 34.978113, 51.289283 ], [ 34.978113, 51.287893 ] ] } },
{ "type": "Feature", "properties": { "tessellate": -1, "extrude": 0, "visibility": -1 }, "geometry": { "type": "LineString", "coordinates": [ [ 35.076131, 51.290629 ], [ 35.038352, 51.289887 ], [ 35.025963, 51.29405 ], [ 35.013573, 51.29671 ], [ 35.007655, 51.29405 ], [ 35.005543, 51.290817 ], [ 34.999369, 51.28976 ], [ 34.995915, 51.286174 ], [ 34.992093, 51.285623 ], [ 34.990623, 51.287737 ], [ 34.98445, 51.289116 ], [ 34.981731, 51.288335 ], [ 34.980849, 51.288289 ], [ 34.980702, 51.288932 ], [ 34.978113, 51.289283 ] ] } },
{ "type": "Feature", "properties": { "tessellate": -1, "extrude": 0, "visibility": -1 }, "geometry": { "type": "LineString", "coordinates": [ [ 35.089985, 51.29911 ], [ 35.082782, 51.301976 ], [ 35.080709, 51.304159 ], [ 35.073397, 51.304159 ], [ 35.072197, 51.305387 ], [ 35.06674, 51.305114 ], [ 35.064885, 51.310026 ], [ 35.063903, 51.311117 ] ] } },
{ "type": "Feature", "properties": { "tessellate": -1, "extrude": 0, "visibility": -1 }, "geometry": { "type": "LineString", "coordinates": [ [ 35.08517, 51.28904 ], [ 35.092716, 51.289124 ], [ 35.116296, 51.291399 ], [ 35.144861, 51.299151 ], [ 35.147152, 51.298561 ], [ 35.153485, 51.299825 ], [ 35.158605, 51.301088 ], [ 35.174329, 51.302107 ], [ 35.190328, 51.300912 ], [ 35.19797, 51.300912 ] ] } },
{ "type": "Feature", "properties": { "tessellate": -1, "extrude": 0, "visibility": -1 }, "geometry": { "type": "LineString", "coordinates": [ [ 35.194642, 51.28253 ], [ 35.207557, 51.275633 ], [ 35.216377, 51.261049 ], [ 35.215747, 51.252769 ], [ 35.221102, 51.249811 ], [ 35.233387, 51.230879 ], [ 35.224882, 51.222397 ], [ 35.224567, 51.216083 ], [ 35.211967, 51.201479 ], [ 35.217007, 51.196545 ], [ 35.220157, 51.192399 ], [ 35.224567, 51.19003 ], [ 35.227402, 51.186476 ], [ 35.217751, 51.179974 ], [ 35.21558, 51.17494 ], [ 35.221441, 51.172082 ], [ 35.229906, 51.163235 ], [ 35.2451, 51.15779 ], [ 35.269411, 51.161193 ], [ 35.280698, 51.167999 ], [ 35.283737, 51.162146 ], [ 35.294807, 51.160512 ], [ 35.306094, 51.155884 ], [ 35.308481, 51.15248 ], [ 35.316947, 51.152753 ], [ 35.323675, 51.153297 ], [ 35.329803, 51.147689 ], [ 35.339741, 51.144697 ], [ 35.342921, 51.140831 ], [ 35.349281, 51.137963 ], [ 35.362796, 51.136466 ], [ 35.367964, 51.134097 ], [ 35.37015, 51.131103 ], [ 35.377902, 51.129856 ], [ 35.38307, 51.124742 ], [ 35.394399, 51.119752 ], [ 35.402349, 51.118379 ], [ 35.411492, 51.119003 ], [ 35.427989, 51.114387 ], [ 35.43574, 51.111143 ], [ 35.438523, 51.109645 ], [ 35.440908, 51.109146 ], [ 35.450051, 51.105402 ], [ 35.45343, 51.102532 ], [ 35.459392, 51.10041 ], [ 35.470523, 51.099037 ], [ 35.473802, 51.1019 ], [ 35.479093, 51.104011 ], [ 35.480802, 51.105638 ], [ 35.48488, 51.104911 ], [ 35.486974, 51.104357 ], [ 35.488793, 51.10498 ], [ 35.495958, 51.104184 ], [ 35.502241, 51.101831 ], [ 35.505988, 51.102973 ], [ 35.512081, 51.103107 ], [ 35.512813, 51.101556 ], [ 35.512081, 51.099144 ], [ 35.51016, 51.098225 ] ] } },
{ "type": "Feature", "properties": { "tessellate": -1, "extrude": 0, "visibility": -1 }, "geometry": { "type": "LineString", "coordinates": [ [ 35.510618, 51.095583 ], [ 35.510618, 51.0961 ], [ 35.51263, 51.097363 ], [ 35.512081, 51.099144 ] ] } },
{ "type": "Feature", "properties": { "tessellate": -1, "extrude": 0, "visibility": -1 }, "geometry": { "type": "LineString", "coordinates": [ [ 35.335848, 51.110386 ], [ 35.330256, 51.112726 ], [ 35.328599, 51.115457 ], [ 35.325492, 51.119747 ] ] } },
{ "type": "Feature", "properties": { "tessellate": -1, "extrude": 0, "visibility": -1 }, "geometry": { "type": "LineString", "coordinates": [ [ 35.336469, 51.117277 ], [ 35.333777, 51.117277 ], [ 35.328599, 51.115457 ] ] } },
{ "type": "Feature", "properties": { "tessellate": -1, "extrude": 0, "visibility": -1 }, "geometry": { "type": "LineString", "coordinates": [ [ 35.820584, 50.925152 ], [ 35.826556, 50.925779 ], [ 35.831731, 50.924901 ] ] } },
{ "type": "Feature", "properties": { "tessellate": -1, "extrude": 0, "visibility": -1 }, "geometry": { "type": "LineString", "coordinates": [ [ 35.662027, 50.90996 ], [ 35.67809, 50.907545 ], [ 35.682292, 50.916193 ], [ 35.684639, 50.915725 ], [ 35.689088, 50.919698 ], [ 35.693412, 50.921334 ], [ 35.694648, 50.922892 ], [ 35.696502, 50.922736 ], [ 35.705645, 50.928032 ], [ 35.708117, 50.931381 ], [ 35.714913, 50.9292 ] ] } },
{ "type": "Feature", "properties": { "tessellate": -1, "extrude": 0, "visibility": -1 }, "geometry": { "type": "LineString", "coordinates": [ [ 35.702927, 50.935742 ], [ 35.694154, 50.935041 ], [ 35.691312, 50.933562 ], [ 35.688717, 50.933795 ] ] } },
{ "type": "Feature", "properties": { "tessellate": -1, "extrude": 0, "visibility": -1 }, "geometry": { "type": "LineString", "coordinates": [ [ 35.724596, 50.959886 ], [ 35.730716, 50.971552 ], [ 35.734354, 50.975926 ], [ 35.751059, 50.974051 ], [ 35.762471, 50.971135 ], [ 35.761974, 50.968844 ] ] } },
{ "type": "Feature", "properties": { "tessellate": -1, "extrude": 0, "visibility": -1 }, "geometry": { "type": "LineString", "coordinates": [ [ 35.786287, 50.976134 ], [ 35.782317, 50.976342 ], [ 35.775867, 50.974884 ], [ 35.751059, 50.974051 ] ] } },
{ "type": "Feature", "properties": { "tessellate": -1, "extrude": 0, "visibility": -1 }, "geometry": { "type": "LineString", "coordinates": [ [ 35.77289, 50.969365 ], [ 35.779506, 50.967802 ], [ 35.783475, 50.964574 ] ] } },
{ "type": "Feature", "properties": { "tessellate": -1, "extrude": 0, "visibility": -1 }, "geometry": { "type": "LineString", "coordinates": [ [ 35.611371, 51.22729 ], [ 35.606654, 51.228947 ], [ 35.604698, 51.229236 ] ] } },
{ "type": "Feature", "properties": { "tessellate": -1, "extrude": 0, "visibility": -1 }, "geometry": { "type": "LineString", "coordinates": [ [ 35.601362, 51.253004 ], [ 35.600442, 51.259988 ] ] } },
{ "type": "Feature", "properties": { "tessellate": -1, "extrude": 0, "visibility": -1 }, "geometry": { "type": "LineString", "coordinates": [ [ 35.628628, 51.285108 ], [ 35.629319, 51.288346 ], [ 35.629319, 51.292231 ] ] } },
{ "type": "Feature", "properties": { "tessellate": -1, "extrude": 0, "visibility": -1 }, "geometry": { "type": "LineString", "coordinates": [ [ 35.581548, 51.340431 ], [ 35.580503, 51.343857 ], [ 35.588211, 51.356157 ], [ 35.590761, 51.358239 ] ] } },
{ "type": "Feature", "properties": { "tessellate": -1, "extrude": 0, "visibility": -1 }, "geometry": { "type": "LineString", "coordinates": [ [ 35.591937, 51.363628 ], [ 35.594879, 51.364608 ], [ 35.596841, 51.368404 ], [ 35.599979, 51.371465 ] ] } },
{ "type": "Feature", "properties": { "tessellate": -1, "extrude": 0, "visibility": -1 }, "geometry": { "type": "LineString", "coordinates": [ [ 35.606844, 51.384075 ], [ 35.609394, 51.385054 ], [ 35.609982, 51.386768 ] ] } },
{ "type": "Feature", "properties": { "tessellate": -1, "extrude": 0, "visibility": -1 }, "geometry": { "type": "LineString", "coordinates": [ [ 36.416159, 48.337838 ], [ 36.41573, 48.340005 ], [ 36.416588, 48.341373 ], [ 36.418219, 48.347246 ], [ 36.418476, 48.350154 ], [ 36.417618, 48.35175 ], [ 36.415215, 48.353688 ], [ 36.412811, 48.355056 ], [ 36.412039, 48.356196 ] ] } },
{ "type": "Feature", "properties": { "tessellate": -1, "extrude": 0, "visibility": -1 }, "geometry": { "type": "LineString", "coordinates": [ [ 36.931142, 48.842974 ], [ 36.935133, 48.842974 ], [ 36.942342, 48.843934 ], [ 36.944361, 48.84414 ] ] } },
{ "type": "Feature", "properties": { "tessellate": -1, "extrude": 0, "visibility": -1 }, "geometry": { "type": "LineString", "coordinates": [ [ 32.498251, 46.954223 ], [ 32.498766, 46.952993 ], [ 32.501598, 46.943913 ], [ 32.503996, 46.938283 ] ] } },
{ "type": "Feature", "properties": { "tessellate": -1, "extrude": 0, "visibility": -1 }, "geometry": { "type": "LineString", "coordinates": [ [ 35.54472, 47.95488 ], [ 35.540771, 47.953961 ], [ 35.539484, 47.956144 ], [ 35.527897, 47.954937 ] ] } },
{ "type": "Feature", "properties": { "tessellate": -1, "extrude": 0, "visibility": -1 }, "geometry": { "type": "LineString", "coordinates": [ [ 37.692289, 48.834748 ], [ 37.687826, 48.838361 ], [ 37.686912, 48.842058 ] ] } },
{ "type": "Feature", "properties": { "tessellate": -1, "extrude": 0, "visibility": -1 }, "geometry": { "type": "LineString", "coordinates": [ [ 36.984548, 48.14394 ], [ 36.984562, 48.144156 ], [ 36.985022, 48.144211 ], [ 36.985132, 48.143954 ] ] } },
{ "type": "Feature", "properties": { "tessellate": -1, "extrude": 0, "visibility": -1 }, "geometry": { "type": "LineString", "coordinates": [ [ 35.339413, 48.120778 ], [ 35.360785, 48.117071 ], [ 35.376492, 48.114091 ], [ 35.421209, 48.104121 ], [ 35.424557, 48.105152 ], [ 35.434341, 48.103255 ], [ 35.439835, 48.100104 ], [ 35.483522, 48.089905 ] ] } },
{ "type": "Feature", "properties": { "tessellate": -1, "extrude": 0, "visibility": -1 }, "geometry": { "type": "LineString", "coordinates": [ [ 36.834068, 48.608964 ], [ 36.825399, 48.611289 ], [ 36.816301, 48.614579 ], [ 36.812439, 48.612594 ], [ 36.810637, 48.611856 ] ] } },
{ "type": "Feature", "properties": { "tessellate": -1, "extrude": 0, "visibility": -1 }, "geometry": { "type": "LineString", "coordinates": [ [ 36.143389, 50.134552 ], [ 36.145964, 50.129768 ], [ 36.159782, 50.127293 ], [ 36.159182, 50.125753 ], [ 36.177464, 50.124048 ] ] } },
{ "type": "Feature", "properties": { "tessellate": -1, "extrude": 0, "visibility": -1 }, "geometry": { "type": "LineString", "coordinates": [ [ 36.139355, 50.080783 ], [ 36.151199, 50.082324 ], [ 36.165705, 50.085517 ], [ 36.16416, 50.097798 ], [ 36.153946, 50.10396 ], [ 36.155748, 50.115193 ], [ 36.159182, 50.125753 ] ] } },
{ "type": "Feature", "properties": { "tessellate": -1, "extrude": 0, "visibility": -1 }, "geometry": { "type": "LineString", "coordinates": [ [ 35.274525, 47.973013 ], [ 35.284481, 47.973013 ], [ 35.296412, 47.973761 ], [ 35.323877, 47.980941 ], [ 35.365162, 47.983755 ], [ 35.377951, 47.985822 ] ] } },
{ "type": "Feature", "properties": { "tessellate": -1, "extrude": 0, "visibility": -1 }, "geometry": { "type": "LineString", "coordinates": [ [ 37.230091, 49.072469 ], [ 37.225456, 49.065331 ], [ 37.224426, 49.062465 ], [ 37.236443, 49.050029 ], [ 37.231808, 49.022135 ], [ 37.233514, 49.008943 ], [ 37.228021, 49.005341 ], [ 37.222186, 48.996896 ], [ 37.222014, 48.990027 ], [ 37.225448, 48.98281 ], [ 37.22768, 48.963546 ], [ 37.239351, 48.954531 ], [ 37.227336, 48.939766 ], [ 37.208675, 48.921291 ], [ 37.20846, 48.917556 ], [ 37.191637, 48.898819 ], [ 37.194212, 48.893856 ], [ 37.189405, 48.888441 ], [ 37.184427, 48.879303 ], [ 37.176701, 48.872739 ], [ 37.191801, 48.863264 ], [ 37.198324, 48.857618 ], [ 37.223653, 48.849755 ], [ 37.240989, 48.838969 ], [ 37.251719, 48.836621 ], [ 37.265277, 48.833378 ], [ 37.268199, 48.832979 ], [ 37.315572, 48.820221 ], [ 37.332916, 48.812694 ], [ 37.337551, 48.812412 ], [ 37.35034, 48.807158 ], [ 37.344933, 48.797319 ], [ 37.354546, 48.794381 ], [ 37.347593, 48.785282 ], [ 37.346207, 48.782093 ] ] } },
{ "type": "Feature", "properties": { "tessellate": -1, "extrude": 0, "visibility": -1 }, "geometry": { "type": "LineString", "coordinates": [ [ 36.801968, 48.615393 ], [ 36.794844, 48.617378 ], [ 36.793556, 48.623673 ], [ 36.783857, 48.628832 ], [ 36.766949, 48.634462 ], [ 36.762486, 48.640471 ], [ 36.736393, 48.654753 ], [ 36.73811, 48.6594 ], [ 36.734848, 48.665632 ], [ 36.734161, 48.67336 ], [ 36.72575, 48.683442 ] ] } },
{ "type": "Feature", "properties": { "tessellate": -1, "extrude": 0, "visibility": -1 }, "geometry": { "type": "LineString", "coordinates": [ [ 36.601124, 48.433995 ], [ 36.606274, 48.439459 ], [ 36.6049, 48.460284 ], [ 36.620865, 48.46108 ], [ 36.653138, 48.465158 ], [ 36.660433, 48.471329 ], [ 36.673822, 48.475826 ] ] } },
{ "type": "Feature", "properties": { "tessellate": -1, "extrude": 0, "visibility": -1 }, "geometry": { "type": "LineString", "coordinates": [ [ 36.759739, 48.499954 ], [ 36.790724, 48.507114 ], [ 36.79862, 48.509447 ], [ 36.815186, 48.511891 ], [ 36.82025, 48.514507 ], [ 36.832952, 48.516951 ], [ 36.854839, 48.516058 ] ] } },
{ "type": "Feature", "properties": { "tessellate": -1, "extrude": 0, "visibility": -1 }, "geometry": { "type": "LineString", "coordinates": [ [ 37.176704, 49.129147 ], [ 37.17207, 49.120044 ], [ 37.157478, 49.115664 ], [ 37.183056, 49.075333 ], [ 37.220821, 49.06488 ], [ 37.224426, 49.062465 ] ] } },
{ "type": "Feature", "properties": { "tessellate": -1, "extrude": 0, "visibility": -1 }, "geometry": { "type": "LineString", "coordinates": [ [ 37.333517, 49.235621 ], [ 37.329998, 49.230019 ], [ 37.340899, 49.218366 ], [ 37.356348, 49.204401 ], [ 37.365017, 49.199748 ], [ 37.365189, 49.192405 ], [ 37.369439, 49.189024 ] ] } },
{ "type": "Feature", "properties": { "tessellate": -1, "extrude": 0, "visibility": -1 }, "geometry": { "type": "LineString", "coordinates": [ [ 35.782616, 47.876075 ], [ 35.796924, 47.877864 ], [ 35.815613, 47.87937 ] ] } },
{ "type": "Feature", "properties": { "tessellate": -1, "extrude": 0, "visibility": -1 }, "geometry": { "type": "LineString", "coordinates": [ [ 35.816103, 47.888022 ], [ 35.817584, 47.893134 ], [ 35.818517, 47.904369 ], [ 35.808041, 47.924332 ], [ 35.811956, 47.926955 ], [ 35.83322, 47.938539 ], [ 35.83479, 47.940542 ], [ 35.837732, 47.941546 ], [ 35.838343, 47.942178 ], [ 35.839675, 47.942624 ], [ 35.841174, 47.942587 ], [ 35.843394, 47.943776 ], [ 35.84166, 47.946105 ], [ 35.838279, 47.947424 ], [ 35.834858, 47.958058 ], [ 35.844523, 47.97288 ], [ 35.843612, 47.974403 ], [ 35.842637, 47.975971 ], [ 35.841076, 47.97658 ], [ 35.837748, 47.979786 ], [ 35.841567, 47.981289 ], [ 35.84239, 47.982893 ], [ 35.849353, 47.989056 ], [ 35.891845, 48.000368 ], [ 35.899148, 48.003687 ], [ 35.90478, 48.009565 ], [ 35.907821, 48.014312 ] ] } },
{ "type": "Feature", "properties": { "tessellate": -1, "extrude": 0, "visibility": -1 }, "geometry": { "type": "LineString", "coordinates": [ [ 35.962248, 47.985826 ], [ 35.954117, 47.974449 ], [ 35.960548, 47.972461 ], [ 35.948464, 47.948984 ], [ 35.949848, 47.9463 ] ] } },
{ "type": "Feature", "properties": { "tessellate": -1, "extrude": 0, "visibility": -1 }, "geometry": { "type": "LineString", "coordinates": [ [ 36.800852, 48.624446 ], [ 36.807976, 48.622064 ], [ 36.813126, 48.615259 ], [ 36.816301, 48.614579 ] ] } },
{ "type": "Feature", "properties": { "tessellate": -1, "extrude": 0, "visibility": -1 }, "geometry": { "type": "LineString", "coordinates": [ [ 37.18945, 48.506991 ], [ 37.178312, 48.50722 ], [ 37.161202, 48.505013 ], [ 37.158905, 48.505013 ] ] } },
{ "type": "Feature", "properties": { "tessellate": -1, "extrude": 0, "visibility": -1 }, "geometry": { "type": "LineString", "coordinates": [ [ 37.214642, 48.513816 ], [ 37.199492, 48.526676 ], [ 37.194386, 48.52366 ], [ 37.18709, 48.521047 ], [ 37.179537, 48.517464 ], [ 37.174473, 48.513941 ], [ 37.164345, 48.509111 ], [ 37.157412, 48.506383 ], [ 37.147485, 48.517068 ], [ 37.146899, 48.518297 ], [ 37.14143, 48.525154 ], [ 37.132738, 48.525218 ] ] } },
{ "type": "Feature", "properties": { "tessellate": -1, "extrude": 0, "visibility": -1 }, "geometry": { "type": "LineString", "coordinates": [ [ 37.601181, 50.323285 ], [ 37.601181, 50.319401 ], [ 37.5916, 50.31707 ], [ 37.58795, 50.317847 ], [ 37.584148, 50.322799 ], [ 37.574414, 50.329984 ], [ 37.56302, 50.334119 ], [ 37.554476, 50.343541 ], [ 37.546708, 50.346138 ], [ 37.543563, 50.344486 ], [ 37.536904, 50.343541 ], [ 37.535055, 50.348263 ], [ 37.525991, 50.353574 ], [ 37.525089, 50.359617 ] ] } },
{ "type": "Feature", "properties": { "tessellate": -1, "extrude": 0, "visibility": -1 }, "geometry": { "type": "LineString", "coordinates": [ [ 35.122601, 51.165572 ], [ 35.129649, 51.168166 ], [ 35.129342, 51.169896 ] ] } },
{ "type": "Feature", "properties": { "tessellate": -1, "extrude": 0, "visibility": -1 }, "geometry": { "type": "LineString", "coordinates": [ [ 35.133326, 51.171433 ], [ 35.134858, 51.170472 ], [ 35.129649, 51.168166 ] ] } },
{ "type": "Feature", "properties": { "tessellate": -1, "extrude": 0, "visibility": -1 }, "geometry": { "type": "LineString", "coordinates": [ [ 34.530415, 51.252987 ], [ 34.522806, 51.252654 ] ] } },
{ "type": "Feature", "properties": { "tessellate": -1, "extrude": 0, "visibility": -1 }, "geometry": { "type": "LineString", "coordinates": [ [ 34.535506, 50.953491 ], [ 34.467029, 50.951986 ], [ 34.444152, 50.946981 ], [ 34.438432, 50.946781 ], [ 34.4289, 50.944579 ], [ 34.425405, 50.950585 ], [ 34.422863, 50.964394 ], [ 34.421592, 50.971398 ], [ 34.415816, 50.992749 ], [ 34.413155, 50.996394 ], [ 34.404705, 50.997576 ], [ 34.396097, 50.997576 ] ] } },
{ "type": "Feature", "properties": { "tessellate": -1, "extrude": 0, "visibility": -1 }, "geometry": { "type": "LineString", "coordinates": [ [ 36.366917, 48.275422 ], [ 36.364092, 48.282891 ], [ 36.36068, 48.286087 ] ] } },
{ "type": "Feature", "properties": { "tessellate": -1, "extrude": 0, "visibility": -1 }, "geometry": { "type": "LineString", "coordinates": [ [ 37.057018, 48.388188 ], [ 37.054717, 48.396543 ], [ 37.061187, 48.39554 ], [ 37.071756, 48.387759 ], [ 37.074632, 48.387042 ], [ 37.08024, 48.386231 ], [ 37.087926, 48.385917 ] ] } },
{ "type": "Feature", "properties": { "tessellate": -1, "extrude": 0, "visibility": -1 }, "geometry": { "type": "LineString", "coordinates": [ [ 37.072398, 48.34826 ], [ 37.070789, 48.352091 ], [ 37.068644, 48.355511 ], [ 37.065639, 48.358475 ], [ 37.057018, 48.388188 ] ] } },
{ "type": "Feature", "properties": { "tessellate": -1, "extrude": 0, "visibility": -1 }, "geometry": { "type": "LineString", "coordinates": [ [ 37.464576, 49.033995 ], [ 37.460027, 49.03377 ], [ 37.457538, 49.034107 ], [ 37.458312, 49.056217 ], [ 37.45608, 49.057285 ], [ 37.448013, 49.062965 ], [ 37.443035, 49.063077 ], [ 37.439216, 49.066787 ], [ 37.435869, 49.069402 ], [ 37.435182, 49.072241 ], [ 37.429644, 49.078037 ], [ 37.417887, 49.085399 ], [ 37.40098, 49.085568 ], [ 37.388706, 49.090015 ], [ 37.375402, 49.094509 ], [ 37.366476, 49.100014 ], [ 37.361755, 49.10592 ] ] } },
{ "type": "Feature", "properties": { "tessellate": -1, "extrude": 0, "visibility": -1 }, "geometry": { "type": "LineString", "coordinates": [ [ 31.668692, 51.973531 ], [ 31.668005, 51.977554 ], [ 31.676502, 51.981781 ], [ 31.678905, 51.984529 ], [ 31.673927, 51.993773 ], [ 31.674871, 51.996942 ], [ 31.669292, 52.006686 ], [ 31.664829, 52.020625 ], [ 31.668091, 52.025744 ], [ 31.673495, 52.029374 ], [ 31.673069, 52.036545 ] ] } },
{ "type": "Feature", "properties": { "tessellate": -1, "extrude": 0, "visibility": -1 }, "geometry": { "type": "LineString", "coordinates": [ [ 35.301991, 50.294173 ], [ 35.31435, 50.291268 ], [ 35.327826, 50.283153 ], [ 35.329885, 50.277114 ], [ 35.328083, 50.272948 ], [ 35.331173, 50.271412 ], [ 35.33658, 50.274154 ], [ 35.345507, 50.277114 ], [ 35.348253, 50.276456 ], [ 35.367737, 50.261158 ], [ 35.385675, 50.255662 ], [ 35.419664, 50.247813 ], [ 35.437775, 50.240736 ], [ 35.449104, 50.237111 ], [ 35.453911, 50.240677 ], [ 35.460091, 50.24161 ], [ 35.467901, 50.239196 ], [ 35.470219, 50.235684 ], [ 35.477171, 50.236127 ], [ 35.505667, 50.238322 ], [ 35.52206, 50.240427 ], [ 35.533218, 50.240756 ], [ 35.561028, 50.25107 ], [ 35.591669, 50.266419 ] ] } },
{ "type": "Feature", "properties": { "tessellate": -1, "extrude": 0, "visibility": -1 }, "geometry": { "type": "LineString", "coordinates": [ [ 36.722231, 50.0815 ], [ 36.711502, 50.081225 ], [ 36.697254, 50.085519 ], [ 36.685152, 50.0875 ], [ 36.683006, 50.087335 ], [ 36.68189, 50.08739 ], [ 36.679058, 50.085409 ], [ 36.675282, 50.084363 ], [ 36.667814, 50.081666 ], [ 36.665411, 50.079904 ], [ 36.646099, 50.085962 ], [ 36.640263, 50.086678 ], [ 36.640177, 50.08921 ] ] } },
{ "type": "Feature", "properties": { "tessellate": -1, "extrude": 0, "visibility": -1 }, "geometry": { "type": "LineString", "coordinates": [ [ 36.180124, 50.15613 ], [ 36.190252, 50.153381 ], [ 36.197376, 50.153766 ], [ 36.20141, 50.153162 ], [ 36.203985, 50.154646 ] ] } },
{ "type": "Feature", "properties": { "tessellate": -1, "extrude": 0, "visibility": -1 }, "geometry": { "type": "LineString", "coordinates": [ [ 36.666696, 48.392509 ], [ 36.666956, 48.396744 ], [ 36.6679, 48.401187 ], [ 36.668844, 48.402952 ], [ 36.666784, 48.4058 ], [ 36.665497, 48.409501 ], [ 36.666098, 48.414284 ], [ 36.663437, 48.416163 ], [ 36.661034, 48.426923 ], [ 36.660086, 48.430118 ], [ 36.660429, 48.432965 ], [ 36.659914, 48.434502 ] ] } },
{ "type": "Feature", "properties": { "tessellate": -1, "extrude": 0, "visibility": -1 }, "geometry": { "type": "LineString", "coordinates": [ [ 36.923724, 48.214353 ], [ 36.920831, 48.221798 ], [ 36.917195, 48.239455 ] ] } },
{ "type": "Feature", "properties": { "tessellate": -1, "extrude": 0, "visibility": -1 }, "geometry": { "type": "LineString", "coordinates": [ [ 37.193479, 48.252 ], [ 37.191757, 48.252238 ], [ 37.190034, 48.25378 ], [ 37.187242, 48.25465 ] ] } },
{ "type": "Feature", "properties": { "tessellate": -1, "extrude": 0, "visibility": -1 }, "geometry": { "type": "LineString", "coordinates": [ [ 37.194548, 48.252119 ], [ 37.203637, 48.252989 ] ] } },
{ "type": "Feature", "properties": { "tessellate": -1, "extrude": 0, "visibility": -1 }, "geometry": { "type": "LineString", "coordinates": [ [ 37.223922, 48.263631 ], [ 37.223588, 48.26741 ], [ 37.229666, 48.269811 ], [ 37.23167, 48.269722 ], [ 37.238482, 48.271812 ], [ 37.24249, 48.272256 ], [ 37.245028, 48.272078 ], [ 37.247298, 48.271323 ], [ 37.248634, 48.271278 ], [ 37.251506, 48.270745 ] ] } },
{ "type": "Feature", "properties": { "tessellate": -1, "extrude": 0, "visibility": -1 }, "geometry": { "type": "LineString", "coordinates": [ [ 37.238592, 48.283629 ], [ 37.237392, 48.287766 ], [ 37.235616, 48.288564 ], [ 37.233472, 48.291525 ] ] } },
{ "type": "Feature", "properties": { "tessellate": -1, "extrude": 0, "visibility": -1 }, "geometry": { "type": "LineString", "coordinates": [ [ 37.237392, 48.287766 ], [ 37.236645, 48.291904 ] ] } },
{ "type": "Feature", "properties": { "tessellate": -1, "extrude": 0, "visibility": -1 }, "geometry": { "type": "LineString", "coordinates": [ [ 36.029808, 47.659813 ], [ 36.025711, 47.664477 ], [ 36.022195, 47.667227 ], [ 36.021401, 47.670244 ] ] } },
{ "type": "Feature", "properties": { "tessellate": -1, "extrude": 0, "visibility": -1 }, "geometry": { "type": "LineString", "coordinates": [ [ 36.179513, 47.80248 ], [ 36.16959, 47.808723 ], [ 36.148684, 47.819111 ], [ 36.148215, 47.820495 ], [ 36.149434, 47.826538 ], [ 36.149621, 47.829685 ], [ 36.143919, 47.846891 ], [ 36.128641, 47.852143 ] ] } },
{ "type": "Feature", "properties": { "tessellate": -1, "extrude": 0, "visibility": -1 }, "geometry": { "type": "LineString", "coordinates": [ [ 36.164209, 48.043544 ], [ 36.167545, 48.031943 ], [ 36.17572, 48.025249 ], [ 36.171883, 48.015542 ], [ 36.164709, 48.016099 ], [ 36.152698, 48.011747 ], [ 36.135848, 48.003488 ], [ 36.133938, 47.982575 ], [ 36.143028, 47.970323 ], [ 36.156482, 47.960259 ], [ 36.161573, 47.95961 ] ] } },
{ "type": "Feature", "properties": { "tessellate": -1, "extrude": 0, "visibility": -1 }, "geometry": { "type": "LineString", "coordinates": [ [ 36.496225, 48.190132 ], [ 36.499354, 48.186922 ], [ 36.503953, 48.177942 ], [ 36.508985, 48.172908 ], [ 36.518578, 48.168189 ], [ 36.525341, 48.163993 ], [ 36.526571, 48.158483 ], [ 36.525606, 48.149366 ], [ 36.526088, 48.140891 ], [ 36.528339, 48.13102 ], [ 36.53015, 48.129801 ], [ 36.534611, 48.130008 ], [ 36.538059, 48.128758 ], [ 36.545943, 48.127706 ], [ 36.553629, 48.127837 ], [ 36.555895, 48.127114 ], [ 36.555107, 48.123101 ], [ 36.552151, 48.121589 ], [ 36.552052, 48.12001 ], [ 36.553629, 48.119286 ], [ 36.554319, 48.117905 ], [ 36.553333, 48.115471 ], [ 36.548408, 48.113377 ], [ 36.546946, 48.114526 ], [ 36.545943, 48.127706 ] ] } },
{ "type": "Feature", "properties": { "tessellate": -1, "extrude": 0, "visibility": -1 }, "geometry": { "type": "LineString", "coordinates": [ [ 36.429445, 48.3355 ], [ 36.418527, 48.334533 ], [ 36.411873, 48.333261 ], [ 36.412705, 48.330497 ], [ 36.408796, 48.33022 ], [ 36.395488, 48.331271 ], [ 36.390997, 48.330828 ], [ 36.38792, 48.33105 ], [ 36.384926, 48.345203 ], [ 36.381682, 48.347635 ], [ 36.37512, 48.349421 ] ] } },
{ "type": "Feature", "properties": { "tessellate": -1, "extrude": 0, "visibility": -1 }, "geometry": { "type": "LineString", "coordinates": [ [ 36.5729, 48.064274 ], [ 36.574536, 48.064274 ] ] } },
{ "type": "Feature", "properties": { "tessellate": -1, "extrude": 0, "visibility": -1 }, "geometry": { "type": "LineString", "coordinates": [ [ 36.559367, 48.10612 ], [ 36.557456, 48.107538 ] ] } },
{ "type": "Feature", "properties": { "tessellate": -1, "extrude": 0, "visibility": -1 }, "geometry": { "type": "LineString", "coordinates": [ [ 36.556752, 48.111597 ], [ 36.554601, 48.112343 ], [ 36.553333, 48.115471 ] ] } },
{ "type": "Feature", "properties": { "tessellate": -1, "extrude": 0, "visibility": -1 }, "geometry": { "type": "LineString", "coordinates": [ [ 36.553629, 48.127837 ], [ 36.55425, 48.1327 ], [ 36.553639, 48.140686 ], [ 36.551808, 48.147367 ], [ 36.551726, 48.156676 ], [ 36.56269, 48.155041 ], [ 36.577137, 48.160892 ], [ 36.590035, 48.16115 ], [ 36.612839, 48.169685 ], [ 36.617143, 48.175835 ], [ 36.615913, 48.178704 ], [ 36.614188, 48.184533 ], [ 36.618633, 48.189132 ], [ 36.61756, 48.192453 ], [ 36.617746, 48.196773 ], [ 36.644545, 48.201698 ], [ 36.646085, 48.204065 ], [ 36.646328, 48.208533 ], [ 36.656665, 48.209179 ], [ 36.661188, 48.210309 ], [ 36.665812, 48.213903 ], [ 36.668744, 48.215369 ], [ 36.671921, 48.218734 ], [ 36.674365, 48.220524 ], [ 36.673957, 48.223943 ], [ 36.683304, 48.224922 ], [ 36.694185, 48.224503 ], [ 36.700358, 48.219624 ], [ 36.720654, 48.221297 ], [ 36.739582, 48.222688 ], [ 36.768899, 48.22142 ], [ 36.781053, 48.224595 ], [ 36.78701, 48.22523 ], [ 36.796662, 48.226183 ], [ 36.800237, 48.227691 ], [ 36.800039, 48.235109 ], [ 36.798347, 48.240029 ], [ 36.796346, 48.249047 ], [ 36.800963, 48.255297 ], [ 36.800809, 48.258576 ], [ 36.799751, 48.268269 ], [ 36.799751, 48.271209 ], [ 36.799491, 48.273976 ], [ 36.80131, 48.276483 ], [ 36.804298, 48.278213 ], [ 36.806116, 48.280288 ], [ 36.808162, 48.28617 ], [ 36.812533, 48.290202 ], [ 36.814818, 48.290995 ], [ 36.814421, 48.293572 ], [ 36.802302, 48.302824 ], [ 36.797, 48.305596 ], [ 36.793551, 48.314263 ], [ 36.790757, 48.319146 ], [ 36.788164, 48.325807 ], [ 36.784248, 48.328073 ], [ 36.767328, 48.342472 ], [ 36.765641, 48.345319 ] ] } },
{ "type": "Feature", "properties": { "tessellate": -1, "extrude": 0, "visibility": -1 }, "geometry": { "type": "LineString", "coordinates": [ [ 36.638288, 47.91767 ], [ 36.634907, 47.918711 ], [ 36.634176, 47.919629 ], [ 36.633199, 47.924631 ], [ 36.629336, 47.926417 ], [ 36.625961, 47.936976 ], [ 36.623926, 47.946265 ], [ 36.622908, 47.949929 ], [ 36.622093, 47.954312 ] ] } },
{ "type": "Feature", "properties": { "tessellate": -1, "extrude": 0, "visibility": -1 }, "geometry": { "type": "LineString", "coordinates": [ [ 37.741444, 48.535525 ], [ 37.740786, 48.533891 ], [ 37.743967, 48.532183 ] ] } },
{ "type": "Feature", "properties": { "tessellate": -1, "extrude": 0, "visibility": -1 }, "geometry": { "type": "LineString", "coordinates": [ [ 37.781427, 48.773709 ], [ 37.773317, 48.779257 ], [ 37.769415, 48.780272 ], [ 37.768286, 48.782504 ], [ 37.764826, 48.783947 ], [ 37.761735, 48.785849 ] ] } },
{ "type": "Feature", "properties": { "tessellate": -1, "extrude": 0, "visibility": -1 }, "geometry": { "type": "LineString", "coordinates": [ [ 36.334597, 47.704379 ], [ 36.333865, 47.706349 ], [ 36.329839, 47.706431 ], [ 36.325448, 47.708647 ], [ 36.325448, 47.710699 ], [ 36.325448, 47.713408 ], [ 36.332236, 47.719988 ], [ 36.33763, 47.720215 ], [ 36.341422, 47.721689 ], [ 36.345466, 47.721122 ], [ 36.348332, 47.722029 ], [ 36.351112, 47.722369 ], [ 36.352882, 47.726451 ], [ 36.353893, 47.727641 ] ] } },
{ "type": "Feature", "properties": { "tessellate": -1, "extrude": 0, "visibility": -1 }, "geometry": { "type": "LineString", "coordinates": [ [ 35.442007, 47.593855 ], [ 35.44416, 47.594772 ], [ 35.458659, 47.594798 ] ] } },
{ "type": "Feature", "properties": { "tessellate": -1, "extrude": 0, "visibility": -1 }, "geometry": { "type": "LineString", "coordinates": [ [ 36.534924, 47.863786 ], [ 36.546878, 47.865202 ], [ 36.54505, 47.871806 ] ] } },
{ "type": "Feature", "properties": { "tessellate": -1, "extrude": 0, "visibility": -1 }, "geometry": { "type": "LineString", "coordinates": [ [ 35.672895, 47.383924 ], [ 35.683201, 47.379912 ], [ 35.694666, 47.380261 ], [ 35.702525, 47.377905 ], [ 35.723265, 47.378167 ], [ 35.754751, 47.38026 ], [ 35.757953, 47.39346 ], [ 35.767423, 47.395722 ], [ 35.791097, 47.395722 ], [ 35.79806, 47.394497 ], [ 35.808374, 47.391729 ], [ 35.828496, 47.390898 ], [ 35.847147, 47.391729 ], [ 35.865797, 47.401032 ], [ 35.88273, 47.406181 ], [ 35.895604, 47.408952 ], [ 35.909031, 47.412679 ], [ 35.915056, 47.420251 ], [ 35.915228, 47.425143 ], [ 35.911269, 47.43015 ], [ 35.910925, 47.433062 ], [ 35.913679, 47.436904 ], [ 35.91495, 47.440121 ], [ 35.921505, 47.443779 ], [ 35.934451, 47.447325 ], [ 35.942645, 47.446882 ], [ 35.956961, 47.446124 ] ] } },
{ "type": "Feature", "properties": { "tessellate": -1, "extrude": 0, "visibility": -1 }, "geometry": { "type": "LineString", "coordinates": [ [ 36.169995, 47.416456 ], [ 36.145768, 47.419475 ], [ 36.131743, 47.426269 ], [ 36.115326, 47.430905 ], [ 36.107517, 47.435973 ], [ 36.100344, 47.435973 ], [ 36.093013, 47.434355 ], [ 36.089188, 47.435002 ], [ 36.079715, 47.432597 ] ] } },
{ "type": "Feature", "properties": { "tessellate": -1, "extrude": 0, "visibility": -1 }, "geometry": { "type": "LineString", "coordinates": [ [ 36.047734, 47.399316 ], [ 36.041255, 47.39493 ], [ 36.028783, 47.394272 ], [ 36.024409, 47.390325 ], [ 36.024247, 47.389776 ], [ 36.01955, 47.379138 ], [ 36.011127, 47.382977 ], [ 36.00238, 47.379577 ], [ 35.99043, 47.377156 ], [ 35.976502, 47.371654 ], [ 35.966249, 47.36222 ], [ 35.963348, 47.359862 ], [ 35.964765, 47.352679 ] ] } },
{ "type": "Feature", "properties": { "tessellate": -1, "extrude": 0, "visibility": -1 }, "geometry": { "type": "LineString", "coordinates": [ [ 37.114743, 47.602092 ], [ 37.127254, 47.60132 ], [ 37.144697, 47.597705 ], [ 37.158066, 47.592788 ], [ 37.166177, 47.591382 ], [ 37.174249, 47.596962 ] ] } },
{ "type": "Feature", "properties": { "tessellate": -1, "extrude": 0, "visibility": -1 }, "geometry": { "type": "LineString", "coordinates": [ [ 38.163516, 48.453837 ], [ 38.164716, 48.452352 ] ] } },
{ "type": "Feature", "properties": { "tessellate": -1, "extrude": 0, "visibility": -1 }, "geometry": { "type": "LineString", "coordinates": [ [ 36.01214, 47.08251 ], [ 36.014199, 47.084697 ], [ 36.014116, 47.087585 ], [ 36.012469, 47.089491 ], [ 36.008228, 47.090584 ], [ 36.004399, 47.090472 ], [ 36.001228, 47.088846 ], [ 35.999293, 47.08579 ], [ 36.01214, 47.08251 ] ] } },
{ "type": "Feature", "properties": { "tessellate": -1, "extrude": 0, "visibility": -1 }, "geometry": { "type": "LineString", "coordinates": [ [ 35.764923, 47.225198 ], [ 35.766758, 47.230477 ], [ 35.782736, 47.234582 ], [ 35.797635, 47.234436 ], [ 35.798889, 47.242208 ], [ 35.797264, 47.24928 ], [ 35.781191, 47.264158 ], [ 35.775078, 47.269688 ], [ 35.764928, 47.277089 ], [ 35.758265, 47.282085 ], [ 35.741258, 47.288746 ], [ 35.718991, 47.291719 ], [ 35.694795, 47.283156 ], [ 35.673054, 47.280896 ], [ 35.661307, 47.274591 ], [ 35.649735, 47.266144 ], [ 35.651664, 47.253055 ], [ 35.631676, 47.250437 ], [ 35.633955, 47.233415 ], [ 35.645001, 47.223652 ], [ 35.653417, 47.21746 ], [ 35.661307, 47.214601 ], [ 35.686379, 47.215554 ], [ 35.705992, 47.216296 ], [ 35.723711, 47.217003 ], [ 35.764923, 47.225198 ] ] } },
{ "type": "Feature", "properties": { "tessellate": -1, "extrude": 0, "visibility": -1 }, "geometry": { "type": "LineString", "coordinates": [ [ 38.499566, 48.851201 ], [ 38.498474, 48.852214 ], [ 38.497083, 48.853096 ], [ 38.495494, 48.852769 ], [ 38.494998, 48.851364 ], [ 38.495494, 48.850286 ], [ 38.497381, 48.849829 ], [ 38.49892, 48.850515 ], [ 38.499566, 48.851201 ] ] } },
{ "type": "Feature", "properties": { "tessellate": -1, "extrude": 0, "visibility": -1 }, "geometry": { "type": "LineString", "coordinates": [ [ 37.489031, 48.332911 ], [ 37.487846, 48.335865 ], [ 37.486842, 48.339477 ], [ 37.484757, 48.341534 ] ] } },
{ "type": "Feature", "properties": { "tessellate": -1, "extrude": 0, "visibility": -1 }, "geometry": { "type": "LineString", "coordinates": [ [ 37.465035, 48.327527 ], [ 37.46227, 48.330744 ], [ 37.46464, 48.337309 ], [ 37.474318, 48.340657 ], [ 37.48202, 48.34512 ], [ 37.492685, 48.355528 ] ] } },
{ "type": "Feature", "properties": { "tessellate": -1, "extrude": 0, "visibility": -1 }, "geometry": { "type": "LineString", "coordinates": [ [ 37.27047, 48.279746 ], [ 37.274022, 48.285673 ], [ 37.274122, 48.288136 ], [ 37.272521, 48.2901 ], [ 37.259309, 48.288548 ] ] } },
{ "type": "Feature", "properties": { "tessellate": -1, "extrude": 0, "visibility": -1 }, "geometry": { "type": "LineString", "coordinates": [ [ 37.272521, 48.2901 ], [ 37.271997, 48.291215 ] ] } },
{ "type": "Feature", "properties": { "tessellate": -1, "extrude": 0, "visibility": -1 }, "geometry": { "type": "LineString", "coordinates": [ [ 37.282816, 48.29792 ], [ 37.29156, 48.302658 ] ] } },
{ "type": "Feature", "properties": { "tessellate": -1, "extrude": 0, "visibility": -1 }, "geometry": { "type": "LineString", "coordinates": [ [ 37.297482, 48.323791 ], [ 37.296342, 48.327694 ], [ 37.294182, 48.335054 ] ] } },
{ "type": "Feature", "properties": { "tessellate": -1, "extrude": 0, "visibility": -1 }, "geometry": { "type": "LineString", "coordinates": [ [ 37.331335, 48.389363 ], [ 37.330599, 48.397068 ], [ 37.333177, 48.40147 ] ] } },
{ "type": "Feature", "properties": { "tessellate": -1, "extrude": 0, "visibility": -1 }, "geometry": { "type": "LineString", "coordinates": [ [ 37.300251, 48.338764 ], [ 37.301978, 48.341823 ], [ 37.300587, 48.344765 ], [ 37.30046, 48.348968 ], [ 37.293631, 48.35275 ] ] } },
{ "type": "Feature", "properties": { "tessellate": -1, "extrude": 0, "visibility": -1 }, "geometry": { "type": "LineString", "coordinates": [ [ 37.292113, 48.381065 ], [ 37.290343, 48.38686 ], [ 37.28326, 48.388204 ], [ 37.250505, 48.389296 ], [ 37.243549, 48.387532 ], [ 37.218761, 48.3856 ], [ 37.217117, 48.385768 ] ] } },
{ "type": "Feature", "properties": { "tessellate": -1, "extrude": 0, "visibility": -1 }, "geometry": { "type": "LineString", "coordinates": [ [ 37.336396, 48.41033 ], [ 37.340485, 48.410083 ], [ 37.358451, 48.411975 ], [ 37.371586, 48.414771 ], [ 37.378524, 48.421926 ], [ 37.387446, 48.423571 ], [ 37.391368, 48.428839 ] ] } },
{ "type": "Feature", "properties": { "tessellate": -1, "extrude": 0, "visibility": -1 }, "geometry": { "type": "LineString", "coordinates": [ [ 37.393835, 48.432917 ], [ 37.39739, 48.438263 ] ] } },
{ "type": "Feature", "properties": { "tessellate": -1, "extrude": 0, "visibility": -1 }, "geometry": { "type": "LineString", "coordinates": [ [ 37.419283, 48.472032 ], [ 37.420933, 48.474924 ] ] } },
{ "type": "Feature", "properties": { "tessellate": -1, "extrude": 0, "visibility": -1 }, "geometry": { "type": "LineString", "coordinates": [ [ 37.550291, 48.438102 ], [ 37.560087, 48.44459 ], [ 37.573255, 48.442668 ], [ 37.598406, 48.444241 ], [ 37.609731, 48.443629 ] ] } },
{ "type": "Feature", "properties": { "tessellate": -1, "extrude": 0, "visibility": -1 }, "geometry": { "type": "LineString", "coordinates": [ [ 36.9924, 48.348394 ], [ 36.995395, 48.330477 ], [ 36.996628, 48.327431 ], [ 36.997157, 48.319699 ] ] } },
{ "type": "Feature", "properties": { "tessellate": -1, "extrude": 0, "visibility": -1 }, "geometry": { "type": "LineString", "coordinates": [ [ 36.940035, 48.32327 ], [ 36.929046, 48.322389 ], [ 36.923362, 48.323018 ] ] } },
{ "type": "Feature", "properties": { "tessellate": -1, "extrude": 0, "visibility": -1 }, "geometry": { "type": "LineString", "coordinates": [ [ 37.135878, 48.395885 ], [ 37.144297, 48.3996 ], [ 37.154321, 48.398313 ], [ 37.159085, 48.398018 ] ] } },
{ "type": "Feature", "properties": { "tessellate": -1, "extrude": 0, "visibility": -1 }, "geometry": { "type": "LineString", "coordinates": [ [ 37.169925, 48.415069 ], [ 37.159536, 48.417177 ] ] } },
{ "type": "Feature", "properties": { "tessellate": -1, "extrude": 0, "visibility": -1 }, "geometry": { "type": "LineString", "coordinates": [ [ 37.076048, 48.40747 ], [ 37.075586, 48.409054 ], [ 37.073431, 48.410179 ], [ 37.069581, 48.410536 ], [ 37.064577, 48.412683 ], [ 37.061382, 48.413296 ], [ 37.059089, 48.414079 ], [ 37.057712, 48.413948 ], [ 37.056533, 48.413209 ], [ 37.04821, 48.413861 ], [ 37.046899, 48.413818 ], [ 37.045195, 48.414644 ], [ 37.036151, 48.41434 ], [ 37.034119, 48.4126 ], [ 37.033595, 48.408336 ], [ 37.032677, 48.405247 ], [ 37.052404, 48.401462 ], [ 37.053518, 48.400592 ], [ 37.054717, 48.396543 ] ] } },
{ "type": "Feature", "properties": { "tessellate": -1, "extrude": 0, "visibility": -1 }, "geometry": { "type": "LineString", "coordinates": [ [ 37.032677, 48.405247 ], [ 37.023131, 48.407854 ], [ 37.008251, 48.41086 ], [ 37.004855, 48.410968 ] ] } },
{ "type": "Feature", "properties": { "tessellate": -1, "extrude": 0, "visibility": -1 }, "geometry": { "type": "LineString", "coordinates": [ [ 36.962262, 48.372513 ], [ 36.953573, 48.373437 ], [ 36.950933, 48.375523 ], [ 36.94351, 48.377846 ], [ 36.938157, 48.378225 ], [ 36.93366, 48.380406 ], [ 36.915389, 48.385525 ], [ 36.910562, 48.386055 ], [ 36.906196, 48.388153 ], [ 36.90378, 48.388214 ], [ 36.903316, 48.388276 ], [ 36.896441, 48.390744 ], [ 36.889566, 48.39537 ], [ 36.886118, 48.39667 ], [ 36.8804, 48.39862 ], [ 36.879628, 48.398158 ] ] } },
{ "type": "Feature", "properties": { "tessellate": -1, "extrude": 0, "visibility": -1 }, "geometry": { "type": "LineString", "coordinates": [ [ 36.886118, 48.39667 ], [ 36.888359, 48.398414 ], [ 36.889634, 48.402514 ], [ 36.890374, 48.405611 ], [ 36.897494, 48.407969 ], [ 36.907081, 48.409226 ], [ 36.91513, 48.404669 ], [ 36.922823, 48.405376 ], [ 36.924362, 48.417789 ], [ 36.923036, 48.426504 ], [ 36.908738, 48.423995 ], [ 36.892878, 48.423209 ], [ 36.880923, 48.424231 ], [ 36.859973, 48.417161 ], [ 36.845059, 48.412919 ], [ 36.844468, 48.406869 ], [ 36.847545, 48.403647 ], [ 36.849557, 48.399325 ], [ 36.849794, 48.395946 ], [ 36.848137, 48.392174 ], [ 36.840798, 48.387615 ], [ 36.824583, 48.385021 ], [ 36.823044, 48.382899 ], [ 36.827187, 48.380697 ], [ 36.829142, 48.371069 ] ] } },
{ "type": "Feature", "properties": { "tessellate": -1, "extrude": 0, "visibility": -1 }, "geometry": { "type": "LineString", "coordinates": [ [ 37.016645, 48.432999 ], [ 37.013952, 48.44494 ], [ 37.012061, 48.455737 ] ] } },
{ "type": "Feature", "properties": { "tessellate": -1, "extrude": 0, "visibility": -1 }, "geometry": { "type": "LineString", "coordinates": [ [ 36.744729, 48.438285 ], [ 36.746646, 48.437967 ], [ 36.750091, 48.443154 ], [ 36.762416, 48.44377 ], [ 36.79568, 48.452999 ], [ 36.812643, 48.454845 ], [ 36.825233, 48.455197 ], [ 36.835438, 48.452296 ], [ 36.85028, 48.456252 ], [ 36.861907, 48.460459 ], [ 36.883829, 48.468286 ], [ 36.898875, 48.469748 ], [ 36.910939, 48.474048 ], [ 36.924578, 48.475046 ], [ 36.930651, 48.481685 ], [ 36.940879, 48.482956 ], [ 36.944289, 48.490866 ], [ 36.943818, 48.498596 ], [ 36.942903, 48.503412 ], [ 36.946797, 48.50458 ], [ 36.95438, 48.509403 ], [ 36.962512, 48.506732 ], [ 36.971191, 48.507275 ], [ 36.974696, 48.510763 ], [ 36.984766, 48.516862 ], [ 36.992438, 48.51953 ], [ 36.999727, 48.51394 ], [ 37.010279, 48.509836 ], [ 37.018501, 48.510986 ], [ 37.017405, 48.514375 ] ] } },
{ "type": "Feature", "properties": { "tessellate": -1, "extrude": 0, "visibility": -1 }, "geometry": { "type": "LineString", "coordinates": [ [ 37.018501, 48.510986 ], [ 37.029722, 48.512658 ] ] } },
{ "type": "Feature", "properties": { "tessellate": -1, "extrude": 0, "visibility": -1 }, "geometry": { "type": "LineString", "coordinates": [ [ 37.133532, 48.568998 ], [ 37.138055, 48.57118 ] ] } },
{ "type": "Feature", "properties": { "tessellate": -1, "extrude": 0, "visibility": -1 }, "geometry": { "type": "LineString", "coordinates": [ [ 37.312757, 48.601758 ], [ 37.314089, 48.611413 ], [ 37.324163, 48.62289 ], [ 37.327515, 48.62903 ], [ 37.325868, 48.632658 ], [ 37.325319, 48.635287 ] ] } },
{ "type": "Feature", "properties": { "tessellate": -1, "extrude": 0, "visibility": -1 }, "geometry": { "type": "LineString", "coordinates": [ [ 37.336797, 48.677963 ], [ 37.339068, 48.684062 ] ] } },
{ "type": "Feature", "properties": { "tessellate": -1, "extrude": 0, "visibility": -1 }, "geometry": { "type": "LineString", "coordinates": [ [ 37.405306, 48.771411 ], [ 37.408848, 48.776761 ], [ 37.416649, 48.775698 ], [ 37.418622, 48.771975 ], [ 37.41898, 48.772034 ], [ 37.428215, 48.77103 ], [ 37.438078, 48.771266 ], [ 37.444534, 48.76837 ], [ 37.454845, 48.767366 ], [ 37.458611, 48.765829 ], [ 37.463901, 48.764942 ] ] } },
{ "type": "Feature", "properties": { "tessellate": -1, "extrude": 0, "visibility": -1 }, "geometry": { "type": "LineString", "coordinates": [ [ 37.408848, 48.776761 ], [ 37.40983, 48.779174 ], [ 37.414434, 48.782126 ], [ 37.419785, 48.780978 ], [ 37.42663, 48.786882 ] ] } },
{ "type": "Feature", "properties": { "tessellate": -1, "extrude": 0, "visibility": -1 }, "geometry": { "type": "LineString", "coordinates": [ [ 37.57673, 48.666627 ], [ 37.593521, 48.655639 ], [ 37.599535, 48.652699 ], [ 37.603986, 48.653679 ], [ 37.617888, 48.654556 ], [ 37.624995, 48.65631 ], [ 37.630646, 48.656014 ] ] } },
{ "type": "Feature", "properties": { "tessellate": -1, "extrude": 0, "visibility": -1 }, "geometry": { "type": "LineString", "coordinates": [ [ 37.439563, 48.654959 ], [ 37.440513, 48.659887 ], [ 37.441742, 48.663541 ], [ 37.441742, 48.671152 ], [ 37.437593, 48.68292 ], [ 37.435596, 48.685051 ] ] } },
{ "type": "Feature", "properties": { "tessellate": -1, "extrude": 0, "visibility": -1 }, "geometry": { "type": "LineString", "coordinates": [ [ 37.580092, 48.688224 ], [ 37.571624, 48.688224 ], [ 37.563655, 48.688717 ], [ 37.560666, 48.690252 ] ] } },
{ "type": "Feature", "properties": { "tessellate": -1, "extrude": 0, "visibility": -1 }, "geometry": { "type": "LineString", "coordinates": [ [ 37.685263, 48.830374 ], [ 37.693126, 48.830718 ], [ 37.697619, 48.832142 ], [ 37.70727, 48.833128 ] ] } },
{ "type": "Feature", "properties": { "tessellate": -1, "extrude": 0, "visibility": -1 }, "geometry": { "type": "LineString", "coordinates": [ [ 37.469408, 49.29747 ], [ 37.465402, 49.307919 ], [ 37.459727, 49.309878 ], [ 37.451381, 49.310966 ] ] } },
{ "type": "Feature", "properties": { "tessellate": -1, "extrude": 0, "visibility": -1 }, "geometry": { "type": "LineString", "coordinates": [ [ 37.250028, 49.727852 ], [ 37.247491, 49.734684 ], [ 37.247521, 49.743915 ], [ 37.229209, 49.748519 ], [ 37.22591, 49.749817 ], [ 37.224188, 49.750095 ], [ 37.223954, 49.75094 ], [ 37.218665, 49.754405 ] ] } },
{ "type": "Feature", "properties": { "tessellate": -1, "extrude": 0, "visibility": -1 }, "geometry": { "type": "LineString", "coordinates": [ [ 37.214791, 49.753896 ], [ 37.208864, 49.75487 ], [ 37.208196, 49.760291 ], [ 37.206285, 49.761062 ], [ 37.205763, 49.762766 ], [ 37.202529, 49.765217 ], [ 37.200572, 49.764778 ], [ 37.19618, 49.761347 ] ] } },
{ "type": "Feature", "properties": { "tessellate": -1, "extrude": 0, "visibility": -1 }, "geometry": { "type": "LineString", "coordinates": [ [ 34.412072, 51.09253 ], [ 34.412163, 51.10102 ], [ 34.411438, 51.101728 ] ] } },
{ "type": "Feature", "properties": { "tessellate": -1, "extrude": 0, "visibility": -1 }, "geometry": { "type": "LineString", "coordinates": [ [ 34.761492, 50.982274 ], [ 34.757785, 50.978561 ], [ 34.753909, 50.976545 ], [ 34.732846, 50.969012 ], [ 34.725179, 50.966996 ], [ 34.703694, 50.959726 ], [ 34.696195, 50.961424 ], [ 34.680854, 50.967162 ], [ 34.662892, 50.973707 ], [ 34.659461, 50.978854 ], [ 34.653003, 50.983555 ], [ 34.645334, 50.985079 ], [ 34.640289, 50.984952 ], [ 34.631147, 50.988527 ], [ 34.625006, 50.988028 ] ] } },
{ "type": "Feature", "properties": { "tessellate": -1, "extrude": 0, "visibility": -1 }, "geometry": { "type": "LineString", "coordinates": [ [ 35.301991, 50.294173 ], [ 35.288086, 50.297899 ], [ 35.285168, 50.300913 ], [ 35.280533, 50.302337 ], [ 35.275984, 50.3042 ], [ 35.272808, 50.305899 ], [ 35.263109, 50.308748 ], [ 35.257015, 50.315056 ], [ 35.251007, 50.321031 ], [ 35.240321, 50.33678 ] ] } },
{ "type": "Feature", "properties": { "tessellate": -1, "extrude": 0, "visibility": -1 }, "geometry": { "type": "LineString", "coordinates": [ [ 34.884853, 50.812938 ], [ 34.891376, 50.815215 ] ] } },
{ "type": "Feature", "properties": { "tessellate": -1, "extrude": 0, "visibility": -1 }, "geometry": { "type": "LineString", "coordinates": [ [ 33.914623, 51.366641 ], [ 33.889303, 51.368141 ], [ 33.881836, 51.366695 ], [ 33.878746, 51.368462 ], [ 33.873425, 51.368462 ], [ 33.864241, 51.367123 ], [ 33.859262, 51.367766 ], [ 33.856087, 51.368088 ], [ 33.850079, 51.369159 ], [ 33.830423, 51.369319 ], [ 33.818836, 51.376125 ] ] } },
{ "type": "Feature", "properties": { "tessellate": -1, "extrude": 0, "visibility": -1 }, "geometry": { "type": "LineString", "coordinates": [ [ 33.513193, 47.878088 ], [ 33.515038, 47.873313 ], [ 33.517098, 47.871932 ], [ 33.518257, 47.868162 ], [ 33.52212, 47.868393 ], [ 33.524008, 47.867932 ], [ 33.525252, 47.869141 ], [ 33.530402, 47.868162 ], [ 33.568039, 47.880412 ], [ 33.564606, 47.884998 ], [ 33.54538, 47.90101 ], [ 33.544178, 47.902754 ], [ 33.543277, 47.904537 ], [ 33.527999, 47.904623 ], [ 33.528085, 47.907412 ], [ 33.526754, 47.907355 ], [ 33.523192, 47.907442 ], [ 33.518643, 47.90379 ], [ 33.515854, 47.901861 ], [ 33.516541, 47.899791 ], [ 33.521991, 47.899992 ], [ 33.522635, 47.89187 ], [ 33.521862, 47.891238 ], [ 33.521776, 47.888477 ], [ 33.519716, 47.883759 ], [ 33.522291, 47.882033 ], [ 33.520832, 47.879502 ], [ 33.513193, 47.878088 ] ] } },
{ "type": "Feature", "properties": { "tessellate": -1, "extrude": 0, "visibility": -1 }, "geometry": { "type": "LineString", "coordinates": [ [ 37.611694, 48.899318 ], [ 37.612896, 48.890635 ], [ 37.596502, 48.889395 ], [ 37.592297, 48.889451 ], [ 37.59058, 48.889282 ], [ 37.586975, 48.888993 ] ] } },
{ "type": "Feature", "properties": { "tessellate": -1, "extrude": 0, "visibility": -1 }, "geometry": { "type": "LineString", "coordinates": [ [ 37.612896, 48.890635 ], [ 37.618647, 48.890015 ], [ 37.627144, 48.886461 ], [ 37.630749, 48.883246 ] ] } },
{ "type": "Feature", "properties": { "tessellate": -1, "extrude": 0, "visibility": -1 }, "geometry": { "type": "LineString", "coordinates": [ [ 31.657104, 51.94329 ], [ 31.658649, 51.97105 ], [ 31.658049, 51.973698 ] ] } },
{ "type": "Feature", "properties": { "tessellate": -1, "extrude": 0, "visibility": -1 }, "geometry": { "type": "LineString", "coordinates": [ [ 32.772303, 52.090255 ], [ 32.748952, 52.089882 ] ] } },
{ "type": "Feature", "properties": { "tessellate": -1, "extrude": 0, "visibility": -1 }, "geometry": { "type": "LineString", "coordinates": [ [ 34.907942, 50.875208 ], [ 34.902191, 50.878832 ], [ 34.901075, 50.878886 ], [ 34.900732, 50.879914 ], [ 34.901505, 50.880239 ], [ 34.900389, 50.884731 ], [ 34.905453, 50.900748 ] ] } },
{ "type": "Feature", "properties": { "tessellate": -1, "extrude": 0, "visibility": -1 }, "geometry": { "type": "LineString", "coordinates": [ [ 29.489704, 51.436962 ], [ 29.496484, 51.440123 ] ] } },
{ "type": "Feature", "properties": { "tessellate": -1, "extrude": 0, "visibility": -1 }, "geometry": { "type": "LineString", "coordinates": [ [ 30.710135, 51.525058 ], [ 30.709877, 51.520603 ] ] } },
{ "type": "Feature", "properties": { "tessellate": -1, "extrude": 0, "visibility": -1 }, "geometry": { "type": "LineString", "coordinates": [ [ 37.223121, 48.618346 ], [ 37.232752, 48.619937 ], [ 37.227214, 48.625594 ] ] } },
{ "type": "Feature", "properties": { "tessellate": -1, "extrude": 0, "visibility": -1 }, "geometry": { "type": "LineString", "coordinates": [ [ 37.599077, 48.775331 ], [ 37.592125, 48.774483 ], [ 37.597618, 48.786919 ], [ 37.600193, 48.793927 ], [ 37.601309, 48.794662 ] ] } },
{ "type": "Feature", "properties": { "tessellate": -1, "extrude": 0, "visibility": -1 }, "geometry": { "type": "LineString", "coordinates": [ [ 37.663794, 48.892312 ], [ 37.662681, 48.889378 ] ] } },
{ "type": "Feature", "properties": { "tessellate": -1, "extrude": 0, "visibility": -1 }, "geometry": { "type": "LineString", "coordinates": [ [ 35.162908, 51.108392 ], [ 35.158388, 51.111087 ], [ 35.153191, 51.111797 ], [ 35.152965, 51.112506 ], [ 35.145508, 51.119883 ], [ 35.126751, 51.126123 ], [ 35.127881, 51.134774 ], [ 35.127203, 51.138602 ], [ 35.133983, 51.143565 ], [ 35.133757, 51.146116 ], [ 35.131045, 51.146542 ], [ 35.131045, 51.148526 ], [ 35.136694, 51.150794 ], [ 35.135624, 51.153849 ], [ 35.124899, 51.158654 ], [ 35.122601, 51.165572 ], [ 35.131027, 51.161249 ], [ 35.142059, 51.155579 ], [ 35.142519, 51.152216 ], [ 35.135011, 51.147891 ], [ 35.142212, 51.140393 ], [ 35.143898, 51.13424 ], [ 35.155542, 51.13126 ], [ 35.169945, 51.126067 ], [ 35.174848, 51.122029 ], [ 35.168259, 51.11972 ], [ 35.163816, 51.112507 ], [ 35.162908, 51.108392 ] ] } },
{ "type": "Feature", "properties": { "tessellate": -1, "extrude": 0, "visibility": -1 }, "geometry": { "type": "LineString", "coordinates": [ [ 36.334441, 50.379446 ], [ 36.333106, 50.37977 ] ] } },
{ "type": "Feature", "properties": { "tessellate": -1, "extrude": 0, "visibility": -1 }, "geometry": { "type": "LineString", "coordinates": [ [ 36.800852, 48.624446 ], [ 36.793556, 48.623673 ] ] } },
{ "type": "Feature", "properties": { "tessellate": -1, "extrude": 0, "visibility": -1 }, "geometry": { "type": "LineString", "coordinates": [ [ 36.436071, 48.393028 ], [ 36.447901, 48.393161 ], [ 36.457084, 48.394073 ] ] } },
{ "type": "Feature", "properties": { "tessellate": -1, "extrude": 0, "visibility": -1 }, "geometry": { "type": "LineString", "coordinates": [ [ 36.572545, 48.409035 ], [ 36.547734, 48.414624 ], [ 36.528338, 48.418269 ] ] } },
{ "type": "Feature", "properties": { "tessellate": -1, "extrude": 0, "visibility": -1 }, "geometry": { "type": "LineString", "coordinates": [ [ 36.673822, 48.475826 ], [ 36.691664, 48.487436 ], [ 36.708402, 48.489145 ], [ 36.722048, 48.492045 ], [ 36.74239, 48.495118 ], [ 36.759739, 48.499954 ] ] } },
{ "type": "Feature", "properties": { "tessellate": -1, "extrude": 0, "visibility": -1 }, "geometry": { "type": "LineString", "coordinates": [ [ 36.895008, 48.594089 ], [ 36.88076, 48.595225 ], [ 36.873722, 48.597948 ], [ 36.866684, 48.598175 ], [ 36.854324, 48.603167 ], [ 36.834068, 48.608964 ] ] } },
{ "type": "Feature", "properties": { "tessellate": -1, "extrude": 0, "visibility": -1 }, "geometry": { "type": "LineString", "coordinates": [ [ 37.409477, 48.725744 ], [ 37.412035, 48.724767 ], [ 37.417699, 48.725163 ], [ 37.420445, 48.724993 ], [ 37.424016, 48.721656 ], [ 37.42569, 48.719477 ] ] } },
{ "type": "Feature", "properties": { "tessellate": -1, "extrude": 0, "visibility": -1 }, "geometry": { "type": "LineString", "coordinates": [ [ 37.382383, 48.684492 ], [ 37.387416, 48.689487 ], [ 37.402812, 48.697768 ], [ 37.415738, 48.703592 ], [ 37.420163, 48.704676 ] ] } },
{ "type": "Feature", "properties": { "tessellate": -1, "extrude": 0, "visibility": -1 }, "geometry": { "type": "LineString", "coordinates": [ [ 37.474239, 48.725242 ], [ 37.469467, 48.72291 ], [ 37.467922, 48.722967 ], [ 37.464918, 48.720929 ] ] } },
{ "type": "Feature", "properties": { "tessellate": -1, "extrude": 0, "visibility": -1 }, "geometry": { "type": "LineString", "coordinates": [ [ 37.567577, 48.884136 ], [ 37.562945, 48.885092 ], [ 37.556938, 48.89034 ], [ 37.553848, 48.896771 ], [ 37.565088, 48.898446 ] ] } },
{ "type": "Feature", "properties": { "tessellate": -1, "extrude": 0, "visibility": -1 }, "geometry": { "type": "LineString", "coordinates": [ [ 37.553848, 48.896771 ], [ 37.545428, 48.898087 ] ] } },
{ "type": "Feature", "properties": { "tessellate": -1, "extrude": 0, "visibility": -1 }, "geometry": { "type": "LineString", "coordinates": [ [ 36.850204, 48.824919 ], [ 36.855955, 48.823112 ], [ 36.864667, 48.811413 ] ] } },
{ "type": "Feature", "properties": { "tessellate": -1, "extrude": 0, "visibility": -1 }, "geometry": { "type": "LineString", "coordinates": [ [ 35.284481, 47.973013 ], [ 35.283794, 47.975473 ], [ 35.265341, 47.973463 ], [ 35.25178, 47.974382 ], [ 35.253839, 47.982141 ] ] } },
{ "type": "Feature", "properties": { "tessellate": -1, "extrude": 0, "visibility": -1 }, "geometry": { "type": "LineString", "coordinates": [ [ 35.351429, 48.20154 ], [ 35.357051, 48.201169 ], [ 35.357008, 48.199939 ], [ 35.355291, 48.192996 ], [ 35.35306, 48.190308 ] ] } }
]
}
