{
"type": "FeatureCollection",
"name": "grayzone",
"crs": { "type": "name", "properties": { "name": "urn:ogc:def:crs:OGC:1.3:CRS84" } },
"features": [
{ "type": "Feature", "properties": { "id": null }, "geometry": { "type": "MultiPolygon", "coordinates": [ [ [ [ 32.133493604849932, 46.495622145674375 ], [ 32.138789596968245, 46.494350069136154 ], [ 32.141645278992833, 46.493337600054709 ], [ 32.152886281871425, 46.491572269348602 ], [ 32.158026509515672, 46.492221287990546 ], [ 32.161193720488392, 46.491182858163427 ], [ 32.165191675322809, 46.488950234035116 ], [ 32.170254020730027, 46.487600275259858 ], [ 32.176692285658177, 46.486847413635203 ], [ 32.180196986324717, 46.484952279200705 ], [ 32.182896903875232, 46.485159965166133 ], [ 32.189490933277455, 46.483109066257562 ], [ 32.195098454343906, 46.481966793447732 ], [ 32.197460882200609, 46.480772599146547 ], [ 32.199875231548667, 46.480902402874932 ], [ 32.204314519059615, 46.479863973047813 ], [ 32.211972939034631, 46.479007268440441 ], [ 32.216619912511, 46.479163032914506 ], [ 32.218099675014642, 46.479967816030523 ], [ 32.222149551340422, 46.481032206603324 ], [ 32.227341700476025, 46.480123580504596 ], [ 32.230976204870949, 46.479266875897217 ], [ 32.239101918268169, 46.481136049586041 ], [ 32.242684501171738, 46.480538952435445 ], [ 32.245488261704963, 46.478877464712049 ], [ 32.249927549215911, 46.478617857255266 ], [ 32.256495617872453, 46.478436132035526 ], [ 32.258468634543988, 46.477605388173828 ], [ 32.264231920084512, 46.477060212514587 ], [ 32.272617240938516, 46.474931431368987 ], [ 32.275888294893953, 46.473321865136946 ], [ 32.280898718809816, 46.471426730702454 ], [ 32.282196756093718, 46.471322887719737 ], [ 32.285779338997287, 46.470336379383973 ], [ 32.287388905229328, 46.470388300875328 ], [ 32.291932035722979, 46.469946968198805 ], [ 32.295280971915446, 46.468726813151939 ], [ 32.297980889465968, 46.468207598238372 ], [ 32.301200021930043, 46.46724705064829 ], [ 32.304990290799033, 46.467091286174217 ], [ 32.308079619534723, 46.466338424549548 ], [ 32.312441024808635, 46.465741327398959 ], [ 32.319502347633062, 46.465196151739718 ], [ 32.323136852027986, 46.465144230248363 ], [ 32.326693474185873, 46.464339447132339 ], [ 32.336247028595395, 46.463664467744721 ], [ 32.3420362748816, 46.463975996692859 ], [ 32.34774763893077, 46.462963527611414 ], [ 32.355847391582316, 46.463768310727431 ], [ 32.363791379759796, 46.463742349981757 ], [ 32.371813250174313, 46.464573093843448 ], [ 32.375058343384062, 46.466649953497679 ], [ 32.385079191215787, 46.469142185082774 ], [ 32.386896443413249, 46.469687360742014 ], [ 32.388687734865037, 46.469012381354382 ], [ 32.394554863388272, 46.470621947586423 ], [ 32.401408500247271, 46.471738259650579 ], [ 32.406756413856947, 46.474490098692449 ], [ 32.414155226375186, 46.478332289052801 ], [ 32.418568553140453, 46.479915894539161 ], [ 32.41926949327376, 46.480564913181112 ], [ 32.418101259718249, 46.482044675684762 ], [ 32.418023377481212, 46.483654241916803 ], [ 32.420749255777402, 46.484355182050109 ], [ 32.422955919160039, 46.48500420069206 ], [ 32.426226973115469, 46.484926318455031 ], [ 32.428407675752425, 46.485757062316729 ], [ 32.431782572690565, 46.489209841491906 ], [ 32.431860454927602, 46.490507878775809 ], [ 32.432898884754721, 46.492480895447336 ], [ 32.432665238043619, 46.494505833610226 ], [ 32.436533389149652, 46.500658530335919 ], [ 32.437130486300248, 46.502579625516091 ], [ 32.439311188937197, 46.503202683412361 ], [ 32.446346551015949, 46.502475782533381 ], [ 32.451062753147461, 46.502856540136683 ], [ 32.457570246730754, 46.504137270256798 ], [ 32.463939283003768, 46.507114102427884 ], [ 32.469581418397794, 46.510990907115797 ], [ 32.475292782446964, 46.514452339872868 ], [ 32.480727231875562, 46.52033677555989 ], [ 32.487961626337842, 46.526567354522626 ], [ 32.497549795074931, 46.532105646933942 ], [ 32.504957261175065, 46.537678553672826 ], [ 32.510530167913949, 46.539997713620053 ], [ 32.514476201257004, 46.540828457481751 ], [ 32.521918281684712, 46.539963099292486 ], [ 32.53039879193954, 46.537332410397113 ], [ 32.533237166800333, 46.536847809811121 ], [ 32.543517622088835, 46.539582341689204 ], [ 32.551825060705802, 46.540655385843898 ], [ 32.558920997857804, 46.541970730291588 ], [ 32.567089979164493, 46.546193678255221 ], [ 32.577647349073558, 46.552181956924954 ], [ 32.582077983002613, 46.554916488803045 ], [ 32.594192997652357, 46.558481764542819 ], [ 32.599246689477681, 46.55938173705966 ], [ 32.602085064338482, 46.561077839110631 ], [ 32.611638618748003, 46.564608500522837 ], [ 32.618976856192994, 46.569385277727591 ], [ 32.627630438085674, 46.57201596662297 ], [ 32.644176086664473, 46.582365650566615 ], [ 32.648156734335103, 46.580184947929659 ], [ 32.653487340780991, 46.578211931258124 ], [ 32.675986653701955, 46.590500017545729 ], [ 32.681317260147843, 46.594134521940653 ], [ 32.683774877405369, 46.594688351181787 ], [ 32.685332522146048, 46.593926835975232 ], [ 32.686232494662889, 46.594376822233649 ], [ 32.686301723318032, 46.595692166681339 ], [ 32.689719888165641, 46.598902645563527 ], [ 32.69155444752689, 46.601567948786467 ], [ 32.691589061854458, 46.601567948786467 ], [ 32.690619860682482, 46.602675607268729 ], [ 32.688335315062815, 46.602675607268729 ], [ 32.687123813597836, 46.603333279492574 ], [ 32.685531554529582, 46.604198637681847 ], [ 32.684700810667884, 46.606206268680943 ], [ 32.685670011839868, 46.606863940904788 ], [ 32.685062425440343, 46.607284577642922 ], [ 32.68432005306461, 46.607798527749196 ], [ 32.676947201292052, 46.614929079228766 ], [ 32.678158702757024, 46.616832867245151 ], [ 32.683852759642399, 46.619671242105944 ], [ 32.685912312132857, 46.620294300002215 ], [ 32.687071892106474, 46.621488494303406 ], [ 32.687193042252972, 46.622405773984028 ], [ 32.688802608485013, 46.622821145914877 ], [ 32.689217980415862, 46.623374975156011 ], [ 32.690256410242981, 46.623894190069571 ], [ 32.696002388619718, 46.624655705276126 ], [ 32.698442698713457, 46.62555567779296 ], [ 32.700138800764421, 46.62697486522336 ], [ 32.702129124599736, 46.627805609085058 ], [ 32.706923208968284, 46.628532509964046 ], [ 32.708446239381395, 46.629086339205173 ], [ 32.712496115707168, 46.630107461868512 ], [ 32.716182541593447, 46.630315147833933 ], [ 32.71739404305842, 46.630176690523648 ], [ 32.71933244540238, 46.630418990816644 ], [ 32.723174635762732, 46.631336270497265 ], [ 32.724749587667198, 46.631042048712914 ], [ 32.727605269691779, 46.63131896333347 ], [ 32.729872508147665, 46.63078244125613 ], [ 32.732728190172246, 46.63078244125613 ], [ 32.734701206843781, 46.630990127221551 ], [ 32.738820311824696, 46.632443928979519 ], [ 32.738998849051413, 46.632423589295463 ], [ 32.740187577763741, 46.632288164505454 ], [ 32.741710608176852, 46.631059355876694 ], [ 32.742125980107701, 46.630730519764768 ], [ 32.743631703357032, 46.631145891695617 ], [ 32.743960539468951, 46.63060936961827 ], [ 32.745552798537204, 46.630228612015003 ], [ 32.74949883188026, 46.629380560989517 ], [ 32.751021862293378, 46.629397868153305 ], [ 32.750623797526309, 46.630592062454497 ], [ 32.751957400702032, 46.631560679497916 ], [ 32.753912158645541, 46.631630492281609 ], [ 32.756335161575493, 46.63190740690218 ], [ 32.758446635557306, 46.632876608074156 ], [ 32.763015726796638, 46.63457271012512 ], [ 32.765577187036868, 46.634884239073259 ], [ 32.771392394068755, 46.63599189755552 ], [ 32.775788413670234, 46.633984266556418 ], [ 32.786588083872303, 46.627580615955836 ], [ 32.794237850265425, 46.629380560989517 ], [ 32.797249296764079, 46.632392007488171 ], [ 32.796833924833237, 46.634780396090548 ], [ 32.801974152477491, 46.637168784692932 ], [ 32.802839510666765, 46.638536050631977 ], [ 32.805885571492986, 46.640595603122435 ], [ 32.808516260388359, 46.643278213509163 ], [ 32.814842028751904, 46.645709870021015 ], [ 32.820691850111352, 46.648790545174805 ], [ 32.833499151312516, 46.655124967120251 ], [ 32.83394913757094, 46.656163396947377 ], [ 32.836406754828459, 46.658171027946473 ], [ 32.840456631154233, 46.660767102514278 ], [ 32.84710258204781, 46.663743934685364 ], [ 32.856136921543765, 46.670320656923806 ], [ 32.86015218354197, 46.675062819800992 ], [ 32.862990558402771, 46.679493453730046 ], [ 32.872267198191722, 46.686139404623631 ], [ 32.874845965595739, 46.687714356528097 ], [ 32.876420917500205, 46.686952841321542 ], [ 32.878480469990663, 46.686831691175044 ], [ 32.880851551429259, 46.686952841321542 ], [ 32.882772646609432, 46.68627786193391 ], [ 32.885697557289156, 46.687662435036742 ], [ 32.890630098967982, 46.693391106249685 ], [ 32.889851276597639, 46.69706887855407 ], [ 32.898020257904321, 46.703714829447648 ], [ 32.89660107047392, 46.705791689101908 ], [ 32.89916253071415, 46.711710739116498 ], [ 32.901325926187319, 46.711278060021861 ], [ 32.905029659237393, 46.711156909875356 ], [ 32.90698536874514, 46.711381903004565 ], [ 32.910429494338423, 46.712506868650614 ], [ 32.91555241481889, 46.71487795008921 ], [ 32.921315700359415, 46.717283645855375 ], [ 32.924621368642413, 46.718131696880853 ], [ 32.92799626558056, 46.718131696880853 ], [ 32.931111555061925, 46.717612481967294 ], [ 32.935594110482334, 46.716175987373113 ], [ 32.939245922041046, 46.714324120848076 ], [ 32.942205447048337, 46.713078005055536 ], [ 32.947051452908234, 46.71203957522841 ], [ 32.952866659940121, 46.711278060021854 ], [ 32.961451013177651, 46.710879995254793 ], [ 32.975764037628146, 46.710447316160156 ], [ 32.980938879599968, 46.710343473177446 ], [ 32.986598322157775, 46.712887626253895 ], [ 32.990561662664625, 46.7140645133913 ], [ 32.995251904050455, 46.714947178744353 ], [ 33.002486298512736, 46.715518315149268 ], [ 33.009530314173375, 46.716816352433177 ], [ 33.012316767542821, 46.716764430941815 ], [ 33.019464626186171, 46.71743941032944 ], [ 33.023549116839519, 46.724119975550586 ], [ 33.037671762488365, 46.728446766496937 ], [ 33.041098580917868, 46.732617792969208 ], [ 33.044352327709518, 46.738069549561587 ], [ 33.046481108855119, 46.737481105992885 ], [ 33.049007954767781, 46.736459983329546 ], [ 33.051811715301007, 46.73365622279632 ], [ 33.057523079350176, 46.732254342529714 ], [ 33.06512092425195, 46.733465843994686 ], [ 33.070261151896197, 46.735127331718083 ], [ 33.07043422353405, 46.736321526019267 ], [ 33.071565888419087, 46.736262585139841 ], [ 33.071732260817953, 46.736702283622549 ], [ 33.072320704386655, 46.736961891079332 ], [ 33.073895656291121, 46.737048426898255 ], [ 33.076820566970845, 46.736494597657128 ], [ 33.07810129709096, 46.736321526019275 ], [ 33.080230078236561, 46.736858048096614 ], [ 33.084453026200194, 46.739679115793628 ], [ 33.09051053352507, 46.743555920481555 ], [ 33.093002765110164, 46.745771237446078 ], [ 33.09660265517752, 46.747051967566193 ], [ 33.105349896075815, 46.747645000847434 ], [ 33.112646396006554, 46.749613427806437 ], [ 33.116903958297748, 46.750651857633557 ], [ 33.13196119079101, 46.755047877235036 ], [ 33.139437885546286, 46.759547739819233 ], [ 33.153145159264291, 46.763389930179585 ], [ 33.175471400547401, 46.7660898477301 ], [ 33.183225009923241, 46.766920591591798 ], [ 33.191999741962412, 46.768582079315188 ], [ 33.207178124602173, 46.767110970393432 ], [ 33.224173759439388, 46.765016803575406 ], [ 33.227254434593185, 46.764514895825627 ], [ 33.229417830066353, 46.763891837929357 ], [ 33.233761928176477, 46.763338008688223 ], [ 33.239507906553214, 46.761416913508043 ], [ 33.243350096913566, 46.759634275638156 ], [ 33.246093911382225, 46.757423545123402 ], [ 33.247901880989119, 46.756709364958404 ], [ 33.251259470763479, 46.75440751217495 ], [ 33.257991957475987, 46.752071045063936 ], [ 33.267008989808154, 46.750807622107601 ], [ 33.272841504003821, 46.75008072122862 ], [ 33.280802799345082, 46.749146134384205 ], [ 33.286202634446113, 46.748869219763641 ], [ 33.291446705073071, 46.749128827220424 ], [ 33.298179191785579, 46.749405741840988 ], [ 33.304703992532659, 46.750046106901046 ], [ 33.307940432160521, 46.750496093159462 ], [ 33.30896155482386, 46.750548014650818 ], [ 33.312821052347992, 46.75130952985738 ], [ 33.319086245638296, 46.752694102960199 ], [ 33.322314031684265, 46.75307486056348 ], [ 33.324434159247971, 46.753524846821897 ], [ 33.326900430087385, 46.75380176144246 ], [ 33.328968636159736, 46.754364244265489 ], [ 33.33214450071435, 46.75467577321362 ], [ 33.333927138584244, 46.755584399312355 ], [ 33.337016467319927, 46.756268032281874 ], [ 33.338470269077902, 46.756120921389709 ], [ 33.339975992327233, 46.756640136303268 ], [ 33.341897087507405, 46.75714204405304 ], [ 33.345895042341823, 46.758699688793726 ], [ 33.350446826417375, 46.7601361833879 ], [ 33.354444781251793, 46.761676520964798 ], [ 33.356902398509312, 46.762541879154064 ], [ 33.358147622826344, 46.763756357191667 ], [ 33.356296647776816, 46.76544948267 ], [ 33.35764660655208, 46.76859938647894 ], [ 33.370488522080812, 46.776785674949409 ], [ 33.370938508339236, 46.777201046880258 ], [ 33.374624934225515, 46.776145309889337 ], [ 33.387012536704901, 46.781700909464448 ], [ 33.391200870340953, 46.781804752447165 ], [ 33.405721580756861, 46.770918546426174 ], [ 33.407677290264608, 46.771489682831096 ], [ 33.408144583686813, 46.772856948770141 ], [ 33.410082986030773, 46.774795351114101 ], [ 33.410740658254618, 46.776422224509922 ], [ 33.412955975219141, 46.778499084164167 ], [ 33.412644446271003, 46.779433671008576 ], [ 33.413561725951624, 46.780160571887556 ], [ 33.418061588535821, 46.781562452154176 ], [ 33.420207676845202, 46.7830681754035 ], [ 33.420709584594981, 46.785058499238822 ], [ 33.424084481533122, 46.786789215617354 ], [ 33.426559405954428, 46.788018024246114 ], [ 33.429484316634152, 46.789367983021371 ], [ 33.432166927020887, 46.790977549253412 ], [ 33.432755370589589, 46.791860214606459 ], [ 33.435351445157394, 46.793106330399006 ], [ 33.436718711096439, 46.794248603208842 ], [ 33.438934028060963, 46.795840862277096 ], [ 33.44201470321476, 46.796515841664721 ], [ 33.444472320472279, 46.797415814181555 ], [ 33.447864524574207, 46.799890738602862 ], [ 33.451637486279417, 46.801881062438177 ], [ 33.453472045640659, 46.803352171359933 ], [ 33.45570466976897, 46.806242467712096 ], [ 33.458664194776269, 46.809686593305386 ], [ 33.460792975921869, 46.812317282200759 ], [ 33.462887142739895, 46.814065305743078 ], [ 33.463579429291315, 46.816194086888679 ], [ 33.465552445962842, 46.816436387181668 ], [ 33.470121537202175, 46.817249823879585 ], [ 33.472233011183988, 46.8171113665693 ], [ 33.473479126976535, 46.818617089818623 ], [ 33.487151786366979, 46.820754524546089 ], [ 33.496636112121351, 46.82165449706293 ], [ 33.512558702803879, 46.821446811097509 ], [ 33.528931279744832, 46.820616067235818 ], [ 33.537965619240786, 46.819750709046552 ], [ 33.550565234476529, 46.818193064305866 ], [ 33.556655125844983, 46.818055179973001 ], [ 33.55973803128277, 46.817985378340445 ], [ 33.56901467107172, 46.818227678633441 ], [ 33.575349093017159, 46.819577637408699 ], [ 33.58542186234024, 46.82366212806204 ], [ 33.591513983992684, 46.825254387130293 ], [ 33.595321560025461, 46.82587744502657 ], [ 33.599302207696091, 46.82691587485369 ], [ 33.603248241039154, 46.825427458768146 ], [ 33.611036464742568, 46.824839015199444 ], [ 33.615536327326765, 46.825046701164872 ], [ 33.621420763013788, 46.826846646198547 ], [ 33.62405145190916, 46.828923505852792 ], [ 33.625955239925553, 46.832004181006589 ], [ 33.627582113321374, 46.83477332721224 ], [ 33.630178187889179, 46.837300173124902 ], [ 33.63374346362896, 46.83892704652073 ], [ 33.636339538196765, 46.839203961141294 ], [ 33.637516425334169, 46.843599980742773 ], [ 33.637170282058463, 46.84550376875918 ], [ 33.639108684402423, 46.849553645084953 ], [ 33.639662513643557, 46.853707364393436 ], [ 33.640493257505256, 46.858137998322491 ], [ 33.641704758970228, 46.861322516458998 ], [ 33.641704758970228, 46.865510850095049 ], [ 33.638658698144006, 46.867899238697433 ], [ 33.636858753110324, 46.871879886368063 ], [ 33.637066439075753, 46.873575988419027 ], [ 33.636443381179483, 46.878560451589216 ], [ 33.635474180007506, 46.882333413294425 ], [ 33.635418083928009, 46.88411446381852 ], [ 33.635335722697221, 46.886729432895905 ], [ 33.635785708955638, 46.890156251325408 ], [ 33.635924166265923, 46.893479226772193 ], [ 33.639350984695426, 46.897494488770391 ], [ 33.644196990555322, 46.899813648717632 ], [ 33.649181453725511, 46.901336679130743 ], [ 33.656208162222363, 46.902825095216286 ], [ 33.657698694894258, 46.902801435967525 ], [ 33.66275027013323, 46.902721252233576 ], [ 33.66520788739075, 46.901855894044303 ], [ 33.671057708750197, 46.89922520514893 ], [ 33.673342254369864, 46.898463689942375 ], [ 33.677253673385358, 46.898394461287232 ], [ 33.681580464331695, 46.898705990235371 ], [ 33.684211153227068, 46.899986720355486 ], [ 33.687084142415436, 46.903205852819561 ], [ 33.690857104120646, 46.906390370956068 ], [ 33.691168633068784, 46.907324957800476 ], [ 33.69324549272303, 46.910405632954273 ], [ 33.69009558891409, 46.915909311038014 ], [ 33.689091773414539, 46.917536184433835 ], [ 33.689749445638384, 46.92144760344933 ], [ 33.691826305292629, 46.923732149068996 ], [ 33.693626250326304, 46.927089738843357 ], [ 33.695495424015128, 46.928370468963472 ], [ 33.697745355307219, 46.931381915462126 ], [ 33.698472256186207, 46.933666461081792 ], [ 33.697883812617505, 46.934566433598633 ], [ 33.697672445962922, 46.936327822386787 ], [ 33.697468440686656, 46.938027866355704 ], [ 33.696049253256255, 46.942631571922611 ], [ 33.696914611445521, 46.947235277489511 ], [ 33.700064515254454, 46.951769754401276 ], [ 33.701760617305425, 46.954711972244787 ], [ 33.702383675201695, 46.956408074295759 ], [ 33.699822214961465, 46.958069562019148 ], [ 33.69854148484135, 46.960734865242095 ], [ 33.698576099168918, 46.967346201808098 ], [ 33.699406843030616, 46.974095995684387 ], [ 33.700410658530167, 46.981053475526103 ], [ 33.699095314082477, 46.992303131986588 ], [ 33.701276016719433, 46.995799179071234 ], [ 33.709687298319118, 47.002722044585376 ], [ 33.717198607401961, 47.008121879686414 ], [ 33.729452079361991, 47.016013946372532 ], [ 33.73910947675423, 47.019440764802027 ], [ 33.750670662162847, 47.025013671540918 ], [ 33.75859734317654, 47.028994319211549 ], [ 33.763858720967285, 47.034567225950433 ], [ 33.767112467758935, 47.038236344672931 ], [ 33.77635449322031, 47.042805435912264 ], [ 33.792242469575271, 47.048274499668437 ], [ 33.797123089762742, 47.052047461373654 ], [ 33.810138076929334, 47.063124046196286 ], [ 33.818168600925738, 47.071223798847832 ], [ 33.82661449685299, 47.079981223723223 ], [ 33.828206755921244, 47.08254268396346 ], [ 33.831737417333457, 47.08500030122098 ], [ 33.83772569600319, 47.091369337493994 ], [ 33.841256357415403, 47.096042271716037 ], [ 33.843506288707495, 47.10088827757594 ], [ 33.847071564447283, 47.107257313848955 ], [ 33.849252267084239, 47.116395496327627 ], [ 33.851467584048763, 47.123629890789907 ], [ 33.851882955979612, 47.127368238167541 ], [ 33.851744498669326, 47.132006558062024 ], [ 33.851744498669326, 47.135191076198524 ], [ 33.85475594516798, 47.138825580593455 ], [ 33.86313261244009, 47.143498514815498 ], [ 33.872132337608477, 47.147686848451556 ], [ 33.885216553430212, 47.151702110449754 ], [ 33.896708510183686, 47.156375044671798 ], [ 33.905258249093656, 47.16021723503215 ], [ 33.906781279506767, 47.161532579479839 ], [ 33.9127695581765, 47.164890169254193 ], [ 33.918515536553237, 47.168732359614552 ], [ 33.923673071361272, 47.171813034768348 ], [ 33.930976694478694, 47.17987817309232 ], [ 33.938314931923685, 47.18967402779483 ], [ 33.941713221982944, 47.192232013403071 ], [ 33.946553141885495, 47.196873807929499 ], [ 33.954202908278624, 47.202204414375387 ], [ 33.960087343965647, 47.205112017891331 ], [ 33.96932936942703, 47.212207955043326 ], [ 33.973690774700941, 47.217469332834078 ], [ 33.976148391958461, 47.219130820557467 ], [ 33.977636808044011, 47.221103837229002 ], [ 33.980302111266951, 47.223249925538383 ], [ 33.982690499869335, 47.225984457416473 ], [ 33.984317373265156, 47.229757419121682 ], [ 33.987121133798382, 47.232803479947904 ], [ 33.986636533212398, 47.234603424981579 ], [ 33.987467277074089, 47.238964830255483 ], [ 33.988055720642791, 47.24214934839199 ], [ 33.988851850176921, 47.243533921494823 ], [ 33.98989028000404, 47.246268453372906 ], [ 33.990063351641894, 47.247445340510311 ], [ 33.992797883519984, 47.247929941096302 ], [ 33.990755638193306, 47.249418357181845 ], [ 33.990271037607322, 47.250733701629528 ], [ 33.990513337900317, 47.251633674146369 ], [ 33.990617180883028, 47.252949018594059 ], [ 33.991863296675575, 47.254783577955308 ], [ 33.991759453692865, 47.256341222695994 ], [ 33.992797883519984, 47.257379652523113 ], [ 33.992867112175126, 47.258452696677807 ], [ 33.99383631334711, 47.259318054867073 ], [ 33.992936340830269, 47.261014156918037 ], [ 33.99314402679569, 47.263437159847989 ], [ 33.993178641123265, 47.264752504295679 ], [ 33.994632442881233, 47.266587063656928 ], [ 33.995947787328923, 47.270394639689698 ], [ 33.996813145518189, 47.271502298171967 ], [ 33.99771311803503, 47.274479130343046 ], [ 33.998716933534581, 47.275863703445872 ], [ 33.999893820671979, 47.279878965444077 ], [ 34.001797608688371, 47.281401995857188 ], [ 34.002282209274362, 47.282544268667024 ], [ 34.003147567463628, 47.283617312821711 ], [ 34.004843669514592, 47.287078745578789 ], [ 34.007889730340821, 47.296113085074737 ], [ 34.008512788237091, 47.29839763069441 ], [ 34.012043449649305, 47.302759035968315 ], [ 34.014535681234399, 47.305216653225841 ], [ 34.015124124803101, 47.306670454983809 ], [ 34.016612540888644, 47.307812727793639 ], [ 34.019104772473739, 47.309231915224039 ], [ 34.019623987387298, 47.309889587447884 ], [ 34.020558574231707, 47.310270345051165 ], [ 34.022323904937814, 47.312001061429697 ], [ 34.024366150264484, 47.312554890670832 ], [ 34.028139111969693, 47.31207029008484 ], [ 34.028416026590257, 47.312970262601681 ], [ 34.027308368107995, 47.314527907342359 ], [ 34.027239139452853, 47.315358651204058 ], [ 34.028796784193538, 47.316777838634458 ], [ 34.028969855831392, 47.317954725771862 ], [ 34.03335551383126, 47.322925138171712 ], [ 34.025811298440573, 47.334578256587683 ], [ 34.025668778896581, 47.334977311310858 ], [ 34.02449595399289, 47.335495536268297 ], [ 34.023838281769045, 47.336187822819717 ], [ 34.022696008959215, 47.336845495043555 ], [ 34.022696008959215, 47.337537781594975 ], [ 34.02113836421853, 47.338714668732379 ], [ 34.017953846082023, 47.341829958213744 ], [ 34.01674234461705, 47.343110688333859 ], [ 34.016776958944618, 47.344495261436684 ], [ 34.017192330875467, 47.345222162315672 ], [ 34.018542289650732, 47.348856666710603 ], [ 34.020134548718985, 47.352837314381233 ], [ 34.023595981476056, 47.35858329275797 ], [ 34.026226670371429, 47.362494711773465 ], [ 34.027542014819119, 47.365263857979123 ], [ 34.027818929439682, 47.366475359444095 ], [ 34.030034246404213, 47.369348348632464 ], [ 34.030138089386924, 47.37021370682173 ], [ 34.033339914687211, 47.374869333880007 ], [ 34.034949480919252, 47.377430794120237 ], [ 34.035572538815522, 47.378884595878212 ], [ 34.037476326831914, 47.382069114014712 ], [ 34.037545555487057, 47.384561345599799 ], [ 34.038203227710895, 47.386240140486983 ], [ 34.038757056952029, 47.392418797958356 ], [ 34.040089708563499, 47.395984073698138 ], [ 34.04090314526141, 47.397576332766391 ], [ 34.041006988244128, 47.398562841102155 ], [ 34.042633861639942, 47.402941553539854 ], [ 34.043101155062146, 47.404810727228679 ], [ 34.045628000974808, 47.405866464219585 ], [ 34.047202952879282, 47.406524136443423 ], [ 34.047722167792841, 47.407493337615406 ], [ 34.042962697751868, 47.40988172621779 ], [ 34.042910776260513, 47.411075920518982 ], [ 34.044399192346056, 47.412893172716444 ], [ 34.046960652586286, 47.415610397430747 ], [ 34.051287443532622, 47.418448772291541 ], [ 34.054835412108623, 47.419919881213296 ], [ 34.060062175571801, 47.421737133410758 ], [ 34.067210034215151, 47.422585184436244 ], [ 34.076123223564608, 47.42222173399675 ], [ 34.081574980157001, 47.421823669229688 ], [ 34.088532459998717, 47.421737133410765 ], [ 34.093534230332679, 47.420906389549067 ], [ 34.100595553157106, 47.419331437644587 ], [ 34.104489665008813, 47.418535308110457 ], [ 34.107795333291811, 47.417618028429835 ], [ 34.111152923066172, 47.416648827257852 ], [ 34.117089280244549, 47.415835390559941 ], [ 34.120931470604901, 47.416025769361589 ], [ 34.124358289034397, 47.416960356205998 ], [ 34.130156188902497, 47.418639151093167 ], [ 34.133202249728718, 47.420404481799274 ], [ 34.137909798278336, 47.422204426832955 ], [ 34.142201974897105, 47.423139013677364 ], [ 34.146528765843442, 47.423554385608213 ], [ 34.151063242755207, 47.422342884143234 ], [ 34.155943862942678, 47.421546754609111 ], [ 34.161516769681562, 47.419573737937576 ], [ 34.164112844249367, 47.419262208989444 ], [ 34.173354869710749, 47.415939233542659 ], [ 34.180831564466025, 47.413412387629997 ], [ 34.189831289634412, 47.411577828268747 ], [ 34.202794355309642, 47.410210562329716 ], [ 34.208003811609039, 47.410660548588133 ], [ 34.212244066736446, 47.412287421983962 ], [ 34.215618963674594, 47.413775838069498 ], [ 34.217332372889352, 47.415506554448029 ], [ 34.217557366018561, 47.416510369947581 ], [ 34.220239976405288, 47.418085321852054 ], [ 34.225795575980392, 47.419989109868439 ], [ 34.230866574969497, 47.421512140281543 ], [ 34.233999171614649, 47.422602491600017 ], [ 34.238204812414487, 47.424177443504483 ], [ 34.241025880111501, 47.425648552426239 ], [ 34.245144985092416, 47.427275425822074 ], [ 34.248087202935928, 47.428417698631904 ], [ 34.252587065520117, 47.430927237380786 ], [ 34.255858119475548, 47.43262333943175 ], [ 34.258921487465564, 47.434163677008648 ], [ 34.262902135136194, 47.435219413999555 ], [ 34.26631164640191, 47.435859779059612 ], [ 34.270863430477462, 47.436188615171531 ], [ 34.273753726829611, 47.436154000843963 ], [ 34.276799787655833, 47.435513635783906 ], [ 34.279118947603067, 47.434734813413563 ], [ 34.280918892636748, 47.43331562598317 ], [ 34.281593872024374, 47.432536803612827 ], [ 34.28273614483421, 47.431775288406271 ], [ 34.283489006458872, 47.430689263878719 ], [ 34.286811981905664, 47.428162417966057 ], [ 34.288646541266907, 47.427297059776791 ], [ 34.290342643317871, 47.425981715329108 ], [ 34.293790327464343, 47.424591739902468 ], [ 34.295413642306983, 47.426864380682161 ], [ 34.29932506132247, 47.427279752613011 ], [ 34.302682651096823, 47.428525868405551 ], [ 34.306178698181469, 47.429079697646685 ], [ 34.311336232989497, 47.431900765343691 ], [ 34.317532197624651, 47.43344110292059 ], [ 34.32713767352552, 47.436573699565734 ], [ 34.328003031714786, 47.437889044013424 ], [ 34.331170242687506, 47.440502425745009 ], [ 34.333783624419091, 47.443081193149027 ], [ 34.336293163167966, 47.446040718156326 ], [ 34.342004527217135, 47.449190621965258 ], [ 34.343008342716686, 47.449848294189096 ], [ 34.343371793156173, 47.452011689662264 ], [ 34.342887192570188, 47.453257805454818 ], [ 34.341173783355437, 47.458605719064494 ], [ 34.339754595925037, 47.464542076242857 ], [ 34.339737288761256, 47.466584321569528 ], [ 34.34011804636453, 47.468107351982638 ], [ 34.341987220053348, 47.46980345403361 ], [ 34.343856393742165, 47.471309177282933 ], [ 34.347369747990584, 47.476691705220176 ], [ 34.34956775779132, 47.477418606099164 ], [ 34.351263859842284, 47.480014680666962 ], [ 34.350519651799516, 47.480481974089166 ], [ 34.350571573290871, 47.481208874968154 ], [ 34.353219569350031, 47.482195383303917 ], [ 34.3575117459688, 47.48297420567426 ], [ 34.359052083545691, 47.482853055527762 ], [ 34.360488578139879, 47.483303041786179 ], [ 34.361855844078924, 47.483354963277534 ], [ 34.36334426016446, 47.482212690467705 ], [ 34.372932428901542, 47.486920239017316 ], [ 34.3735727939616, 47.488512498085569 ], [ 34.373520872470237, 47.489741306714329 ], [ 34.373001657556678, 47.490814350869016 ], [ 34.37225744951391, 47.49065858639495 ], [ 34.371063255212718, 47.488997098671554 ], [ 34.367722972602152, 47.48872018405099 ], [ 34.367186450524805, 47.489810535369465 ], [ 34.367082607542088, 47.490831658032803 ], [ 34.368311416170847, 47.49188739502371 ], [ 34.370613268954301, 47.492839289031906 ], [ 34.371097869540293, 47.493670032893597 ], [ 34.371893999074416, 47.493600804238461 ], [ 34.372690128608539, 47.494241169298533 ], [ 34.374282387676793, 47.495175756142942 ], [ 34.376843847917023, 47.495348827780795 ], [ 34.378193806692281, 47.495660356728933 ], [ 34.379820680088102, 47.498602574572438 ], [ 34.379716837105391, 47.501060191829957 ], [ 34.381205253190927, 47.499606390071989 ], [ 34.382555211966185, 47.498983332175719 ], [ 34.383039812552177, 47.499814076037417 ], [ 34.386293559343819, 47.502098621657083 ], [ 34.388024275722358, 47.502583222243068 ], [ 34.39096649356587, 47.504452395931885 ], [ 34.38850887630835, 47.506113883655281 ], [ 34.374393163111684, 47.503900283176712 ], [ 34.373278572177242, 47.503725495052905 ], [ 34.372759357263682, 47.505456211431436 ], [ 34.373347800832384, 47.50704847049969 ], [ 34.380509236581283, 47.509029895410457 ], [ 34.384447461873378, 47.512332924508776 ], [ 34.386847388584947, 47.512286772072017 ], [ 34.391370327387513, 47.509471473429599 ], [ 34.394785607707824, 47.505779278488724 ], [ 34.395800961316567, 47.505410058994642 ], [ 34.397462449039956, 47.503610113960967 ], [ 34.399954680625051, 47.501948626237571 ], [ 34.400739272049982, 47.501810168927285 ], [ 34.402539217083657, 47.501302492122917 ], [ 34.413569649469522, 47.499179480031913 ], [ 34.418461807766178, 47.497379534998238 ], [ 34.419523313811681, 47.497471839871757 ], [ 34.421000191788032, 47.496825705757104 ], [ 34.428107667049211, 47.497056467940908 ], [ 34.432169081484176, 47.496410333826255 ], [ 34.435815123988284, 47.496191109751635 ], [ 34.446799403937383, 47.496698786556003 ], [ 34.459675933793683, 47.497483377980942 ], [ 34.468952573582627, 47.497160310923611 ], [ 34.478644585302426, 47.497344920670656 ], [ 34.484829011828381, 47.498083359658835 ], [ 34.490459609113216, 47.497991054785317 ], [ 34.501397736625556, 47.498498731589684 ], [ 34.505736065681084, 47.501314030232102 ], [ 34.507997535082367, 47.503298585012821 ], [ 34.50901288869111, 47.506483103149321 ], [ 34.51132051052916, 47.508283048182996 ], [ 34.51321276043636, 47.509298401791739 ], [ 34.515612687147922, 47.509390706665265 ], [ 34.516904955377228, 47.508467657930041 ], [ 34.51639727857286, 47.506806170206652 ], [ 34.517689546802167, 47.504590853242128 ], [ 34.518612595537384, 47.504406243495083 ], [ 34.519351034525563, 47.505098530046496 ], [ 34.519397186962323, 47.506667712896366 ], [ 34.520550997881344, 47.507729218941869 ], [ 34.519351034525563, 47.509990688343152 ], [ 34.519812558893172, 47.512298310181201 ], [ 34.523735516017851, 47.518805803764494 ], [ 34.530243009601136, 47.526328650956522 ], [ 34.532642936312705, 47.528913187415128 ], [ 34.540904222492912, 47.531451571436982 ], [ 34.545150246674922, 47.531774638494305 ], [ 34.554057666969776, 47.529467016656263 ], [ 34.557472947290087, 47.527344004565258 ], [ 34.571780202685964, 47.523467199877352 ], [ 34.571872507559483, 47.523559504750871 ], [ 34.578333848706016, 47.519313480568869 ], [ 34.582210653393936, 47.521298035349588 ], [ 34.58761048849496, 47.520374986614364 ], [ 34.589041214034559, 47.520882663418732 ], [ 34.588902756724281, 47.523374895003826 ], [ 34.592364189481344, 47.526190193646244 ], [ 34.596240994169264, 47.525036382727215 ], [ 34.597394805088285, 47.525313297347779 ], [ 34.599471664742531, 47.527851681369633 ], [ 34.598640920880833, 47.53071313244881 ], [ 34.599610122052816, 47.533482278654468 ], [ 34.60496380471708, 47.536205272423359 ], [ 34.612671261656153, 47.541189735593548 ], [ 34.61904029792916, 47.544466558603574 ], [ 34.627624651166691, 47.544374253730048 ], [ 34.632009132658979, 47.545158845154987 ], [ 34.637501272633529, 47.544328101293289 ], [ 34.640593485896517, 47.542528156259614 ], [ 34.64248573580371, 47.542205089202284 ], [ 34.646454845365156, 47.540405144168609 ], [ 34.648070180651786, 47.535789900492517 ], [ 34.650562412236873, 47.530620827575291 ], [ 34.655131503476206, 47.526928632634416 ], [ 34.661500539749213, 47.525267144911027 ], [ 34.664777362759239, 47.521574949970152 ], [ 34.671515618526335, 47.51659048679997 ], [ 34.674561679352557, 47.512206005307682 ], [ 34.681946069234307, 47.506667712896373 ], [ 34.681946069234307, 47.50177555459971 ], [ 34.677976959672868, 47.495729585384034 ], [ 34.67945383764922, 47.492683524557812 ], [ 34.685176739807574, 47.492175847753444 ], [ 34.68808434332351, 47.490468207593288 ], [ 34.69159192851734, 47.490468207593288 ], [ 34.696207172193432, 47.489037482053696 ], [ 34.70059165368572, 47.490514360030048 ], [ 34.704791525430963, 47.489222091800741 ], [ 34.70991444591143, 47.490237445409484 ], [ 34.716375787057956, 47.490329750283003 ], [ 34.718821866206291, 47.49157586607555 ], [ 34.725606274410147, 47.491714323385828 ], [ 34.734559847141767, 47.490191292972725 ], [ 34.742544218701411, 47.490098988099206 ], [ 34.744436468608605, 47.491437408765272 ], [ 34.749836303709635, 47.49194508556964 ], [ 34.759943687360277, 47.484791457871694 ], [ 34.766681943127374, 47.478376269161927 ], [ 34.777481613329428, 47.473899482796121 ], [ 34.782881448430459, 47.471730318268357 ], [ 34.789388942013751, 47.468591952568609 ], [ 34.796219502654367, 47.46619202585704 ], [ 34.800650136583414, 47.465638196615913 ], [ 34.809557556878275, 47.465592044179154 ], [ 34.818049605242287, 47.463469032088149 ], [ 34.821141818505268, 47.463238269904345 ], [ 34.822618696481619, 47.463930556455757 ], [ 34.826403196296013, 47.462361373605887 ], [ 34.82769546452532, 47.460192209078123 ], [ 34.833187604499869, 47.457838434803314 ], [ 34.839279726152313, 47.455853880022595 ], [ 34.84020277488753, 47.456269251953444 ], [ 34.841310433369792, 47.455253898344701 ], [ 34.857648395983162, 47.449623301059873 ], [ 34.864063584692929, 47.44893101450846 ], [ 34.86710964551915, 47.449807910806918 ], [ 34.869186505173396, 47.448884862071701 ], [ 34.870894145333544, 47.448838709634941 ], [ 34.873340224481879, 47.446900307290981 ], [ 34.874124815906811, 47.44348502697067 ], [ 34.873109462298068, 47.438085191869646 ], [ 34.871447974574679, 47.43642370414625 ], [ 34.864848176117867, 47.428993161827741 ], [ 34.862586706716577, 47.421285704888668 ], [ 34.8629097737739, 47.419762674475557 ], [ 34.869924944161561, 47.413255180892264 ], [ 34.872694090367219, 47.413532095512835 ], [ 34.875394007917741, 47.408916851836729 ], [ 34.881486129570185, 47.406055400757552 ], [ 34.890901226669413, 47.402547815563722 ], [ 34.898839445792291, 47.400794022966807 ], [ 34.909085286753218, 47.397378742646502 ], [ 34.918408078978921, 47.394424986693799 ], [ 34.931238456398461, 47.392301974602802 ], [ 34.943699614323911, 47.38925591377658 ], [ 34.963545162131112, 47.388794389408972 ], [ 34.973237173850912, 47.390086657638278 ], [ 34.973883307965565, 47.392301974602802 ], [ 34.990959709567107, 47.396732608531849 ], [ 35.003974696733685, 47.403470864298946 ], [ 35.019389610611832, 47.411132168801259 ], [ 35.029266232078669, 47.41777811969483 ], [ 35.036281402466329, 47.424239460841363 ], [ 35.040250512027768, 47.429685448379153 ], [ 35.045973414186122, 47.435777570031597 ], [ 35.050219438368131, 47.439838984466554 ], [ 35.055573121032396, 47.44186969168404 ], [ 35.057603828249874, 47.443069655039821 ], [ 35.060742193949622, 47.447500288968868 ], [ 35.067941974084327, 47.450269435174526 ], [ 35.079941607642176, 47.450269435174526 ], [ 35.094156558164542, 47.451100179036224 ], [ 35.118986569141924, 47.450269435174526 ], [ 35.144555019107479, 47.446208020739569 ], [ 35.155539299056578, 47.445192667130826 ], [ 35.176215590725469, 47.445469581751389 ], [ 35.197445711635503, 47.444731142763217 ], [ 35.20695311360825, 47.446577240233651 ], [ 35.223567990842184, 47.453038581380184 ], [ 35.243136624028814, 47.462730593099977 ], [ 35.254859342966093, 47.468176580637767 ], [ 35.262982171836015, 47.472884129187385 ], [ 35.268428159373805, 47.473530263302038 ], [ 35.271105000705937, 47.471314946337515 ], [ 35.269258903235503, 47.463653641835201 ], [ 35.267597415512107, 47.460792190756017 ], [ 35.266858976523935, 47.456176947079925 ], [ 35.269997342223675, 47.453038581380184 ], [ 35.271843439694116, 47.452669361886095 ], [ 35.273135707923423, 47.457746129929802 ], [ 35.282366195275607, 47.46882271475242 ], [ 35.283104634263779, 47.471407251211033 ], [ 35.279597049069949, 47.47814550697813 ], [ 35.274427976152722, 47.4906989697771 ], [ 35.273781842038069, 47.494760384212064 ], [ 35.278212475967116, 47.501037115611545 ], [ 35.28430459761956, 47.505560054414119 ], [ 35.299811816371232, 47.510821432204864 ], [ 35.315503644869949, 47.513405968663477 ], [ 35.32408799810748, 47.515805895375046 ], [ 35.328357098507865, 47.518944261074779 ], [ 35.328772470438714, 47.520144224430567 ], [ 35.330226272196683, 47.52042113905113 ], [ 35.33271850378177, 47.522105702992903 ], [ 35.335863323488553, 47.526470486841717 ], [ 35.336810686507903, 47.527928602097589 ], [ 35.337021204233366, 47.528165434538735 ], [ 35.337152, 47.530162 ], [ 35.330884403857439, 47.550411519614904 ], [ 35.330881034127017, 47.550423972966463 ], [ 35.330459910183954, 47.553363002781076 ], [ 35.329655144538179, 47.558124951081254 ], [ 35.328100759147986, 47.564005246839095 ], [ 35.326018126413359, 47.56731047773777 ], [ 35.343384487016763, 47.56967185635299 ], [ 35.348355536682348, 47.572804665456147 ], [ 35.346688, 47.5778414 ], [ 35.359922038259235, 47.57892937615199 ], [ 35.364255937958013, 47.578389746617503 ], [ 35.37617837798539, 47.579603913070073 ], [ 35.377190183362522, 47.568541507613283 ], [ 35.391970973580328, 47.566593782262281 ], [ 35.402360950046926, 47.56693737450496 ], [ 35.403063128893571, 47.558294339450292 ], [ 35.400806458150655, 47.553340782780737 ], [ 35.396487050661989, 47.540732008310563 ], [ 35.402973, 47.537641 ], [ 35.417566487730362, 47.536377690223283 ], [ 35.431991183643397, 47.537711765535299 ], [ 35.449499378362006, 47.542555327695446 ], [ 35.463843936167599, 47.540045484715442 ], [ 35.480930799474152, 47.543839754879741 ], [ 35.487520181992835, 47.547811090985057 ], [ 35.492723754300592, 47.545875812739553 ], [ 35.506565618911196, 47.54677601748341 ], [ 35.51269487991155, 47.544459211349483 ], [ 35.527074934431667, 47.545970693370947 ], [ 35.539211015868503, 47.552120373664103 ], [ 35.568687819143349, 47.555914540982144 ], [ 35.587643990852236, 47.552879572226942 ], [ 35.594905043773828, 47.540927061519547 ], [ 35.590604178573201, 47.526411407258351 ], [ 35.593070454180001, 47.516995293467275 ], [ 35.610603626439982, 47.506147731361736 ], [ 35.627400934988898, 47.507296831449956 ], [ 35.634168723842947, 47.510488120135484 ], [ 35.639151865325374, 47.508660546673028 ], [ 35.639353392036064, 47.506646873777122 ], [ 35.636211305948052, 47.502804723052762 ], [ 35.63957493692849, 47.500605037589423 ], [ 35.650490409333024, 47.50000961069842 ], [ 35.670484, 47.502209 ], [ 35.681998008650091, 47.507453815328155 ], [ 35.696843743173531, 47.507990225610669 ], [ 35.710579220896818, 47.505641892010672 ], [ 35.721517324691035, 47.493857046065074 ], [ 35.732320169209729, 47.4914219125599 ], [ 35.739200445774323, 47.491485150395953 ], [ 35.743171781879617, 47.490865419602436 ], [ 35.745815123427413, 47.489606986664612 ], [ 35.764416123130658, 47.486222718359343 ], [ 35.784042617562939, 47.484899790171326 ], [ 35.79924002828637, 47.473179377798985 ], [ 35.818060794010705, 47.469650706546197 ], [ 35.84176905399039, 47.471102014884011 ], [ 35.886439470918326, 47.467267430599229 ], [ 35.917671057208125, 47.472446609373463 ], [ 35.924353278516556, 47.494684949492459 ], [ 35.93257542469722, 47.493234467036061 ], [ 35.936682646696148, 47.526569455865037 ], [ 35.940380673297682, 47.529154232332445 ], [ 35.943462867440843, 47.530353138319683 ], [ 35.962604701628678, 47.518226850324425 ], [ 35.970650925795823, 47.516803999012829 ], [ 35.99054393667501, 47.517583973425552 ], [ 35.992224497836844, 47.523321846197028 ], [ 35.994587967691722, 47.525918951220589 ], [ 35.997808243441995, 47.525742936148525 ], [ 35.9987761, 47.5257009 ], [ 36.004763789613065, 47.522992880711961 ], [ 36.030125789815813, 47.522554265199311 ], [ 36.031762389629407, 47.526465159418635 ], [ 36.036037732978563, 47.528560834085319 ], [ 36.045904563155979, 47.530990873314416 ], [ 36.06016684491874, 47.538668932848381 ], [ 36.063919132129215, 47.555373708022032 ], [ 36.070712499909284, 47.564805086121183 ], [ 36.082013948510173, 47.570811344750702 ], [ 36.08748923489987, 47.578848650906707 ], [ 36.087070112112187, 47.581364118306091 ], [ 36.075711333614194, 47.58854730470842 ], [ 36.068674146935493, 47.589510902884342 ], [ 36.071700955956594, 47.593539362558218 ], [ 36.079361326704806, 47.591642498849268 ], [ 36.089274707938898, 47.588094705565183 ], [ 36.096457894341235, 47.587247907168155 ], [ 36.108516149681684, 47.592050737151133 ], [ 36.107307841030554, 47.596375210218319 ], [ 36.1051201664201, 47.601208444822824 ], [ 36.100986478929414, 47.614576154215783 ], [ 36.093583998561463, 47.622093105929636 ], [ 36.10538726622719, 47.631785013215499 ], [ 36.119479960810843, 47.633947249749077 ], [ 36.126831565025057, 47.637190604549453 ], [ 36.12980782001835, 47.637979184932284 ], [ 36.143900514602002, 47.645000094147257 ], [ 36.152902260267354, 47.651199531425647 ], [ 36.15842217400462, 47.652459743036076 ], [ 36.162001442246776, 47.651624667886097 ], [ 36.170902058306694, 47.654254828520507 ], [ 36.169015203938528, 47.659419854114141 ], [ 36.159428459017469, 47.666948212451757 ], [ 36.161105662900276, 47.670588507242861 ], [ 36.166972982826422, 47.673814697404431 ], [ 36.169069611227826, 47.678694460017063 ], [ 36.1670987, 47.6923228 ], [ 36.158009094268749, 47.697034225426243 ], [ 36.152605295400562, 47.697638013261219 ], [ 36.147539292035859, 47.699966161025266 ], [ 36.142754746684162, 47.700874430250273 ], [ 36.138039157610848, 47.707911062201461 ], [ 36.136231204487871, 47.712952770419825 ], [ 36.146892536305799, 47.724840240647744 ], [ 36.152148647446815, 47.722708720882629 ], [ 36.160573336226008, 47.728250490857732 ], [ 36.163179768037679, 47.734926627614442 ], [ 36.164814964942273, 47.741496615177539 ], [ 36.162770968811529, 47.748592201745694 ], [ 36.189050919063952, 47.759308581459734 ], [ 36.191830175930022, 47.761308556905483 ], [ 36.197181976271963, 47.761845953608194 ], [ 36.209884174593888, 47.76199522948486 ], [ 36.229412581236929, 47.760397571245115 ], [ 36.241601783696225, 47.7644818707167 ], [ 36.249280608487098, 47.778862065721086 ], [ 36.270900600616734, 47.781291775602156 ], [ 36.29519196631518, 47.779099064152526 ], [ 36.303473463183281, 47.802644291424073 ], [ 36.348884096669522, 47.805994728814696 ], [ 36.363714739380484, 47.796869241338186 ], [ 36.364563307494933, 47.797664501567944 ], [ 36.378925459322822, 47.79408636114907 ], [ 36.418648372878785, 47.8074625432209 ], [ 36.451240642262142, 47.807324050511966 ], [ 36.454531599678127, 47.821627589071056 ], [ 36.457353528194098, 47.824951859473195 ], [ 36.490641984475261, 47.830746030752245 ], [ 36.525071037957765, 47.840958705165264 ], [ 36.572100174138235, 47.84918149620961 ], [ 36.582034632066048, 47.859787784161668 ], [ 36.59009763048671, 47.874683768454105 ], [ 36.574293095260217, 47.896117951509638 ], [ 36.624859583984559, 47.903194802221684 ], [ 36.630115520447895, 47.909566076665051 ], [ 36.629261430772601, 47.921293630031442 ], [ 36.621370844022728, 47.923440243526322 ], [ 36.61172336073151, 47.924115345375775 ], [ 36.607789134425957, 47.935198504932842 ], [ 36.6350992981221, 47.938553549730869 ], [ 36.677243986910909, 47.947565517788178 ], [ 36.691584032152825, 47.950014292831497 ], [ 36.732086386784296, 47.960054651587811 ], [ 36.742112546224092, 47.974167085159365 ], [ 36.739257967283955, 47.97472859031609 ], [ 36.73947994477561, 47.975997430058342 ], [ 36.741289915092196, 47.977437696845591 ], [ 36.741170388750525, 47.979140817628682 ], [ 36.740436155508895, 47.980409548943598 ], [ 36.740542817639813, 47.984143552980854 ], [ 36.740047543176182, 47.986628147071883 ], [ 36.741324065475524, 47.988946956835164 ], [ 36.73982144860895, 47.992135265063816 ], [ 36.739872674183943, 47.995734731162315 ], [ 36.741375291050552, 48.002293112648019 ], [ 36.734989169367509, 48.007114248092748 ], [ 36.737721200034038, 48.013077209256757 ], [ 36.741153313558875, 48.016138385060991 ], [ 36.748427345208519, 48.027285011649674 ], [ 36.761353265299583, 48.031076142630539 ], [ 36.7636035, 48.0339218 ], [ 36.764698327410677, 48.054366597061339 ], [ 36.776857539332212, 48.067214906157169 ], [ 36.800882334006111, 48.060002876849069 ], [ 36.816478988229981, 48.064952849402054 ], [ 36.839303142947138, 48.077779575235709 ], [ 36.848281962420096, 48.079652987290508 ], [ 36.868445848292808, 48.083489907375522 ], [ 36.875156553540648, 48.088475818449758 ], [ 36.890573602410697, 48.091021716815064 ], [ 36.892373842259857, 48.09489209551392 ], [ 36.902022887800236, 48.09866515924201 ], [ 36.903182694324983, 48.11423863270862 ], [ 36.909318412328957, 48.114048377886803 ], [ 36.915669465223147, 48.114872263825958 ], [ 36.912641334551786, 48.128449318905844 ], [ 36.904349077807417, 48.133597592646368 ], [ 36.906818968246917, 48.138984075716181 ], [ 36.907008, 48.164655 ], [ 36.916535799291353, 48.167810052434028 ], [ 36.923941740368278, 48.173529914706684 ], [ 36.935920369847871, 48.187328015301027 ], [ 36.93243447098893, 48.192839484586791 ], [ 36.930140503682793, 48.198775508654229 ], [ 36.928715441973971, 48.20988910118794 ], [ 36.93078255181706, 48.220171769618773 ], [ 36.954937632663224, 48.233548085551952 ], [ 36.947353788974468, 48.237246773299759 ], [ 36.942742519799552, 48.237066106787815 ], [ 36.941838349373093, 48.2400972049346 ], [ 36.963910348580733, 48.238776759362445 ], [ 36.982433246290313, 48.250760231180905 ], [ 36.980942163312513, 48.257582093437179 ], [ 36.983492385884254, 48.258640921831784 ], [ 36.9874519, 48.2591455 ], [ 36.988616069148996, 48.262870094762583 ], [ 36.995798028570917, 48.264340550157662 ], [ 37.008777323852037, 48.262043065705598 ], [ 37.019921126896747, 48.253497620770752 ], [ 37.036511443452149, 48.245390788373385 ], [ 37.045996122203576, 48.252112738264692 ], [ 37.050666020285895, 48.254739205679947 ], [ 37.051110614519452, 48.254859463546531 ], [ 37.050998801623422, 48.256148829631883 ], [ 37.05056692680283, 48.261128977419439 ], [ 37.05105504024025, 48.261500958812341 ], [ 37.05229146683601, 48.261898130283861 ], [ 37.057807315162137, 48.26939008181801 ], [ 37.055612131134033, 48.280116595272979 ], [ 37.092348896906415, 48.28412810368571 ], [ 37.102551883301381, 48.295700400209725 ], [ 37.087356299420819, 48.302086022411729 ], [ 37.087749919439773, 48.303182901574594 ], [ 37.063142455319309, 48.318097058370334 ], [ 37.063545591887063, 48.320645622879084 ], [ 37.055240146186556, 48.322383016830535 ], [ 37.047925429517832, 48.329599679453743 ], [ 37.036651394515914, 48.348755267478886 ], [ 37.039416617568335, 48.349770028232072 ], [ 37.064175547438779, 48.34080286995421 ], [ 37.068883236664064, 48.349455019826657 ], [ 37.068706075643732, 48.351595677969271 ], [ 37.075251970260041, 48.353527142048392 ], [ 37.081601911497152, 48.356789977826544 ], [ 37.086396404500434, 48.357473165790502 ], [ 37.084772, 48.3625774 ], [ 37.102836583962848, 48.365551277479526 ], [ 37.122315019965477, 48.361081910314539 ], [ 37.141764867265557, 48.362902057710123 ], [ 37.146062702215261, 48.363883603164254 ], [ 37.162091434777118, 48.361120028584622 ], [ 37.176338304099794, 48.360031940640638 ], [ 37.182275058775929, 48.360605431938765 ], [ 37.18213211526318, 48.366370820285908 ], [ 37.178491820472082, 48.375576382506338 ], [ 37.177862869016032, 48.378368545788518 ], [ 37.18855457383173, 48.390658347335574 ], [ 37.188852615395433, 48.393061232889195 ], [ 37.22159805465278, 48.403297614741746 ], [ 37.227443075695057, 48.41467229005557 ], [ 37.224566750615885, 48.416434403429193 ], [ 37.220031342306072, 48.429322903811297 ], [ 37.234757771639671, 48.442811591993674 ], [ 37.224510333155514, 48.452710606400373 ], [ 37.243605063821541, 48.453700830309607 ], [ 37.244394159647207, 48.454684101279142 ], [ 37.267623577918783, 48.456753014739817 ], [ 37.272838736409859, 48.460550800224532 ], [ 37.281179687019993, 48.466750223721057 ], [ 37.308641310019013, 48.475120292984514 ], [ 37.313874574467853, 48.473785903289887 ], [ 37.31806043267683, 48.474239211924704 ], [ 37.341373817196704, 48.47372677221108 ], [ 37.351338706631246, 48.474505652651409 ], [ 37.367274841165354, 48.48181172097695 ], [ 37.376196715267575, 48.48510895769757 ], [ 37.374859671173347, 48.488771677021063 ], [ 37.3806387, 48.4933927 ], [ 37.383674437734633, 48.492789737398233 ], [ 37.389880092898395, 48.495880402526225 ], [ 37.415901425423421, 48.493345460507932 ], [ 37.437204100818029, 48.490260772027838 ], [ 37.446482387737532, 48.490364049659284 ], [ 37.449344433444999, 48.486687092656815 ], [ 37.459465144574473, 48.480069704610621 ], [ 37.464102141923355, 48.470575958891899 ], [ 37.470239462310516, 48.465573787677293 ], [ 37.471476210344775, 48.461438411437761 ], [ 37.475968020011109, 48.459427039080261 ], [ 37.484978364362753, 48.454379335464665 ], [ 37.486627207414159, 48.451275356059078 ], [ 37.507228004047604, 48.445423092398435 ], [ 37.524939949800149, 48.445573987688384 ], [ 37.534015871413857, 48.444774318814581 ], [ 37.57364499555684, 48.443860103245598 ], [ 37.587379067842122, 48.443139784769102 ], [ 37.598503986534759, 48.444364326179148 ], [ 37.607936398397513, 48.442496355193647 ], [ 37.635406851402969, 48.449975291273908 ], [ 37.635500311509574, 48.464286199172662 ], [ 37.630517845760501, 48.477426484490181 ], [ 37.614957321251374, 48.491386424147272 ], [ 37.614912143453154, 48.494503692226047 ], [ 37.626200139042709, 48.498892392626786 ], [ 37.62918187372675, 48.506482262731609 ], [ 37.64198009857185, 48.507224469417046 ], [ 37.65040716109722, 48.498430053128274 ], [ 37.653896599071473, 48.49559060850217 ], [ 37.660195780890504, 48.494638154893792 ], [ 37.660319992225993, 48.497037195511908 ], [ 37.665576460773522, 48.504404752505749 ], [ 37.67940519002611, 48.495847921728192 ], [ 37.6863436, 48.4964505 ], [ 37.689876847394757, 48.491907827247111 ], [ 37.700839062239901, 48.491101329025419 ], [ 37.702860003666416, 48.490320762315903 ], [ 37.703746555714794, 48.490421085269034 ], [ 37.705633683555099, 48.48894356657236 ], [ 37.706090706240751, 48.488886566714882 ], [ 37.727529425451472, 48.479467223768076 ], [ 37.734813864305814, 48.479964590288006 ], [ 37.742402004840471, 48.48101214101149 ], [ 37.748352797185532, 48.47818639494232 ], [ 37.749365136119977, 48.478969857248103 ], [ 37.754726130998876, 48.479973393235277 ], [ 37.7799668, 48.4917466 ], [ 37.771836349193457, 48.497768970343728 ], [ 37.769512579003894, 48.501563592180432 ], [ 37.770102389501815, 48.504354402829108 ], [ 37.7738057, 48.5114247 ], [ 37.769367315206601, 48.519274108032363 ], [ 37.7708795, 48.5223588 ], [ 37.756009927285966, 48.518886393422292 ], [ 37.75294972406342, 48.52164762269328 ], [ 37.747228222994615, 48.522330622950207 ], [ 37.742256334689564, 48.525395310817899 ], [ 37.741505718804802, 48.529632158907077 ], [ 37.74364208709224, 48.53175809712743 ], [ 37.743480415978603, 48.536713174969641 ], [ 37.741898348652235, 48.540635601007281 ], [ 37.769977461714824, 48.544185398256104 ], [ 37.793326851089596, 48.550658731672669 ], [ 37.795712805166104, 48.563889931551458 ], [ 37.814216440749242, 48.566163578826149 ], [ 37.813666255047586, 48.567300146657196 ], [ 37.819261712203513, 48.571634214874372 ], [ 37.815985914971137, 48.575783165354778 ], [ 37.819626, 48.5824618 ], [ 37.813177591525992, 48.586739792375724 ], [ 37.81346773549194, 48.588266865880712 ], [ 37.818134037367315, 48.590435107364485 ], [ 37.817532560399009, 48.593163546365638 ], [ 37.7844991, 48.5890699 ], [ 37.783306635134657, 48.595641263349115 ], [ 37.786487607869972, 48.596730228362205 ], [ 37.784679300767365, 48.597592073208226 ], [ 37.783076592157144, 48.597165884776288 ], [ 37.773741509863846, 48.600492686447424 ], [ 37.767919776265472, 48.60082504262288 ], [ 37.760868323398292, 48.606156225163502 ], [ 37.75850987864947, 48.615168684554945 ], [ 37.763488690943753, 48.61959827237493 ], [ 37.7764591, 48.619809 ], [ 37.788989206318412, 48.623757641867101 ], [ 37.784480648221979, 48.63261431675275 ], [ 37.790000441077154, 48.639167643171824 ], [ 37.786936307965284, 48.651732965535075 ], [ 37.787428578530822, 48.652801504071547 ], [ 37.787137234726757, 48.65574816381784 ], [ 37.789759328963477, 48.658999908224516 ], [ 37.801213548251013, 48.663984327539815 ], [ 37.811571965728085, 48.665829674528048 ], [ 37.806178497776401, 48.678406172457905 ], [ 37.796456872730197, 48.679609527878469 ], [ 37.78734123296816, 48.69023804267713 ], [ 37.803447398310801, 48.693356948706864 ], [ 37.805383989361445, 48.701203992976538 ], [ 37.810933483375806, 48.709491755429902 ], [ 37.808876855770279, 48.71016054796452 ], [ 37.807029673014632, 48.715947425191175 ], [ 37.798183399348943, 48.720449933158051 ], [ 37.798443159423961, 48.722528013758144 ], [ 37.811739668407284, 48.731943040394434 ], [ 37.817330995132011, 48.737606668757849 ], [ 37.808931954771793, 48.740426432666446 ], [ 37.809956227986461, 48.743354649033058 ], [ 37.817849156875901, 48.740872292771641 ], [ 37.840584347612101, 48.758408158198598 ], [ 37.837556624146586, 48.762553792769275 ], [ 37.833351125367571, 48.762483551604298 ], [ 37.832193229287292, 48.765289818493947 ], [ 37.8389682, 48.764865 ], [ 37.849143329478999, 48.761433905584219 ], [ 37.856701683810726, 48.761142524439279 ], [ 37.867004564142697, 48.762686903791845 ], [ 37.887140914589494, 48.769579179774787 ], [ 37.870142457574552, 48.781916558412625 ], [ 37.878625114544171, 48.782422299478547 ], [ 37.892777823136761, 48.777521634544371 ], [ 37.9004187, 48.7740565 ], [ 37.902532874024899, 48.778146488648289 ], [ 37.907291437690773, 48.780675193977984 ], [ 37.910923578073422, 48.780675193977984 ], [ 37.918943970375288, 48.784526290142978 ], [ 37.92073920082224, 48.784883805525908 ], [ 37.930486562033131, 48.795571567192887 ], [ 37.935470738952596, 48.795816929573547 ], [ 37.935498696990571, 48.804858960106628 ], [ 37.931178709207508, 48.813650663785062 ], [ 37.93005053853112, 48.819496639108131 ], [ 37.919914255972593, 48.840373759178533 ], [ 37.906744162855482, 48.833153705143303 ], [ 37.889698306164973, 48.826621131570803 ], [ 37.860646003101508, 48.82000887978478 ], [ 37.857683439972462, 48.820049195112389 ], [ 37.85833955973326, 48.828937769234876 ], [ 37.86830122417841, 48.827413532305705 ], [ 37.871834176736527, 48.838410256711946 ], [ 37.87874866960027, 48.839440037801694 ], [ 37.875965134577115, 48.846156099916115 ], [ 37.895158948991579, 48.851337280297599 ], [ 37.901674563864511, 48.851035196655673 ], [ 37.907746075743816, 48.853064881492891 ], [ 37.910422, 48.8591431 ], [ 37.908556950045401, 48.862269777016898 ], [ 37.907158202753905, 48.862737789549506 ], [ 37.891901508425484, 48.862681595463577 ], [ 37.892980816209565, 48.864908184225477 ], [ 37.896832539465322, 48.864852092032365 ], [ 37.907106259171172, 48.869513160241659 ], [ 37.906856159542059, 48.870253748541778 ], [ 37.903835727423633, 48.871911474076519 ], [ 37.900260378706712, 48.875156682538638 ], [ 37.899298054985266, 48.877650295101532 ], [ 37.90056944617929, 48.878570473258534 ], [ 37.904439813847326, 48.877467664322275 ], [ 37.908401496904986, 48.878352721175581 ], [ 37.9103734, 48.8796941 ], [ 37.913669692460381, 48.879322069157773 ], [ 37.9163466, 48.8796124 ], [ 37.922626945855683, 48.88279799383033 ], [ 37.926774399416374, 48.885654302312737 ], [ 37.931630494743935, 48.892101332147831 ], [ 37.931422753492924, 48.893440520166337 ], [ 37.93264553135446, 48.895364597095508 ], [ 37.932753423518712, 48.897792170791206 ], [ 37.931171005109661, 48.900633331116531 ], [ 37.938013166526069, 48.908887081681883 ], [ 37.937481158904895, 48.919915658084008 ], [ 37.939673976394765, 48.924039824866682 ], [ 37.947210965850942, 48.931165720405815 ], [ 37.949732049432107, 48.93392608461189 ], [ 37.953723765102275, 48.93530620948227 ], [ 37.954012639262615, 48.937876590344246 ], [ 37.965813434713596, 48.939624517977528 ], [ 37.9653286, 48.9419142 ], [ 37.954322412387583, 48.945751203843685 ], [ 37.95364434119606, 48.945638708369081 ], [ 37.953245553604425, 48.945220203069972 ], [ 37.953966717255426, 48.944437134844073 ], [ 37.954418043738571, 48.942880868863583 ], [ 37.952032460899169, 48.941970377829314 ], [ 37.950968619903215, 48.94130337967011 ], [ 37.950162679754769, 48.940128170748565 ], [ 37.948663631078638, 48.939768191308517 ], [ 37.946261929436247, 48.940212871415987 ], [ 37.945584939711551, 48.941165744019841 ], [ 37.943102644054321, 48.941462189564149 ], [ 37.942538485950408, 48.940466972555754 ], [ 37.939008468100205, 48.940594022640532 ], [ 37.935043242569819, 48.941229268213277 ], [ 37.934785341722318, 48.940054057546682 ], [ 37.936381103216242, 48.939757603638633 ], [ 37.93518831179653, 48.938105899631772 ], [ 37.93441460925402, 48.935469412682814 ], [ 37.934833698131222, 48.935215286101077 ], [ 37.935333381023248, 48.934008167171072 ], [ 37.935204430599505, 48.932493932856332 ], [ 37.936187677580619, 48.932292737427879 ], [ 37.936719598078582, 48.932652770779761 ], [ 37.938121933936898, 48.932398629859712 ], [ 37.937880151892365, 48.931413821575184 ], [ 37.937557775832971, 48.931101432093335 ], [ 37.936058727156848, 48.931344990162316 ], [ 37.934856374680024, 48.931342286585711 ], [ 37.934728925911905, 48.930868462393839 ], [ 37.935446212644024, 48.930640786409953 ], [ 37.93539785623512, 48.930090123924238 ], [ 37.935994251944976, 48.929708892491817 ], [ 37.936816310896404, 48.928935830929156 ], [ 37.936010370747944, 48.928205117900873 ], [ 37.935628, 48.9273212 ], [ 37.930705, 48.9150088 ], [ 37.919875485096853, 48.912570119874111 ], [ 37.914488446680672, 48.914709424371573 ], [ 37.912216188770522, 48.913971164936264 ], [ 37.890897813995608, 48.925228435915294 ], [ 37.881591768959126, 48.930172612464524 ], [ 37.879629281278142, 48.950518113423662 ], [ 37.8829035, 48.9599471 ], [ 37.967112130842906, 48.9703830012688 ], [ 37.964578840273482, 48.983940890733322 ], [ 37.967484124795362, 48.985357517070419 ], [ 37.972622396594403, 48.98516543214334 ], [ 37.97609193058954, 48.9864500000931 ], [ 37.978806178049197, 48.989802629063291 ], [ 37.967880299957429, 49.00206890572521 ], [ 37.966703779779152, 49.001900831414027 ], [ 37.956422, 49.009206 ], [ 37.949139322715077, 49.009121838584967 ], [ 37.945682485573258, 49.008755862248719 ], [ 37.939924662551512, 49.014182737883175 ], [ 37.939535796800996, 49.019480165550966 ], [ 37.94156, 49.019807 ], [ 37.939883921837421, 49.022411900032367 ], [ 37.940352888139174, 49.023178878255202 ], [ 37.951000836991433, 49.024860982852438 ], [ 37.954245021210951, 49.027041870943272 ], [ 37.960511355620902, 49.033466345180628 ], [ 37.956116161305104, 49.036385687419497 ], [ 37.954839300694744, 49.038466727201829 ], [ 37.960714736881997, 49.04375971067239 ], [ 37.969204619885005, 49.049937183543776 ], [ 37.966109517036017, 49.061585219846023 ], [ 37.953593983506828, 49.068536293144255 ], [ 37.941239777240853, 49.071822509951247 ], [ 37.926109077261358, 49.077840708044675 ], [ 37.911614550883876, 49.081513275857702 ], [ 37.898800641378969, 49.080583865345943 ], [ 37.866995945664748, 49.071419818045428 ], [ 37.862420414751917, 49.079309482256761 ], [ 37.855268694241694, 49.080621624509106 ], [ 37.843211929968781, 49.079118221763025 ], [ 37.822777395188552, 49.069758583558993 ], [ 37.803855529208953, 49.070015197016296 ], [ 37.78978230697431, 49.069907149244813 ], [ 37.779706852284257, 49.070744519473749 ], [ 37.744726386269186, 49.063721414327851 ], [ 37.739945272381405, 49.063924003899359 ], [ 37.73786535278051, 49.063356753099114 ], [ 37.733032482844081, 49.063675805346278 ], [ 37.713338508655653, 49.06753009827235 ], [ 37.712555162312455, 49.070987626959557 ], [ 37.714990301094488, 49.072460995258879 ], [ 37.715607511856625, 49.074485673561071 ], [ 37.720712769058821, 49.079064197877351 ], [ 37.724575476889058, 49.084520610336838 ], [ 37.72392850809576, 49.087473434126146 ], [ 37.721415605253235, 49.088444844001522 ], [ 37.713563677645745, 49.08887537374693 ], [ 37.710198348914496, 49.089901631069971 ], [ 37.7069264, 49.0892393 ], [ 37.682081728417963, 49.094420050169802 ], [ 37.68209249985464, 49.095206365047552 ], [ 37.682469500138495, 49.096983652100015 ], [ 37.713292081878848, 49.102304598222972 ], [ 37.714781115229492, 49.106802086710623 ], [ 37.71216770975694, 49.10823034318981 ], [ 37.707487890654924, 49.107926458832537 ], [ 37.703987061817351, 49.110220400169318 ], [ 37.69686419675233, 49.10535030767997 ], [ 37.67847689314241, 49.105994212628296 ], [ 37.678913319031786, 49.116672420085294 ], [ 37.684772534948699, 49.122497713763813 ], [ 37.7003972, 49.1302842 ], [ 37.701790058956021, 49.128727343087938 ], [ 37.710967366545681, 49.126417821972645 ], [ 37.712415180087007, 49.127708835809969 ], [ 37.725132685759377, 49.133103806663868 ], [ 37.732505170367496, 49.132525897553826 ], [ 37.740679659578163, 49.130307541745722 ], [ 37.747030842645181, 49.128089185937618 ], [ 37.753777075376661, 49.136810666991373 ], [ 37.747288831159757, 49.138543701487912 ], [ 37.746477441395399, 49.144008608092292 ], [ 37.764093949306094, 49.160194568283558 ], [ 37.763015159837778, 49.167837259869025 ], [ 37.750657398219275, 49.175717778193246 ], [ 37.751056320527326, 49.178025828689833 ], [ 37.753682405930952, 49.181478280422766 ], [ 37.77610294258281, 49.182798649161157 ], [ 37.79548479015795, 49.183309487324884 ], [ 37.800502380702191, 49.181618892190514 ], [ 37.806835284156641, 49.181132200499725 ], [ 37.813057839539923, 49.185001755774536 ], [ 37.841637028151347, 49.190235882472557 ], [ 37.862309373576949, 49.190856499932472 ], [ 37.889841296345935, 49.197086129256576 ], [ 37.890205957574665, 49.203437312323594 ], [ 37.88048165814191, 49.2073270320967 ], [ 37.884740552093596, 49.214674075125281 ], [ 37.882973868656464, 49.220699794691207 ], [ 37.87849121560177, 49.221776733285047 ], [ 37.876396, 49.226102 ], [ 37.878908893686535, 49.226639075761355 ], [ 37.888352846842331, 49.22640760632126 ], [ 37.917901126343367, 49.231014050164895 ], [ 37.916522342914575, 49.240389650168062 ], [ 37.91691659783335, 49.243967832786694 ], [ 37.918640697853526, 49.245180315661571 ], [ 37.920979365976407, 49.244918733614796 ], [ 37.92269425524492, 49.244082157720761 ], [ 37.948612531042677, 49.236287211344859 ], [ 37.954975272586232, 49.239206429412228 ], [ 37.9479743738924, 49.241574799161405 ], [ 37.950956095771566, 49.249808562845807 ], [ 37.975553706705185, 49.246168210046868 ], [ 37.984440496765224, 49.247743651614073 ], [ 38.011136737551709, 49.260126939172977 ], [ 38.010802464758711, 49.288995953113975 ], [ 38.003736294246742, 49.288231873722737 ], [ 37.999277, 49.28581 ], [ 37.997978544881761, 49.282857489097026 ], [ 37.983346524046382, 49.280631263547633 ], [ 37.967787633986632, 49.287810804120589 ], [ 37.963548447202662, 49.296456314085027 ], [ 37.963133622985303, 49.303231405940359 ], [ 37.961584, 49.311489 ], [ 37.962250804907995, 49.31772179162612 ], [ 37.965842774100089, 49.322666339899861 ], [ 37.9638675257778, 49.334836908408668 ], [ 37.957422728625417, 49.334829380508182 ], [ 37.941395277557412, 49.339015318321167 ], [ 37.94148644286458, 49.349738637578447 ], [ 37.943446496968996, 49.349890579757087 ], [ 37.953873355524379, 49.360810505024602 ], [ 37.950010399086139, 49.362858844703823 ], [ 37.93951879165126, 49.377141409495692 ], [ 37.934315020959588, 49.380241823719139 ], [ 37.916114967242748, 49.379138077178929 ], [ 37.916211727427893, 49.380510518467212 ], [ 37.906398900851705, 49.382509939374778 ], [ 37.88964377151364, 49.382155501390706 ], [ 37.876599539302482, 49.377312360034857 ], [ 37.85934650109342, 49.38092476974375 ], [ 37.847139, 49.381273 ], [ 37.84714554414888, 49.387093622196431 ], [ 37.833880991953869, 49.395222528753521 ], [ 37.829959, 49.401199 ], [ 37.81788148054337, 49.39054270965152 ], [ 37.800360463610616, 49.395631916959154 ], [ 37.786415746099088, 49.399914796506607 ], [ 37.768130391861227, 49.403913062898781 ], [ 37.7645106, 49.3973763 ], [ 37.722188296437722, 49.412460368919824 ], [ 37.722758079607608, 49.417964474340963 ], [ 37.721944054470754, 49.419640498638998 ], [ 37.721752654069753, 49.425467558382081 ], [ 37.725205427799651, 49.427678228407338 ], [ 37.72125554232354, 49.436209509580081 ], [ 37.722692938688951, 49.442317415577648 ], [ 37.73769513262382, 49.448652397427978 ], [ 37.773489466416891, 49.465562403523819 ], [ 37.778039419689279, 49.481691143159175 ], [ 37.743505784100527, 49.490019254005112 ], [ 37.731854977354281, 49.499808200966697 ], [ 37.733753, 49.510818 ], [ 37.725910879814343, 49.515196073005271 ], [ 37.71268627713323, 49.513634410711184 ], [ 37.711795451418915, 49.50997306061462 ], [ 37.706165993700424, 49.50530083862153 ], [ 37.698189029321981, 49.501927722255793 ], [ 37.69461079101508, 49.502657044713253 ], [ 37.691881436791213, 49.527105928220571 ], [ 37.701053139389316, 49.552953704396536 ], [ 37.705277131955427, 49.555293613947555 ], [ 37.744189523904375, 49.557572746627095 ], [ 37.75915582850007, 49.555852001454078 ], [ 37.75958886370919, 49.557834846885292 ], [ 37.753835182841179, 49.562593288236528 ], [ 37.762205164557933, 49.569847051293394 ], [ 37.76734150334633, 49.57125378413177 ], [ 37.773135166003982, 49.575169067172354 ], [ 37.784728975112884, 49.576991444330723 ], [ 37.795241805872081, 49.585115645515359 ], [ 37.790812798359291, 49.593918284244339 ], [ 37.794384096214237, 49.60027294405468 ], [ 37.788874267768016, 49.603781370766285 ], [ 37.789229700059948, 49.607512012771757 ], [ 37.81908562230899, 49.614300359021257 ], [ 37.800032073107907, 49.627428163255495 ], [ 37.800030915920438, 49.637233817542835 ], [ 37.779018416785256, 49.642615768488135 ], [ 37.770309114011589, 49.654581002955673 ], [ 37.748500639132075, 49.65589040359351 ], [ 37.736606136330742, 49.6549432667791 ], [ 37.725252921987334, 49.642670860785969 ], [ 37.708318063808861, 49.641441189015758 ], [ 37.708310018261479, 49.648935404419412 ], [ 37.71738199426192, 49.654851380802008 ], [ 37.71757164930191, 49.656163161495293 ], [ 37.7137469, 49.6586836 ], [ 37.711597515542095, 49.665171775895011 ], [ 37.740162592668348, 49.668124522017131 ], [ 37.758254131429162, 49.666423170517739 ], [ 37.777709400986005, 49.673414831684482 ], [ 37.773206681469532, 49.691471791550995 ], [ 37.77532627486152, 49.693842089537732 ], [ 37.7756004, 49.6953775 ], [ 37.769446112548266, 49.703072576889923 ], [ 37.774411552525379, 49.723094919655253 ], [ 37.768890807719181, 49.734609214392691 ], [ 37.755642570603655, 49.738944185770656 ], [ 37.75189643533308, 49.740950131884787 ], [ 37.742180268615506, 49.742118307503169 ], [ 37.732916016628977, 49.73995101200223 ], [ 37.728933930931532, 49.737848776701121 ], [ 37.719636174063346, 49.73622166924919 ], [ 37.708548598998028, 49.735594070660582 ], [ 37.699077647793771, 49.738125689833737 ], [ 37.687477105728092, 49.746763550356988 ], [ 37.681887532831475, 49.750296206010304 ], [ 37.677431828442948, 49.752495569046076 ], [ 37.67502734346602, 49.754740514735438 ], [ 37.6691991, 49.7517112 ], [ 37.661711542416803, 49.751599715808112 ], [ 37.657147547594917, 49.752016951183407 ], [ 37.652726030196582, 49.754786097389065 ], [ 37.648167764837481, 49.756267533630798 ], [ 37.638481450949378, 49.772381001675235 ], [ 37.63392318559027, 49.773702898629374 ], [ 37.632145462100219, 49.776825310400362 ], [ 37.622026113003002, 49.776551814478815 ], [ 37.610972319507162, 49.783457586497839 ], [ 37.612197, 49.79171 ], [ 37.605597668551169, 49.796504370802609 ], [ 37.605612115162742, 49.797013836261733 ], [ 37.606478323225105, 49.797375537241955 ], [ 37.60958060163005, 49.797137952152973 ], [ 37.61220965112576, 49.802771798886795 ], [ 37.618440498430601, 49.804532241556316 ], [ 37.625065703159798, 49.814508287882539 ], [ 37.615969191904632, 49.816204689827593 ], [ 37.619124051299487, 49.823549424037026 ], [ 37.633881270561439, 49.824682359915379 ], [ 37.658351741943584, 49.812701910275095 ], [ 37.659797774717219, 49.809412185715068 ], [ 37.667136391043442, 49.808598792279909 ], [ 37.668871630371804, 49.807279287373959 ], [ 37.66982962708434, 49.807206985735277 ], [ 37.671781771328753, 49.808273434905836 ], [ 37.671799846738423, 49.808906074244298 ], [ 37.670580916645527, 49.81105207792897 ], [ 37.671356913079215, 49.812641394529123 ], [ 37.672897210163455, 49.814137891696262 ], [ 37.673612340001689, 49.815255548923126 ], [ 37.675211305782909, 49.816948386376048 ], [ 37.6759601, 49.8189248 ], [ 37.671444512913389, 49.824357872349978 ], [ 37.667122921094112, 49.826525968245811 ], [ 37.666621726508311, 49.841496004788056 ], [ 37.663441031829862, 49.85008997920076 ], [ 37.6674784, 49.8537266 ], [ 37.6553743, 49.8616562 ], [ 37.639574482875531, 49.864354103962022 ], [ 37.641270479804973, 49.867705381902347 ], [ 37.650549458487617, 49.873312392389195 ], [ 37.648543821729611, 49.875887812317089 ], [ 37.648315908461655, 49.878144153669851 ], [ 37.649860950599411, 49.878965460143817 ], [ 37.649598367808679, 49.891170248423307 ], [ 37.65505234719982, 49.889644142353973 ], [ 37.664853083813867, 49.882373951959217 ], [ 37.694172057974257, 49.890622405090433 ], [ 37.694764632470942, 49.890166578554521 ], [ 37.697340052398836, 49.889961456613356 ], [ 37.706792368866701, 49.892044560962375 ], [ 37.707960810685556, 49.89194430204455 ], [ 37.733476285687175, 49.900241777853878 ], [ 37.744348, 49.900549 ], [ 37.74841541574763, 49.913368149232319 ], [ 37.759697122511426, 49.914370967611319 ], [ 37.770910455294832, 49.912935114023206 ], [ 37.772128227630738, 49.915557587764155 ], [ 37.771913273673839, 49.917652918669845 ], [ 37.772585617814308, 49.918986211287397 ], [ 37.774796376513471, 49.920592999826482 ], [ 37.775206620395792, 49.921356509274133 ], [ 37.77339470991555, 49.923931929202041 ], [ 37.773147600103371, 49.927037500859704 ], [ 37.773525846040094, 49.929421866189429 ], [ 37.75283369829512, 49.940153020171188 ], [ 37.7475857470736, 49.954049374299345 ], [ 37.733403929765764, 49.955397715010562 ], [ 37.727901149998949, 49.960642996151428 ], [ 37.72780933747714, 49.96135489274976 ], [ 37.730510054125169, 49.962169544446176 ], [ 37.734401463461943, 49.966354302845005 ], [ 37.746174743432221, 49.969669848706879 ], [ 37.752148919968505, 49.9708236596259 ], [ 37.761161473295445, 49.968230662439666 ], [ 37.766475405546387, 49.977887546474605 ], [ 37.775218728288344, 49.982105366389725 ], [ 37.7804197, 49.993807 ], [ 37.779218606140965, 50.007412285880321 ], [ 37.775321289258926, 50.016540212261951 ], [ 37.77429567955312, 50.025309175246548 ], [ 37.765619797646345, 50.038981571811483 ], [ 37.764188301959535, 50.039429474265859 ], [ 37.76354562578242, 50.040116697173019 ], [ 37.762831341431948, 50.050313977239469 ], [ 37.757572651838778, 50.066180434602757 ], [ 37.762475055269803, 50.06719876798244 ], [ 37.762774107108974, 50.069260520578126 ], [ 37.75235288158521, 50.070400807579986 ], [ 37.736835285048791, 50.06889758774301 ], [ 37.724807146633097, 50.08287166125023 ], [ 37.718012287811796, 50.085739146237387 ], [ 37.706964402367369, 50.086179111285716 ], [ 37.69645190288292, 50.090896915932404 ], [ 37.67187510639711, 50.083082374357502 ], [ 37.669245996022916, 50.088244010289806 ], [ 37.668145075002855, 50.093871184079227 ], [ 37.664683642245777, 50.099742799644929 ], [ 37.665375928797182, 50.102152982453568 ], [ 37.66237602040772, 50.106255421276764 ], [ 37.661580775679511, 50.109086974475694 ], [ 37.650455927967514, 50.119395012063734 ], [ 37.663021953688869, 50.139299572750744 ], [ 37.651797362391385, 50.145240512699367 ], [ 37.649052550421459, 50.143274612881008 ], [ 37.633071266368205, 50.139284152282414 ], [ 37.61760815674959, 50.137305755119826 ], [ 37.603477859508729, 50.148158232084342 ], [ 37.605466748851143, 50.159094298695408 ], [ 37.626941205072399, 50.176099442241714 ], [ 37.637889588681816, 50.177125051947527 ], [ 37.640145930034606, 50.189470828781104 ], [ 37.637812667953902, 50.197034700361392 ], [ 37.626159177671774, 50.210303525930179 ], [ 37.616400282333899, 50.215541993558482 ], [ 37.582696704234834, 50.224069364177986 ], [ 37.571516687221305, 50.230419142222004 ], [ 37.559952400212751, 50.229324277657156 ], [ 37.533530982688077, 50.219211449693141 ], [ 37.527664326210889, 50.220055675869112 ], [ 37.522484497809089, 50.226466071239308 ], [ 37.522684822664409, 50.233219880647198 ], [ 37.530211313657084, 50.237541173954796 ], [ 37.5274277, 50.2431466 ], [ 37.54626591991903, 50.243980187161462 ], [ 37.570188368368214, 50.237877281148322 ], [ 37.609900742940248, 50.255201748231251 ], [ 37.628999088120501, 50.25537671748944 ], [ 37.628210397083386, 50.294403521805812 ], [ 37.641286920832336, 50.300249497128874 ], [ 37.638928018508992, 50.316095167083475 ], [ 37.60672387374688, 50.318915593774413 ], [ 37.565730348298231, 50.318454984481782 ], [ 37.557750636043316, 50.327347026976867 ], [ 37.530649273819186, 50.336863763625921 ], [ 37.50882942732828, 50.351760744602664 ], [ 37.490676135535615, 50.357786201624243 ], [ 37.476522721595586, 50.368683304748366 ], [ 37.475317630191277, 50.374349798372926 ], [ 37.468420404919776, 50.393092815746414 ], [ 37.470010099963773, 50.415117784178484 ], [ 37.462805690152891, 50.41860378854097 ], [ 37.4579078, 50.421066105575669 ], [ 37.454251427863149, 50.423368541959952 ], [ 37.450980747742335, 50.425983213062075 ], [ 37.435477842524854, 50.431817589243202 ], [ 37.396127740782312, 50.433777470763545 ], [ 37.377307802680875, 50.437469665704455 ], [ 37.354077742844531, 50.438341433954378 ], [ 37.342437072683687, 50.441059299674762 ], [ 37.322847927302909, 50.438443994924981 ], [ 37.295566709128636, 50.418342044691308 ], [ 37.290182258173196, 50.410547410927229 ], [ 37.244799028691567, 50.394291497090293 ], [ 37.234030126780659, 50.394855582428491 ], [ 37.223127254404147, 50.384601053526943 ], [ 37.194441592136791, 50.375984363841781 ], [ 37.185672629152194, 50.370446071430457 ], [ 37.184800860902264, 50.363702687614847 ], [ 37.1882832, 50.3539652 ], [ 37.1613571, 50.3437785 ], [ 37.158265293003652, 50.334212225564194 ], [ 37.14529846921323, 50.333414464488108 ], [ 37.132756340843116, 50.330137692211231 ], [ 37.127558702059105, 50.323019186920085 ], [ 37.121570118242744, 50.324111444345711 ], [ 37.120929829407032, 50.325354357967974 ], [ 37.112370738630354, 50.327086478478456 ], [ 37.112493082395304, 50.335222338847764 ], [ 37.118029697621751, 50.340005673091021 ], [ 37.132342036302362, 50.346031920956541 ], [ 37.140343290069573, 50.355001401627483 ], [ 37.122484592423362, 50.359333539648048 ], [ 37.105509, 50.351607 ], [ 37.09147258571705, 50.349439754395078 ], [ 37.083214220427273, 50.334240068737067 ], [ 37.07621443330072, 50.332780554985 ], [ 37.067668137022096, 50.346620379019171 ], [ 37.059509815217503, 50.346985249410331 ], [ 37.044856416545912, 50.344805828785489 ], [ 37.032625665157553, 50.348748476285238 ], [ 37.0381007, 50.334422599999989 ], [ 37.0488748, 50.3356774 ], [ 37.049071440934547, 50.333276301623151 ], [ 37.0443708, 50.3313439 ], [ 37.04240248015067, 50.326350314967669 ], [ 37.044434580787005, 50.326793300663709 ], [ 37.047358823166142, 50.324942225868455 ], [ 37.05264587557113, 50.321151995020458 ], [ 37.053913540876934, 50.319889768456243 ], [ 37.032523459833762, 50.309095380841768 ], [ 37.025933104766246, 50.307955230257072 ], [ 37.021969452185353, 50.306515798530327 ], [ 37.021187152333859, 50.306536659859702 ], [ 37.011386182274677, 50.304024395899404 ], [ 37.010652332857539, 50.302037904053648 ], [ 37.007754985438702, 50.30151227907951 ], [ 37.005032081485489, 50.301913350608892 ], [ 36.988575599201084, 50.301210352815346 ], [ 36.986627425499172, 50.301409718108864 ], [ 36.981969184657984, 50.302994598193884 ], [ 36.976086306591668, 50.30122550685369 ], [ 36.9738615, 50.2990686 ], [ 36.976124390444326, 50.297380857338638 ], [ 36.972829740704569, 50.29555810306703 ], [ 36.969653295216169, 50.29420740595102 ], [ 36.971509887084927, 50.289589839215502 ], [ 36.96385702362182, 50.287867690180541 ], [ 36.961370607263632, 50.286339155534115 ], [ 36.958119923582231, 50.285554507748941 ], [ 36.958271407295847, 50.284379324484632 ], [ 36.952355466472746, 50.283282900317921 ], [ 36.954025396028882, 50.280046726566376 ], [ 36.95421719949335, 50.279279876779867 ], [ 36.954299173332224, 50.278861378940519 ], [ 36.956210951731144, 50.275025407997234 ], [ 36.953131513039637, 50.271860263354625 ], [ 36.947359666027069, 50.265168576511911 ], [ 36.946503089991182, 50.263200934458467 ], [ 36.94573879294618, 50.262025264424963 ], [ 36.943639605365085, 50.261989598616537 ], [ 36.942632, 50.263060899999985 ], [ 36.942753733935092, 50.264400452620805 ], [ 36.940888243001524, 50.264358827318496 ], [ 36.936812150611054, 50.265377850416115 ], [ 36.935140952730961, 50.266315351665924 ], [ 36.931614329898366, 50.269825954255118 ], [ 36.930610607904093, 50.269632379299082 ], [ 36.927979422390536, 50.272492986982762 ], [ 36.926193373584908, 50.274384902360993 ], [ 36.92441778678176, 50.27689123607955 ], [ 36.921954013869211, 50.279632739110141 ], [ 36.918085099362962, 50.280588313150723 ], [ 36.9151097, 50.2813232 ], [ 36.8963769, 50.274672 ], [ 36.896822475635084, 50.26737870605826 ], [ 36.905386316678516, 50.268558157219928 ], [ 36.9080605, 50.2672708 ], [ 36.910049207298883, 50.264240928311338 ], [ 36.909242788719894, 50.262217932997544 ], [ 36.905503938944548, 50.260319832241848 ], [ 36.901349661416383, 50.261897682618695 ], [ 36.899773479648339, 50.262381962845552 ], [ 36.8988242, 50.2630026 ], [ 36.897781870127481, 50.262553803032837 ], [ 36.896071285262934, 50.261319664289559 ], [ 36.895802479069943, 50.260601037126456 ], [ 36.895448143633722, 50.259023143798288 ], [ 36.893761995695819, 50.255945320277412 ], [ 36.893505407966138, 50.25475007124777 ], [ 36.893480971039509, 50.2541329047814 ], [ 36.89372534030587, 50.25221104407207 ], [ 36.8992776, 50.2540704 ], [ 36.89920069908456, 50.254634819148286 ], [ 36.900234119433584, 50.255880469671588 ], [ 36.900301884702372, 50.256963617566868 ], [ 36.905655340936683, 50.256638675783982 ], [ 36.908468542745318, 50.254613010253664 ], [ 36.904972435790221, 50.251921977014973 ], [ 36.904550898805752, 50.251453215897421 ], [ 36.904447041867542, 50.251089922859443 ], [ 36.904508134184127, 50.249218724523168 ], [ 36.8887974, 50.2482311 ], [ 36.8809403, 50.2504327 ], [ 36.8684253, 50.2600501 ], [ 36.85675703068646, 50.256994632416351 ], [ 36.848285496308108, 50.257340551062761 ], [ 36.850977721785831, 50.258904605864103 ], [ 36.849631609046966, 50.260237898481641 ], [ 36.849413666984482, 50.260840444183799 ], [ 36.847952173153722, 50.261135306974218 ], [ 36.847900892668427, 50.262519880077051 ], [ 36.849272645649933, 50.263237806871111 ], [ 36.848964962738201, 50.264071114757073 ], [ 36.847516289028754, 50.264532639124674 ], [ 36.84617404551944, 50.263103493502555 ], [ 36.8443, 50.264233 ], [ 36.839324231503689, 50.262878843474063 ], [ 36.837055070029592, 50.260891724669094 ], [ 36.838067859614092, 50.258520002224436 ], [ 36.836093560930429, 50.256417502327558 ], [ 36.833383497228105, 50.25557200678368 ], [ 36.83293981108509, 50.252956069570502 ], [ 36.821833, 50.249554 ], [ 36.809806755237076, 50.248216448951062 ], [ 36.799517754797328, 50.245981923571037 ], [ 36.797581916477625, 50.247033173519483 ], [ 36.78883859373569, 50.246520368666573 ], [ 36.772227, 50.255269 ], [ 36.755070394172229, 50.259725093628752 ], [ 36.746660394584659, 50.263750611724006 ], [ 36.741891309452697, 50.264365977547492 ], [ 36.726485176343665, 50.267796390234778 ], [ 36.720148383689747, 50.276839955594291 ], [ 36.684687928111757, 50.265455687859919 ], [ 36.669765306892366, 50.246738310729064 ], [ 36.674994046304704, 50.238056657326396 ], [ 36.667448050129977, 50.232729799748697 ], [ 36.666710718395727, 50.231429305795388 ], [ 36.662619394546681, 50.224213094042177 ], [ 36.629766528366183, 50.227969653112943 ], [ 36.614899765887394, 50.226664460379261 ], [ 36.613561895014541, 50.223482610650059 ], [ 36.595113740431458, 50.229815750583384 ], [ 36.575053582718681, 50.241882624352414 ], [ 36.568820735121356, 50.244585985460937 ], [ 36.516911000364246, 50.241302579288366 ], [ 36.505139430324469, 50.237361710923516 ], [ 36.489193898064997, 50.242917914575003 ], [ 36.479450605859903, 50.243994804766089 ], [ 36.465012976676981, 50.251566343478608 ], [ 36.457835881310167, 50.251840719015462 ], [ 36.445426003869997, 50.24868696917013 ], [ 36.42732399256262, 50.25322529211828 ], [ 36.422426706217422, 50.254199621338778 ], [ 36.418849892368449, 50.256084179173186 ], [ 36.417022974884823, 50.258435712051806 ], [ 36.40637591432165, 50.261622471584523 ], [ 36.398145396432625, 50.262699361775589 ], [ 36.383274055698521, 50.268955580980972 ], [ 36.368120706268726, 50.270656687336988 ], [ 36.362351617700206, 50.285775580156091 ], [ 36.342557350378264, 50.291724116449707 ], [ 36.324455339070916, 50.293159970037834 ], [ 36.297845222460971, 50.299048327265275 ], [ 36.286841103110696, 50.307749268102846 ], [ 36.281456652155256, 50.320159145543023 ], [ 36.283345115309061, 50.335675770312129 ], [ 36.271764640435428, 50.35410682680498 ], [ 36.248996104966665, 50.363593716583637 ], [ 36.228027710308808, 50.357911502660237 ], [ 36.2238491, 50.358275 ], [ 36.219057223620275, 50.363758970551274 ], [ 36.221466815288586, 50.367858872792887 ], [ 36.228888023308627, 50.370901364574259 ], [ 36.219041891496794, 50.378368906407914 ], [ 36.218873911034912, 50.379917256763079 ], [ 36.207402905964052, 50.390867073648799 ], [ 36.205321793981163, 50.390280814792384 ], [ 36.200811678976208, 50.388874995831699 ], [ 36.198555337623453, 50.391669782280005 ], [ 36.19456827989216, 50.390439050633034 ], [ 36.192222197690135, 50.390926215243304 ], [ 36.189696633789609, 50.390503151239656 ], [ 36.188491542385293, 50.394297907151113 ], [ 36.1897284, 50.3984791 ], [ 36.190506605090569, 50.403422672073731 ], [ 36.184531454423713, 50.406311027857647 ], [ 36.171038211780527, 50.416178605302079 ], [ 36.167299881839192, 50.42152143477945 ], [ 36.166505034317197, 50.428316099080369 ], [ 36.1598385712295, 50.43321338542556 ], [ 36.156056581314743, 50.433420668067342 ], [ 36.145556956076234, 50.435931251145938 ], [ 36.124557597349977, 50.44034137288088 ], [ 36.1157373538801, 50.440674696035252 ], [ 36.077584672824344, 50.455167843190317 ], [ 36.067457459122728, 50.450962268250557 ], [ 36.022908079144599, 50.444523234887733 ], [ 36.004555521984216, 50.443926168787776 ], [ 35.973709498806173, 50.436338022985808 ], [ 35.970511019538847, 50.432142905295152 ], [ 35.943345182456476, 50.432399307721617 ], [ 35.941011920375786, 50.430719871828352 ], [ 35.934842517540247, 50.428820454201578 ], [ 35.924127820594045, 50.431963423596635 ], [ 35.912974315043478, 50.431822402262085 ], [ 35.903332, 50.433939 ], [ 35.889436572295367, 50.433937722280312 ], [ 35.88645150205982, 50.436339841921772 ], [ 35.86521936311717, 50.428476350596931 ], [ 35.859091067075674, 50.428962237594227 ], [ 35.850399302868368, 50.430219887096783 ], [ 35.840245766780953, 50.426886655552934 ], [ 35.836553571840071, 50.427091777494098 ], [ 35.831066559914042, 50.437194033096226 ], [ 35.794708695843433, 50.419963790038778 ], [ 35.7918369886672, 50.416040832914092 ], [ 35.796965037196195, 50.410271778318972 ], [ 35.801434434438519, 50.411183957343283 ], [ 35.803988922760496, 50.410958329222126 ], [ 35.806018153103594, 50.409743360048552 ], [ 35.805887841636654, 50.404682205422368 ], [ 35.744045676028115, 50.363718858099261 ], [ 35.675891811426553, 50.359478457639256 ], [ 35.643995349576173, 50.356196506580702 ], [ 35.618252545960594, 50.36076046977152 ], [ 35.597164408481028, 50.383642244362179 ], [ 35.586025577017629, 50.39282316284531 ], [ 35.587408366253243, 50.432635713801432 ], [ 35.590791846087818, 50.439065770809336 ], [ 35.587458614543969, 50.447988575249795 ], [ 35.572843676236324, 50.453475587175816 ], [ 35.56184401214162, 50.456167812653561 ], [ 35.552562244304148, 50.459321562498893 ], [ 35.545818860488517, 50.458629275947487 ], [ 35.534742275665877, 50.464911135395511 ], [ 35.530127031989778, 50.469577659556911 ], [ 35.511614776800094, 50.477115890894538 ], [ 35.507204655065145, 50.482654183305847 ], [ 35.483154107464138, 50.499679304422123 ], [ 35.470539108082797, 50.499730584907418 ], [ 35.45853947452494, 50.514755767097384 ], [ 35.447411609217014, 50.524191376390739 ], [ 35.440078499820544, 50.537062778198518 ], [ 35.442027158261574, 50.545472777786081 ], [ 35.433412036732854, 50.559318508814385 ], [ 35.419463744733989, 50.570036130239991 ], [ 35.402079660220679, 50.576497471386531 ], [ 35.404387282058728, 50.58501003194467 ], [ 35.416643318043043, 50.59362515347339 ], [ 35.431053134409531, 50.602188994516808 ], [ 35.423412342101322, 50.617111615736199 ], [ 35.413002403587456, 50.616701371853878 ], [ 35.405566733220404, 50.629829176088123 ], [ 35.407053867293826, 50.642956980322367 ], [ 35.416181793675442, 50.665110149967632 ], [ 35.414333308421284, 50.678067253984672 ], [ 35.411463989028761, 50.679596887062061 ], [ 35.40665237179001, 50.68924543108708 ], [ 35.404646873897917, 50.689428674549298 ], [ 35.403038403507303, 50.695109221878262 ], [ 35.401175428308029, 50.697827333234507 ], [ 35.397900300669569, 50.699160392200199 ], [ 35.392823532625854, 50.699339873898715 ], [ 35.3876151, 50.7038809 ], [ 35.3884867, 50.707523 ], [ 35.431437709765312, 50.718452075786885 ], [ 35.423181579917532, 50.724467311690823 ], [ 35.421643483706042, 50.727633188675433 ], [ 35.415337070417934, 50.729298457903631 ], [ 35.408464080639305, 50.730441488227108 ], [ 35.4046798, 50.7372732 ], [ 35.418925299638467, 50.742415481542324 ], [ 35.419822708131043, 50.745851274056754 ], [ 35.419258622792853, 50.748030694681574 ], [ 35.416284354646024, 50.750979322585749 ], [ 35.416429695852592, 50.755044642256458 ], [ 35.4155463, 50.7589082 ], [ 35.3937989, 50.7812626 ], [ 35.394618349611008, 50.785568009913852 ], [ 35.396695209265253, 50.790875540141364 ], [ 35.392156886317089, 50.792003710817745 ], [ 35.381336703920894, 50.800259868949425 ], [ 35.3786917, 50.8075476 ], [ 35.392736101593066, 50.815768805756711 ], [ 35.396643928779966, 50.827618007851655 ], [ 35.3927742, 50.8394811 ], [ 35.394695270338943, 50.849155811673448 ], [ 35.384781587164127, 50.86803031989745 ], [ 35.393464538691973, 50.87594986523748 ], [ 35.405259050308672, 50.879488218722493 ], [ 35.394797831309511, 50.885693157442581 ], [ 35.383567405031009, 50.893436510721365 ], [ 35.389567221809941, 50.897128705662254 ], [ 35.409258928161286, 50.900872181088417 ], [ 35.405976977102725, 50.909846266014164 ], [ 35.4005445, 50.9147915 ], [ 35.387646218862074, 50.915277475743757 ], [ 35.3767521, 50.9195643 ], [ 35.354599, 50.9161034 ], [ 35.3471943, 50.9198782 ], [ 35.346159399973629, 50.923654703922992 ], [ 35.337414968270004, 50.925076570145293 ], [ 35.332276914441074, 50.929438205053096 ], [ 35.319370595869145, 50.943385048902194 ], [ 35.3131757, 50.9447507 ], [ 35.312357535048378, 50.949388323770428 ], [ 35.306338994184259, 50.955280775981095 ], [ 35.30010841522153, 50.958537086797008 ], [ 35.29921100672896, 50.961306233002666 ], [ 35.303416006522738, 50.963024129259885 ], [ 35.307569725831236, 50.975408366457394 ], [ 35.325569176168017, 50.987459280500552 ], [ 35.340466157144753, 50.998356383624674 ], [ 35.333902255027624, 51.006458700300499 ], [ 35.348914338064311, 51.011520092880779 ], [ 35.367690634340924, 51.010756521137353 ], [ 35.375560938957925, 51.011727424646985 ], [ 35.384849417163231, 51.010535498881048 ], [ 35.385951947596972, 51.013202084116131 ], [ 35.393387617964017, 51.013432846299935 ], [ 35.392772252140539, 51.016509675417332 ], [ 35.395772160530001, 51.017381443667261 ], [ 35.399977160323779, 51.021176199578726 ], [ 35.411566549999321, 51.022560772681544 ], [ 35.411361428058164, 51.028406748004613 ], [ 35.406053897830645, 51.031534857607298 ], [ 35.411233226844935, 51.036329582981914 ], [ 35.404140086117501, 51.051624313863819 ], [ 35.398129249340151, 51.053220590555235 ], [ 35.37846499674464, 51.069174733810158 ], [ 35.364567985231055, 51.06694403270005 ], [ 35.357670759959547, 51.066405587604493 ], [ 35.354414449143626, 51.064508209648764 ], [ 35.351414540754163, 51.063482599942965 ], [ 35.346696736107482, 51.064918453531085 ], [ 35.340927681512369, 51.067508118038226 ], [ 35.338055974336129, 51.072584886081934 ], [ 35.329398, 51.071234 ], [ 35.306903079522449, 51.061867264656335 ], [ 35.299348942575044, 51.062946040661267 ], [ 35.28972411695031, 51.0650466547443 ], [ 35.287101116172558, 51.066592931361313 ], [ 35.273866599766897, 51.057562877971364 ], [ 35.26160787512724, 51.05737331006457 ], [ 35.251876722578231, 51.059395367737096 ], [ 35.24404281964803, 51.06109485234682 ], [ 35.225915168098012, 51.052377169847517 ], [ 35.222505015826222, 51.052428450332812 ], [ 35.222017851215973, 51.050325950435919 ], [ 35.221468787892498, 51.0505655033406 ], [ 35.220658918355788, 51.051377200384366 ], [ 35.220556357385206, 51.052300249119583 ], [ 35.215428308856204, 51.050787474803528 ], [ 35.214274497937176, 51.049223420002178 ], [ 35.197122448803654, 51.049980382758349 ], [ 35.189475925258179, 51.053599447408935 ], [ 35.179868199830679, 51.06551704166499 ], [ 35.166378524676325, 51.077812290551371 ], [ 35.166122122249881, 51.080966040396703 ], [ 35.146507336626449, 51.077607168610193 ], [ 35.149313902781088, 51.095275043430163 ], [ 35.158056076813928, 51.102539973198681 ], [ 35.157631817146779, 51.103136716010567 ], [ 35.155815985771333, 51.103584268064211 ], [ 35.154441384449747, 51.103200652283533 ], [ 35.150775780925507, 51.106280144721268 ], [ 35.155222022237318, 51.109817578320893 ], [ 35.166788768558668, 51.123375001731532 ], [ 35.128995050899945, 51.139118110715557 ], [ 35.116980246869232, 51.124887172210123 ], [ 35.097785434231156, 51.127039164166256 ], [ 35.050168045016548, 51.11269629186215 ], [ 35.046997554921262, 51.112862502247083 ], [ 35.047667235844372, 51.115502553238876 ], [ 35.042838, 51.116499 ], [ 35.041098180620942, 51.11180697504809 ], [ 35.036754277984592, 51.110195917012 ], [ 35.033831290323064, 51.113965032680817 ], [ 35.030561, 51.112242 ], [ 35.028294, 51.106061 ], [ 35.0193974, 51.1068814 ], [ 34.998439496228194, 51.101560904248849 ], [ 34.973151762110831, 51.106406896193214 ], [ 34.965756446100606, 51.115695749059348 ], [ 34.955590089891871, 51.122644254816144 ], [ 34.94692368787787, 51.130387608094921 ], [ 34.936385548150781, 51.130361967852281 ], [ 34.928744755842558, 51.137925839432548 ], [ 34.9274656, 51.1404348 ], [ 34.922719298821001, 51.141015488671272 ], [ 34.899399777405719, 51.130796647829968 ], [ 34.876695063273218, 51.12886201365756 ], [ 34.863724392870957, 51.121765596491642 ], [ 34.850229513492181, 51.121852284896299 ], [ 34.836952687173472, 51.118016191018725 ], [ 34.809261225116892, 51.130144025789782 ], [ 34.806492078911219, 51.142323141046148 ], [ 34.800910029124402, 51.142593348399878 ], [ 34.786313207949611, 51.152835640530611 ], [ 34.770556887540081, 51.152098479913057 ], [ 34.760519123848738, 51.153989451449625 ], [ 34.7450879, 51.1667922 ], [ 34.736852593224235, 51.180051882428835 ], [ 34.716773234755351, 51.19291232181785 ], [ 34.690942753137797, 51.180136616194638 ], [ 34.699885789093003, 51.202042677055061 ], [ 34.668678036944101, 51.209867812133105 ], [ 34.665040740955277, 51.230009029377293 ], [ 34.662987029614655, 51.249209993236612 ], [ 34.667150125193686, 51.253614338039299 ], [ 34.609404958432478, 51.258810475166257 ], [ 34.607400734112112, 51.260987904057515 ], [ 34.599104328100793, 51.257091397225423 ], [ 34.597293010224831, 51.252104983921555 ], [ 34.586387308135919, 51.243184948520351 ], [ 34.57781368187657, 51.2434447553767 ], [ 34.565899681749947, 51.249680119928939 ], [ 34.539547843463637, 51.254059721221616 ], [ 34.527933670995239, 51.258525301468183 ], [ 34.517352914878828, 51.258624898840203 ], [ 34.503546036227412, 51.259515665204809 ], [ 34.511210338489562, 51.25188847820786 ], [ 34.504659494183173, 51.24626551553127 ], [ 34.486305995545749, 51.244397380516702 ], [ 34.47873448144658, 51.248368713892233 ], [ 34.476420963249616, 51.248566661973264 ], [ 34.472907384811442, 51.250694603844266 ], [ 34.466919455360468, 51.253168954857067 ], [ 34.447916439582166, 51.263462255070316 ], [ 34.445200839345603, 51.261668350585957 ], [ 34.431616652285335, 51.258736244635791 ], [ 34.424384200352669, 51.269499429701163 ], [ 34.4061823, 51.2686798 ], [ 34.399400602098694, 51.257400095088883 ], [ 34.391829087999554, 51.260480662099837 ], [ 34.383589499126934, 51.25988681785676 ], [ 34.382401810640765, 51.262559116950598 ], [ 34.386113337159962, 51.268757366237665 ], [ 34.3790598, 51.2705593 ], [ 34.374180779400767, 51.272357546961281 ], [ 34.361332850884097, 51.260720755341069 ], [ 34.344162677042235, 51.249568060078843 ], [ 34.297838271924071, 51.242741841426948 ], [ 34.276460387496456, 51.254426156037368 ], [ 34.262265019794498, 51.256371656630755 ], [ 34.255160172430244, 51.266231831259439 ], [ 34.25228867372828, 51.274197871370369 ], [ 34.261541112596959, 51.274944400667827 ], [ 34.27036373156708, 51.278360337756254 ], [ 34.272580697359572, 51.281414321245911 ], [ 34.273508203456423, 51.285146967733269 ], [ 34.27868866433888, 51.287499666125306 ], [ 34.286176579413521, 51.28822357332286 ], [ 34.291583261295209, 51.290553649614964 ], [ 34.294093969992225, 51.29336996132669 ], [ 34.302281882747245, 51.295154361361625 ], [ 34.304862433950241, 51.297204546992454 ], [ 34.307795948605765, 51.301854267500865 ], [ 34.309024900336162, 51.302520740474435 ], [ 34.310171408759061, 51.306801627172817 ], [ 34.309409476034823, 51.308447730654386 ], [ 34.312859346273143, 51.309544902500683 ], [ 34.313617186620583, 51.311094516345406 ], [ 34.318164228705193, 51.313944900935766 ], [ 34.316399704911163, 51.315822535229401 ], [ 34.310314360031782, 51.320211222614539 ], [ 34.314114872818905, 51.322858008305573 ], [ 34.316965257409237, 51.327834870288719 ], [ 34.31701050160909, 51.33152227257623 ], [ 34.31352669822089, 51.334417901366422 ], [ 34.3138434076198, 51.335662116862203 ], [ 34.318435693904249, 51.336680111358753 ], [ 34.319747775699803, 51.338037437354153 ], [ 34.316150861811984, 51.340978310344198 ], [ 34.315902018712826, 51.342222525839979 ], [ 34.317010501609069, 51.343331008736229 ], [ 34.33006345326487, 51.349687818814701 ], [ 34.337732345138896, 51.354483703998454 ], [ 34.339202781633915, 51.357469821188332 ], [ 34.337393013640046, 51.359483188081512 ], [ 34.332122064357897, 51.360365449978524 ], [ 34.331466023460116, 51.361270333975462 ], [ 34.332280419057362, 51.3621752179724 ], [ 34.337483502039738, 51.364007608066188 ], [ 34.336261908643877, 51.366179329658841 ], [ 34.328638260969697, 51.368486783851026 ], [ 34.323978108385475, 51.368237940751868 ], [ 34.312508703724319, 51.372649250236933 ], [ 34.308504592037885, 51.373056448035548 ], [ 34.307079399742712, 51.373735111033248 ], [ 34.306988911343019, 51.374187553031717 ], [ 34.307124643942558, 51.37663073982344 ], [ 34.303541625934393, 51.380668426613511 ], [ 34.287504985451918, 51.374341318583305 ], [ 34.284819253418092, 51.37493408232919 ], [ 34.292080947493496, 51.388190632884289 ], [ 34.281742647828494, 51.388937162181776 ], [ 34.277761158241979, 51.385770068192507 ], [ 34.272784296258834, 51.387172638387753 ], [ 34.262468618693774, 51.389751557779022 ], [ 34.259555152972808, 51.393593207269497 ], [ 34.261760850544391, 51.401052419516269 ], [ 34.245299814766305, 51.403821565721927 ], [ 34.234274510428953, 51.402847236501415 ], [ 34.220595111735562, 51.421094477222908 ], [ 34.221556950077023, 51.428538759631721 ], [ 34.250427863295293, 51.44643564899792 ], [ 34.240428168663747, 51.456589185085335 ], [ 34.278273166807757, 51.490690707803189 ], [ 34.289349751630404, 51.492177841876611 ], [ 34.288211012558236, 51.506399624471548 ], [ 34.279054469914129, 51.508688760132564 ], [ 34.28553223678469, 51.510198615568562 ], [ 34.289615138601789, 51.509207556424435 ], [ 34.296266035979258, 51.51251038301325 ], [ 34.293189430389674, 51.523459479376164 ], [ 34.282466555025991, 51.534770529337855 ], [ 34.262119813941425, 51.536894425049496 ], [ 34.261299326176783, 51.546688997739885 ], [ 34.255504631339015, 51.559303997121226 ], [ 34.243647031557458, 51.569699051619558 ], [ 34.249607375530665, 51.585969849472036 ], [ 34.238992315075635, 51.589662044412911 ], [ 34.220941584253559, 51.588995398104146 ], [ 34.214531523592321, 51.6066358850439 ], [ 34.192378353947049, 51.604533385147008 ], [ 34.184583720182964, 51.612738262793407 ], [ 34.178148019279071, 51.632686371571218 ], [ 34.173490041865278, 51.64402790556781 ], [ 34.170823456630195, 51.643856970616845 ], [ 34.166583560333365, 51.646062796191963 ], [ 34.134995490907542, 51.646506462356889 ], [ 34.12609832670973, 51.651813992584401 ], [ 34.109944973843383, 51.652583199863749 ], [ 34.097779731251457, 51.660526782811942 ], [ 34.082577680102943, 51.661612643608265 ], [ 34.080541691109829, 51.665232179596003 ], [ 34.080473824810063, 51.66627279619248 ], [ 34.080971511008372, 51.667041947589873 ], [ 34.082577680102936, 51.667901587386964 ], [ 34.083595674599486, 51.66941726808183 ], [ 34.088911868081482, 51.670390018378534 ], [ 34.088617780782478, 51.671498501274783 ], [ 34.092259938870143, 51.671815210673707 ], [ 34.096354538956277, 51.671724722274014 ], [ 34.097123690353676, 51.673692844967341 ], [ 34.098526260548923, 51.676565851657614 ], [ 34.101738598738045, 51.67762909035401 ], [ 34.102077930236895, 51.678307753351717 ], [ 34.104046052930229, 51.678986416349417 ], [ 34.106602350221571, 51.679190015248729 ], [ 34.107620344718121, 51.678217264952025 ], [ 34.108547850814979, 51.678420863851329 ], [ 34.109588467411456, 51.679212637348648 ], [ 34.110855305007163, 51.679122148948956 ], [ 34.110629084007932, 51.679959166646121 ], [ 34.111194636506013, 51.680208009745279 ], [ 34.111828055303874, 51.679551968847498 ], [ 34.11334373599874, 51.680841428543133 ], [ 34.114316486295444, 51.68109027164229 ], [ 34.11467843989422, 51.681814178839844 ], [ 34.114655817794294, 51.682311865038152 ], [ 34.11467843989422, 51.682832173336394 ], [ 34.115221370292382, 51.683375103734555 ], [ 34.114814172493759, 51.684121633032028 ], [ 34.115560701791232, 51.684777673929801 ], [ 34.117076382486097, 51.68489078442942 ], [ 34.118750417880428, 51.684664563430182 ], [ 34.119610057677519, 51.684257365631559 ], [ 34.121532936171008, 51.684302609831406 ], [ 34.121193604672158, 51.684936028629259 ], [ 34.121487691971161, 51.68525273802819 ], [ 34.122166354968861, 51.685049139128878 ], [ 34.123795146163346, 51.685230115928263 ], [ 34.124157099762122, 51.684619319230329 ], [ 34.125785890956607, 51.684619319230329 ], [ 34.126736019153384, 51.685003894929032 ], [ 34.126170466655303, 51.685886156826044 ], [ 34.126555042353999, 51.686089755725355 ], [ 34.126306199254842, 51.686745796623129 ], [ 34.127030106452388, 51.686745796623129 ], [ 34.127573036850549, 51.687333971221136 ], [ 34.127233705351699, 51.687560192220374 ], [ 34.127912368349399, 51.687990012118917 ], [ 34.127256327451626, 51.688872274015928 ], [ 34.127980234649172, 51.689596181213474 ], [ 34.128862496546184, 51.689166361314932 ], [ 34.129518537443964, 51.689121117115086 ], [ 34.130332933041203, 51.688827029816082 ], [ 34.131712881136529, 51.689053250815313 ], [ 34.134269178427871, 51.688691297216536 ], [ 34.136169434821433, 51.689256849714624 ], [ 34.136893342018986, 51.689256849714624 ], [ 34.137707737616225, 51.688872274015928 ], [ 34.138725732112775, 51.689234227614698 ], [ 34.139743726609332, 51.689098495015159 ], [ 34.14101056420504, 51.689505692813782 ], [ 34.141282029404117, 51.690206977911402 ], [ 34.143091797397993, 51.690636797809951 ], [ 34.144946809591708, 51.689890268512478 ], [ 34.145037297991401, 51.688849651916001 ], [ 34.14582907148872, 51.688057878418682 ], [ 34.146643467085966, 51.687718546919832 ], [ 34.148634211879212, 51.688261477317994 ], [ 34.149878427374993, 51.688170988918301 ], [ 34.151303619670166, 51.688781785616236 ], [ 34.15168819536887, 51.689143739215005 ], [ 34.152683567765493, 51.688940140315694 ], [ 34.152412102566416, 51.689618803313401 ], [ 34.152909788764731, 51.690048623211943 ], [ 34.154900533557985, 51.690003379012097 ], [ 34.156642435252088, 51.689483070713855 ], [ 34.157298476149869, 51.688170988918301 ], [ 34.157450770392465, 51.68779025331181 ], [ 34.1582033601468, 51.685908778925963 ], [ 34.161189477336691, 51.686089755725348 ], [ 34.162546073267947, 51.687825615035237 ], [ 34.163293332629564, 51.688781785616236 ], [ 34.166121095119998, 51.688487698317232 ], [ 34.169050657060076, 51.690026001112024 ], [ 34.171064023953257, 51.690127800561676 ], [ 34.175102068789585, 51.691767902806134 ], [ 34.177488700331494, 51.69258229840338 ], [ 34.179649110874173, 51.692175100604757 ], [ 34.180531372771192, 51.692491810003681 ], [ 34.183065047962607, 51.692469187903761 ], [ 34.183675844660542, 51.693193095101307 ], [ 34.184377129758168, 51.69326096140108 ], [ 34.184942682256249, 51.694030112798472 ], [ 34.187091781748968, 51.694550421096707 ], [ 34.187046537549122, 51.695432682993719 ], [ 34.189037282342383, 51.695138595694715 ], [ 34.190371986237864, 51.695952991291961 ], [ 34.189602834840464, 51.697174584687822 ], [ 34.190914916636025, 51.697491294086753 ], [ 34.191593579633725, 51.696269700690884 ], [ 34.192950905629132, 51.696450677490276 ], [ 34.193720057026525, 51.697106718388049 ], [ 34.195303604021163, 51.697242450987595 ], [ 34.196095377518482, 51.697038852088284 ], [ 34.196525197417024, 51.694686153696253 ], [ 34.198334965410901, 51.693849135999073 ], [ 34.19903625050852, 51.69423371169777 ], [ 34.200936506902089, 51.693781269699308 ], [ 34.2024974317968, 51.694052734898385 ], [ 34.204035734591592, 51.693984868598612 ], [ 34.205415682686919, 51.694482554796927 ], [ 34.206139589884465, 51.695862502892254 ], [ 34.207429049580099, 51.697446049886892 ], [ 34.208944730274965, 51.699459416780073 ], [ 34.210958097168152, 51.701653760472645 ], [ 34.212609510462556, 51.702897975968426 ], [ 34.213717993358806, 51.703011086468045 ], [ 34.214464522656272, 51.702649132869269 ], [ 34.21704344204754, 51.702626510769349 ], [ 34.217631616645548, 51.702558644469576 ], [ 34.218468634342713, 51.702739621268961 ], [ 34.21916991944034, 51.702694377069115 ], [ 34.21978071613826, 51.703305173767049 ], [ 34.221319018933038, 51.702581266569474 ], [ 34.222020304030664, 51.701676382572536 ], [ 34.224437576295088, 51.701423080348036 ], [ 34.224893310720937, 51.700205946077517 ], [ 34.226569916002724, 51.700412479562935 ], [ 34.228739067707913, 51.700160701877671 ], [ 34.229201110117849, 51.69916545178917 ], [ 34.232222871096113, 51.697287695187399 ], [ 34.234123127489674, 51.696903119488702 ], [ 34.23525423248585, 51.697287695187399 ], [ 34.236407959581939, 51.697038852088241 ], [ 34.237044855821999, 51.697612458561444 ], [ 34.239188160639621, 51.697918125577409 ], [ 34.240660914367538, 51.699052218981421 ], [ 34.24154317626455, 51.699708259879202 ], [ 34.243533921057811, 51.700251190277363 ], [ 34.246395616698123, 51.700477411276594 ], [ 34.24795808703329, 51.701438147203241 ], [ 34.249058869491321, 51.701579743786077 ], [ 34.249868109036363, 51.702275868220504 ], [ 34.250840859333067, 51.702626510769321 ], [ 34.251564766530613, 51.702185379820811 ], [ 34.252379162127859, 51.702445533969929 ], [ 34.252691839113346, 51.702047062355945 ], [ 34.254098441722029, 51.702004403021427 ], [ 34.254426462170912, 51.702524711319661 ], [ 34.255795099216279, 51.70264913286924 ], [ 34.255919520765858, 51.702287179270463 ], [ 34.25568198871666, 51.70199309197146 ], [ 34.256123119665169, 51.701778182022188 ], [ 34.256564250613671, 51.701823426222035 ], [ 34.25700538156218, 51.701597205222804 ], [ 34.258509751207086, 51.701416228423419 ], [ 34.258894326905782, 51.701823426222035 ], [ 34.259867077202486, 51.70163113837269 ], [ 34.260862449599117, 51.701778182022188 ], [ 34.261292269497666, 51.701122141124415 ], [ 34.261507179446937, 51.701054274824642 ], [ 34.261880444095674, 51.7013031179238 ], [ 34.262672217592993, 51.701167385324261 ], [ 34.262830572292451, 51.701721626772382 ], [ 34.264063476738279, 51.701450161573298 ], [ 34.264334941937371, 51.701563272072917 ], [ 34.26401823253844, 51.701936536721654 ], [ 34.264255764587638, 51.702298490320423 ], [ 34.265092782284803, 51.702569955519508 ], [ 34.264606407136455, 51.703406973216673 ], [ 34.266608462979669, 51.703022397517977 ], [ 34.26824856522412, 51.703746304715523 ], [ 34.268339053623812, 51.703305173767014 ], [ 34.269142138171091, 51.703067641717823 ], [ 34.271347792913609, 51.702954531218218 ], [ 34.27367786920572, 51.703452217416526 ], [ 34.274141622254149, 51.703542705816226 ], [ 34.27400588965461, 51.70406301411446 ], [ 34.274582753202658, 51.703938592564882 ], [ 34.277059873144267, 51.704198746713999 ], [ 34.278858330088177, 51.705250674360435 ], [ 34.279684036735382, 51.70502445336119 ], [ 34.279717969885269, 51.705725738458817 ], [ 34.280068612434079, 51.705601316909238 ], [ 34.280181722933698, 51.705250674360428 ], [ 34.282817197574772, 51.70545427325974 ], [ 34.28297555227423, 51.704877409711692 ], [ 34.284864497617839, 51.704911342861578 ], [ 34.286187890463353, 51.704628566612534 ], [ 34.287036219210485, 51.70512625281085 ], [ 34.287748815358071, 51.705092319660963 ], [ 34.288076835806955, 51.704707743962267 ], [ 34.290780176747809, 51.70476429921208 ], [ 34.291185906419472, 51.705339526002881 ], [ 34.291766350863192, 51.705675772421976 ], [ 34.29195652594381, 51.706042447857733 ], [ 34.292488145292012, 51.705827537908462 ], [ 34.294387286015137, 51.707194057365619 ], [ 34.295788123397308, 51.707299631019808 ], [ 34.296695855877765, 51.707546817502639 ], [ 34.2972038, 51.708245 ], [ 34.297736472474234, 51.708225480500339 ], [ 34.297498940425044, 51.709605428595665 ], [ 34.298924132720209, 51.711245530840095 ], [ 34.298426446521894, 51.713292830883162 ], [ 34.294852154733988, 51.718337559166052 ], [ 34.300178949065121, 51.723704848507488 ], [ 34.303535676141834, 51.723420276190907 ], [ 34.3090484, 51.7201572 ], [ 34.309653580213961, 51.720069943454867 ], [ 34.310653691530462, 51.719660952011523 ], [ 34.312339037974752, 51.719853239860868 ], [ 34.312689680523569, 51.719185887913135 ], [ 34.313357032471302, 51.718710823814739 ], [ 34.313526698220734, 51.718088716066845 ], [ 34.314884024216134, 51.717489230418877 ], [ 34.3153464, 51.7167608 ], [ 34.316825345471543, 51.7164013790807 ], [ 34.319284022651225, 51.715769950824701 ], [ 34.322428494540581, 51.715475863525697 ], [ 34.324690704532919, 51.715588974025316 ], [ 34.327450600723573, 51.715340130926158 ], [ 34.329249057667482, 51.715317508826232 ], [ 34.33161306710948, 51.714865066827763 ], [ 34.334915893698295, 51.713700028681707 ], [ 34.337508399681305, 51.713738683236386 ], [ 34.341374503226412, 51.713292830883084 ], [ 34.345299437563121, 51.714209025929989 ], [ 34.348048022703807, 51.714593601628685 ], [ 34.350741029552822, 51.714498960102375 ], [ 34.352561131638517, 51.713971493880791 ], [ 34.354676297981356, 51.712636789985311 ], [ 34.356738567627751, 51.713357165687015 ], [ 34.358227967669329, 51.713145787233586 ], [ 34.359086819333555, 51.713493355553148 ], [ 34.361112285409561, 51.713292830883098 ], [ 34.36190405890688, 51.712421880036047 ], [ 34.3635272, 51.7121714 ], [ 34.36539917334504, 51.712930877284322 ], [ 34.3654498, 51.7124362 ], [ 34.366813054590253, 51.712365324786241 ], [ 34.366995266867725, 51.71290029646665 ], [ 34.368803799383514, 51.712682034185171 ], [ 34.370599829051528, 51.713712388578436 ], [ 34.372593001120684, 51.714401313779334 ], [ 34.374796316761653, 51.714548963969278 ], [ 34.376857266956236, 51.714457869029147 ], [ 34.377773462003134, 51.714978177327382 ], [ 34.380035671995479, 51.715125220976887 ], [ 34.381024603458229, 51.715790581182858 ], [ 34.382750323986286, 51.715860439224393 ], [ 34.384596807928375, 51.716502704881819 ], [ 34.385736441176171, 51.717014166320489 ], [ 34.387410476570501, 51.717353497819339 ], [ 34.390701992109349, 51.718167893416563 ], [ 34.393462312254307, 51.717949294952334 ], [ 34.396086051891118, 51.716493858022233 ], [ 34.398858181907968, 51.71559708793577 ], [ 34.400293762476863, 51.715023421527214 ], [ 34.401537977972652, 51.715521107725529 ], [ 34.401537977972652, 51.717783317717867 ], [ 34.403144147067209, 51.717376119919251 ], [ 34.404388362562997, 51.718484602815494 ], [ 34.407238747153343, 51.717941672417339 ], [ 34.408799672048062, 51.718778690114505 ], [ 34.408071748145488, 51.719138223285647 ], [ 34.40861869524867, 51.720136016109905 ], [ 34.41142383563917, 51.719593085711743 ], [ 34.413505068832123, 51.720543213908527 ], [ 34.413572935131896, 51.721764807304389 ], [ 34.415925633523926, 51.722533958701781 ], [ 34.417825889917488, 51.722352981902397 ], [ 34.42004285570998, 51.721900539903928 ], [ 34.421739513204223, 51.722172005102976 ], [ 34.423051594999784, 51.722386915052255 ], [ 34.423176016549363, 51.722669691301292 ], [ 34.423074217099703, 51.723144755399687 ], [ 34.423639769597791, 51.723800796297461 ], [ 34.423119461299549, 51.724547325594934 ], [ 34.423583214347985, 51.725045011793249 ], [ 34.423323060198861, 51.726232672039224 ], [ 34.424271111670009, 51.727309299417691 ], [ 34.424906607193506, 51.727522131734844 ], [ 34.425754361342932, 51.728821705918079 ], [ 34.426422287888371, 51.729309277628793 ], [ 34.427417660285002, 51.729761719627263 ], [ 34.429126398031428, 51.729773756198725 ], [ 34.429815602876872, 51.729433699178372 ], [ 34.430176762372007, 51.729785789758566 ], [ 34.430787478911732, 51.729792786467932 ], [ 34.431365216721623, 51.729331899728713 ], [ 34.431930769219711, 51.729580742827871 ], [ 34.432552876967605, 51.729478943378219 ], [ 34.43375184826354, 51.730101051126113 ], [ 34.434339987091505, 51.731010853446392 ], [ 34.435154418458794, 51.731752464420531 ], [ 34.43551637205757, 51.73253292686789 ], [ 34.436211448349056, 51.732729790478864 ], [ 34.436161101905384, 51.73353961031448 ], [ 34.435448505757797, 51.733845008663444 ], [ 34.435459816807764, 51.734987424709573 ], [ 34.43654567760408, 51.736141151805668 ], [ 34.436613543903853, 51.736898992153101 ], [ 34.439362129044547, 51.738109274499003 ], [ 34.439916370492668, 51.741389478987898 ], [ 34.440561100340481, 51.743334979581306 ], [ 34.439950303642554, 51.743798732629735 ], [ 34.440221768841631, 51.744409529327669 ], [ 34.438050047248986, 51.746253230471424 ], [ 34.436998119602549, 51.748357085764304 ], [ 34.436930253302776, 51.748820838812733 ], [ 34.436081924555651, 51.749080992961858 ], [ 34.435742593056801, 51.749058370861931 ], [ 34.435459816807757, 51.749748344909598 ], [ 34.4358896367063, 51.750110298508368 ], [ 34.435731282006834, 51.75051749630699 ], [ 34.436319456604842, 51.750540118406917 ], [ 34.43620634610523, 51.751015182505306 ], [ 34.436692721253578, 51.75096993830546 ], [ 34.436704032303538, 51.751603357103313 ], [ 34.436624854953813, 51.75196531070209 ], [ 34.435855703556413, 51.751840889152511 ], [ 34.435810459356567, 51.752146287501475 ], [ 34.436070613505684, 51.75232726430086 ], [ 34.436047991405765, 51.752711839999556 ], [ 34.435516372057563, 51.752474307950365 ], [ 34.435278840008365, 51.7529946162486 ], [ 34.434826398009896, 51.75393343339541 ], [ 34.436319456604842, 51.755200270991125 ], [ 34.436511744454187, 51.756184332337789 ], [ 34.436353389754721, 51.757191015784379 ], [ 34.436930253302769, 51.757790501432346 ], [ 34.438366756647909, 51.757960167181778 ], [ 34.437326140051432, 51.758978161678328 ], [ 34.43654567760408, 51.760290243473882 ], [ 34.436285523454963, 51.761059394871282 ], [ 34.434826398009903, 51.762122633567678 ], [ 34.43518835160868, 51.762937029164924 ], [ 34.436149790855431, 51.764237799910518 ], [ 34.433616115663995, 51.765097439707603 ], [ 34.430528199024451, 51.766047567904387 ], [ 34.430528199024451, 51.766884585601552 ], [ 34.431127684672433, 51.768185356347132 ], [ 34.429770358677033, 51.768513376796022 ], [ 34.427960590683163, 51.768592554145755 ], [ 34.427214061385691, 51.769644481792191 ], [ 34.427756991783852, 51.770651165238782 ], [ 34.428446965831505, 51.772031113334108 ], [ 34.427881413333431, 51.773727770828344 ], [ 34.423877301646989, 51.773999236027429 ], [ 34.42209015575304, 51.774338567526279 ], [ 34.4216082, 51.7751489 ], [ 34.421547225354878, 51.77589949242099 ], [ 34.422169333102772, 51.776374556519386 ], [ 34.422712081127486, 51.776856366897995 ], [ 34.422244599481992, 51.777471843438988 ], [ 34.421445425905219, 51.777946792464057 ], [ 34.420517919808361, 51.778331368162753 ], [ 34.419737457361009, 51.778320057112794 ], [ 34.418425375565455, 51.778727254911423 ], [ 34.416849057991691, 51.778927031004692 ], [ 34.415495813625377, 51.779202319009819 ], [ 34.414432574928973, 51.780446534505607 ], [ 34.413437202532343, 51.78079717705441 ], [ 34.412283475436247, 51.781294863252725 ], [ 34.410473707442378, 51.781430595852264 ], [ 34.409920773913413, 51.782047900096522 ], [ 34.4094202, 51.7821585 ], [ 34.409297358246363, 51.782742677647825 ], [ 34.409862910744451, 51.78492571029043 ], [ 34.409659311845139, 51.785479951738552 ], [ 34.40853951789893, 51.786678923034493 ], [ 34.4082228085, 51.787606429131358 ], [ 34.407476279202534, 51.788296403179018 ], [ 34.40786085490123, 51.788952444076799 ], [ 34.407679878101838, 51.789529307624846 ], [ 34.407114325603757, 51.79017403747266 ], [ 34.40720481400345, 51.790683034720935 ], [ 34.408121009050348, 51.79085270047036 ], [ 34.408471651599157, 51.791214654069137 ], [ 34.408686561548436, 51.791768895517258 ], [ 34.409523579245601, 51.792424936415031 ], [ 34.409342602446216, 51.793307198312043 ], [ 34.408098386950428, 51.793827506610285 ], [ 34.408143631150274, 51.794268637558787 ], [ 34.408686561548436, 51.794540102757871 ], [ 34.410722550541543, 51.795207454705611 ], [ 34.410846972091122, 51.795761696153733 ], [ 34.41031535274292, 51.796723135400477 ], [ 34.410948771540774, 51.79774112989702 ], [ 34.412034632337097, 51.798317993445067 ], [ 34.412792472684529, 51.799347298991584 ], [ 34.413595557231815, 51.800478403987753 ], [ 34.414342086529281, 51.801360665884765 ], [ 34.414364708629208, 51.801801796833274 ], [ 34.413697356681467, 51.802254238831736 ], [ 34.413697356681467, 51.802627503480473 ], [ 34.414149798679937, 51.803306166478173 ], [ 34.414941572177263, 51.803826474776415 ], [ 34.415314836825999, 51.803883030026228 ], [ 34.415348769975886, 51.804256294674957 ], [ 34.41519041527642, 51.805014135022397 ], [ 34.415382703125765, 51.805353466521247 ], [ 34.415326147875959, 51.805919019019328 ], [ 34.415676790424776, 51.806461949417489 ], [ 34.416253653972817, 51.80710667926531 ], [ 34.416197098723011, 51.807762720163083 ], [ 34.416683473871366, 51.808350894761091 ], [ 34.417000183270289, 51.808656293110062 ], [ 34.416830517520864, 51.809131357208443 ], [ 34.416378075522395, 51.810805392602774 ], [ 34.415970877723773, 51.811812076049364 ], [ 34.416038744023545, 51.81320333519465 ], [ 34.413946199780625, 51.814820815339182 ], [ 34.414014066080398, 51.816381740233894 ], [ 34.413369336232584, 51.816596650183165 ], [ 34.412600184835185, 51.816540094933359 ], [ 34.411401213539243, 51.817343179480638 ], [ 34.41142383563917, 51.817840865678953 ], [ 34.411593501388595, 51.818971970675122 ], [ 34.412566251685298, 51.818824927025616 ], [ 34.412905583184148, 51.819356546373818 ], [ 34.414556996478531, 51.819820299422183 ], [ 34.414851083777535, 51.820238808270766 ], [ 34.414824999533323, 51.820554190496253 ], [ 34.414726662227956, 51.821743177915685 ], [ 34.415099926876692, 51.823315413860364 ], [ 34.415099926876692, 51.824797161405343 ], [ 34.415812523024279, 51.825181737104039 ], [ 34.415699412524667, 51.825905644301585 ], [ 34.41468141802811, 51.825973510601358 ], [ 34.414115865530029, 51.826335464200135 ], [ 34.413414580432402, 51.826380708399981 ], [ 34.412747228484662, 51.826640862549098 ], [ 34.41153694613876, 51.826720039898831 ], [ 34.411367280389335, 51.827217726097146 ], [ 34.410790416841287, 51.827692790195535 ], [ 34.41085828314106, 51.828133921144037 ], [ 34.411129748340144, 51.828382764243194 ], [ 34.410722550541522, 51.828823895191704 ], [ 34.409681933945045, 51.829072738290861 ], [ 34.409127692496924, 51.829604357639063 ], [ 34.409082448297077, 51.829841889688254 ], [ 34.408188875350106, 51.830656285285485 ], [ 34.407612011802058, 51.831289704083339 ], [ 34.406503528905809, 51.831753457131768 ], [ 34.405768310658303, 51.831708212931922 ], [ 34.405315868659834, 51.831719523981889 ], [ 34.404908670861211, 51.831459369832764 ], [ 34.403845432164815, 51.831821323431541 ], [ 34.403144147067188, 51.831821323431541 ], [ 34.402872681868111, 51.832092788630618 ], [ 34.402736949268572, 51.832499986429241 ], [ 34.402182707820444, 51.832748829528398 ], [ 34.402137463620598, 51.833144716277054 ], [ 34.402374995669796, 51.833665024575296 ], [ 34.40153797797263, 51.833993045024187 ], [ 34.400893248124817, 51.834230577073377 ], [ 34.400825381825044, 51.83462646382204 ], [ 34.401074224924201, 51.834943173220964 ], [ 34.400938492324663, 51.835452170469246 ], [ 34.40053129452604, 51.835848057217916 ], [ 34.399773454178607, 51.835633147268645 ], [ 34.399106102230867, 51.835587903068799 ], [ 34.398235151383815, 51.836006411917381 ], [ 34.396255717640521, 51.835746257768257 ], [ 34.393224356250784, 51.835599214118758 ], [ 34.38980841916235, 51.835859368267876 ], [ 34.388994023565111, 51.8367981854147 ], [ 34.388496337366796, 51.837544714712166 ], [ 34.387950682002177, 51.838230974011729 ], [ 34.388043895368334, 51.839603325805179 ], [ 34.387819648783768, 51.84013508102489 ], [ 34.387353921320667, 51.840078389903567 ], [ 34.386901479322205, 51.840383788252531 ], [ 34.386482970473622, 51.841299983299429 ], [ 34.387715874919436, 51.843788414291005 ], [ 34.38664132517308, 51.844534943588478 ], [ 34.385182199728007, 51.843788414291005 ], [ 34.384537469880193, 51.844139056839815 ], [ 34.383517707335479, 51.843969254904401 ], [ 34.382263056405662, 51.843997223437839 ], [ 34.381144154891686, 51.844240856289467 ], [ 34.3797528957464, 51.844274789439353 ], [ 34.379068599076376, 51.844095553352531 ], [ 34.378983744349, 51.843471704892075 ], [ 34.377920505652604, 51.839795613654502 ], [ 34.372231047521879, 51.837273249513061 ], [ 34.359788892564019, 51.842159623096506 ], [ 34.351463959792184, 51.841424404849 ], [ 34.345491725412408, 51.84357350434172 ], [ 34.35015187799663, 51.851604349814515 ], [ 34.35406550128338, 51.855472728901411 ], [ 34.3462771, 51.8639982 ], [ 34.346034655810577, 51.864600746220525 ], [ 34.344089155217162, 51.865222853968412 ], [ 34.342731829221762, 51.866150360065276 ], [ 34.340786328628347, 51.866557557863892 ], [ 34.337142219963859, 51.867898711556954 ], [ 34.327886411019193, 51.871850858669433 ], [ 34.324113840984815, 51.875549842583432 ], [ 34.325549, 51.876084 ], [ 34.321783764692711, 51.877789430475843 ], [ 34.319793019899464, 51.87987066366879 ], [ 34.318367827604291, 51.881386344363655 ], [ 34.317236722608122, 51.882132873661128 ], [ 34.315788908213023, 51.882630559859436 ], [ 34.31327785512152, 51.883331844957063 ], [ 34.310563203130712, 51.883625932256066 ], [ 34.30902490033592, 51.883558065956301 ], [ 34.307712818540367, 51.883829531155378 ], [ 34.305925672646417, 51.884621304652697 ], [ 34.304726701350482, 51.885526188649635 ], [ 34.304477858251325, 51.887607421842581 ], [ 34.275498948249471, 51.888308706940222 ], [ 34.272128255360876, 51.885865520148492 ], [ 34.269685068569153, 51.883603310156154 ], [ 34.265929799981869, 51.880798169765654 ], [ 34.26375807838923, 51.879599198469705 ], [ 34.263463991090227, 51.878671692372848 ], [ 34.260070676101712, 51.878309738774085 ], [ 34.256157052814963, 51.87883004707232 ], [ 34.247628521143852, 51.880730303465889 ], [ 34.246610526647295, 51.882743670359069 ], [ 34.254234174321482, 51.88744906714313 ], [ 34.259572989903397, 51.889371945636618 ], [ 34.265364247483781, 51.908872195770577 ], [ 34.256994070512121, 51.920364222531667 ], [ 34.232946778293559, 51.913193016855956 ], [ 34.222585856528653, 51.919097384935952 ], [ 34.221726216731568, 51.922173990525529 ], [ 34.22360385102521, 51.92416473531879 ], [ 34.222789455427964, 51.924685043617025 ], [ 34.223241897426441, 51.926788898909919 ], [ 34.223875316224301, 51.928055736505634 ], [ 34.221703594631656, 51.929051108902257 ], [ 34.219373518339545, 51.930272702298126 ], [ 34.21740539564621, 51.930453679097511 ], [ 34.211161696067364, 51.933371929987615 ], [ 34.21165938226568, 51.935860360979191 ], [ 34.210279434170353, 51.936154448278195 ], [ 34.209781747972038, 51.936855733375822 ], [ 34.208922108174946, 51.937262931174438 ], [ 34.208492288276403, 51.937873727872372 ], [ 34.206840874981999, 51.938258303571068 ], [ 34.205279950087281, 51.939027454968468 ], [ 34.203719025192569, 51.940452647263641 ], [ 34.202949873795177, 51.941628996459656 ], [ 34.203198716894335, 51.942986322455056 ], [ 34.198810029509183, 51.950067039731074 ], [ 34.195190493521437, 51.953641331518973 ], [ 34.194738051522968, 51.956469094009393 ], [ 34.191254248134769, 51.959817164798054 ], [ 34.189874300039442, 51.962690171488326 ], [ 34.189643635147142, 51.967707132895818 ], [ 34.177997697579663, 51.96936369096575 ], [ 34.16650567081858, 51.969227958366211 ], [ 34.149629584275736, 51.967780143971105 ], [ 34.142888198498561, 51.967893254470724 ], [ 34.136689743119554, 51.972802250154096 ], [ 34.126916995952662, 51.983117927719157 ], [ 34.135219306624542, 51.989497359897555 ], [ 34.137730359716038, 51.994021779882232 ], [ 34.139200796211064, 51.997369850670886 ], [ 34.140105680207995, 51.997844914769274 ], [ 34.139969947608456, 51.999179618664755 ], [ 34.137866092315583, 52.000559566760082 ], [ 34.136825475719107, 52.00035596786077 ], [ 34.134201312127992, 52.001238229757782 ], [ 34.132866608232511, 52.002459823153643 ], [ 34.131373549637573, 52.004269591147519 ], [ 34.129122650695194, 52.005027431494945 ], [ 34.126227021905002, 52.006610978489583 ], [ 34.123376637314657, 52.006543112189817 ], [ 34.119915456026376, 52.006724088989202 ], [ 34.116386408438323, 52.005683472392725 ], [ 34.113784866947135, 52.005887071292037 ], [ 34.111975098953259, 52.006724088989202 ], [ 34.111024970756482, 52.005570361893106 ], [ 34.108830627063909, 52.005570361893106 ], [ 34.108287696665748, 52.005434629293568 ], [ 34.107201835869425, 52.005389385093721 ], [ 34.106591039171498, 52.005004809395025 ], [ 34.105188468976245, 52.004326146397325 ], [ 34.103627544081533, 52.004122547498014 ], [ 34.102292840186053, 52.004371390597171 ], [ 34.100731915291341, 52.004258280097552 ], [ 34.100121118593407, 52.004461878996864 ], [ 34.098831658897772, 52.004484501096783 ], [ 34.098537571598769, 52.004235657997633 ], [ 34.097768420201376, 52.004394012697091 ], [ 34.09627536160643, 52.004959565195179 ], [ 34.093130889717074, 52.005434629293582 ], [ 34.089873307328105, 52.011542596272896 ], [ 34.09073294712519, 52.013895294664927 ], [ 34.090009039927644, 52.016157504657265 ], [ 34.089873307328098, 52.018419714649596 ], [ 34.090325749326567, 52.020614058342161 ], [ 34.089488731629402, 52.021835651738037 ], [ 34.088040917234309, 52.026201717023248 ], [ 34.086299015540206, 52.029210456313059 ], [ 34.086841945938374, 52.031857242004087 ], [ 34.086004928241209, 52.033056213300029 ], [ 34.085688218842279, 52.035046958093282 ], [ 34.086140660840748, 52.036110196789686 ], [ 34.086593102839217, 52.037490144885012 ], [ 34.093515465415784, 52.038598627781276 ], [ 34.096999268803984, 52.042987315166414 ], [ 34.093289244416553, 52.046787827953544 ], [ 34.090348371426515, 52.050814561739905 ], [ 34.082023438654709, 52.054841295526266 ], [ 34.08179721765547, 52.062170855901449 ], [ 34.090330188219987, 52.079416319175053 ], [ 34.108175797100905, 52.090492903997699 ], [ 34.089236204533805, 52.104304448035798 ], [ 34.086029236572308, 52.108551647605083 ], [ 34.088801268796175, 52.110235192892063 ], [ 34.091738241640073, 52.110733866994657 ], [ 34.092774820290856, 52.11123253551991 ], [ 34.096523779744544, 52.111603880798576 ], [ 34.098717871222057, 52.111614490618237 ], [ 34.100786709445934, 52.113359771583596 ], [ 34.103067182477659, 52.117051690973319 ], [ 34.106643378822874, 52.119014224795649 ], [ 34.110858798669412, 52.122928426099726 ], [ 34.109891325262019, 52.127510468887884 ], [ 34.110478719830795, 52.129122557081956 ], [ 34.111791719455127, 52.130458849135422 ], [ 34.110927903912788, 52.131455739327123 ], [ 34.110893351291104, 52.132855590028072 ], [ 34.109766270944029, 52.133440976650668 ], [ 34.106401510471038, 52.135188576787826 ], [ 34.099352775645691, 52.143268250141922 ], [ 34.098454407481675, 52.149501956894404 ], [ 34.075561408456466, 52.178045785882837 ], [ 34.072021651886608, 52.201775586990252 ], [ 34.009854013304874, 52.210591800546887 ], [ 34.000315843040894, 52.218155672127082 ], [ 33.994019995297116, 52.229965507997925 ], [ 33.98216255124823, 52.234360305478738 ], [ 33.973923486611639, 52.230086931704562 ], [ 33.972897876905847, 52.231693720243648 ], [ 33.967974950318002, 52.234223557517957 ], [ 33.964214381396737, 52.234462866449306 ], [ 33.962026414024358, 52.236890142753033 ], [ 33.961718731112619, 52.239249045076377 ], [ 33.959120519857926, 52.240821646625271 ], [ 33.95693255248554, 52.242907053027075 ], [ 33.957889788210949, 52.244650589526934 ], [ 33.961752918102796, 52.246770182918922 ], [ 33.960693121406806, 52.247693231654139 ], [ 33.954573650162196, 52.247351361752209 ], [ 33.952454056770208, 52.24875302835013 ], [ 33.942984260486654, 52.248547906408966 ], [ 33.93672804128127, 52.249847012036312 ], [ 33.942215053207285, 52.258034796187587 ], [ 33.9414738738827, 52.266293401954066 ], [ 33.945343162809976, 52.275162478274446 ], [ 33.943958589707144, 52.28182894136215 ], [ 33.944727796986498, 52.283213514464983 ], [ 33.938522858266403, 52.289059489788045 ], [ 33.932574321972766, 52.290367142162935 ], [ 33.925036090635139, 52.295187507780199 ], [ 33.925548895488035, 52.298007934471144 ], [ 33.921600298120708, 52.304725678044143 ], [ 33.910010908445166, 52.308622994926182 ], [ 33.908010969518855, 52.308264031529148 ], [ 33.907908408548273, 52.303546226882467 ], [ 33.905562326346278, 52.302353955599493 ], [ 33.895685734350266, 52.307875587152218 ], [ 33.879563120304248, 52.307892248010802 ], [ 33.876293989367014, 52.30616153163227 ], [ 33.839218198502344, 52.320545707756125 ], [ 33.85402543862984, 52.332353039494144 ], [ 33.850217862597056, 52.337622109357689 ], [ 33.84398728363432, 52.342929639585201 ], [ 33.843718061086548, 52.345583404698964 ], [ 33.839333579594253, 52.346929517437822 ], [ 33.838389944672713, 52.348636091232102 ], [ 33.83752594248778, 52.350198648375063 ], [ 33.838267659391576, 52.35278341940343 ], [ 33.83879513449871, 52.354621590231325 ], [ 33.838602832678873, 52.358852230267743 ], [ 33.835295241377665, 52.361736757565311 ], [ 33.823795592551384, 52.364236681223211 ], [ 33.818564983051807, 52.363159791032118 ], [ 33.80560384039476, 52.366390461605391 ], [ 33.788412057701294, 52.366621223789188 ], [ 33.786642880958787, 52.365621254326037 ], [ 33.785450609675799, 52.365967397601743 ], [ 33.776297043051535, 52.365390492142232 ], [ 33.772527927382718, 52.363467473943857 ], [ 33.762887082713981, 52.362264486296262 ], [ 33.750643980285211, 52.360736788102159 ], [ 33.748374818811129, 52.357313815709055 ], [ 33.740105840558115, 52.356736910249545 ], [ 33.736990551076751, 52.355121574962908 ], [ 33.729567700831026, 52.353967764043887 ], [ 33.724375551695417, 52.353506239676271 ], [ 33.717491146545235, 52.362813647756411 ], [ 33.70879910428858, 52.36304440994023 ], [ 33.707222229365918, 52.363390553215936 ], [ 33.704337702068351, 52.362813647756425 ], [ 33.702530064961884, 52.362852108120393 ], [ 33.70229930277808, 52.362121361205006 ], [ 33.699722458392252, 52.361890599021201 ], [ 33.698337885289426, 52.362313663024842 ], [ 33.697760979829916, 52.362236742296908 ], [ 33.697760979829916, 52.36162137647343 ], [ 33.696914851822626, 52.361044471013919 ], [ 33.696337946363116, 52.360429105190434 ], [ 33.694722611076479, 52.359582977183152 ], [ 33.693491879429523, 52.359582977183152 ], [ 33.691684242323049, 52.359275294271413 ], [ 33.689030477209293, 52.359390675363315 ], [ 33.687838205926298, 52.359352214999348 ], [ 33.686876696827113, 52.359544516819184 ], [ 33.685607504816183, 52.35931375463538 ], [ 33.678838480757904, 52.355660020058465 ], [ 33.677876971658719, 52.354390828047542 ], [ 33.678838480757904, 52.353198556764546 ], [ 33.678530797846165, 52.352006285481558 ], [ 33.681992230603235, 52.350621712378725 ], [ 33.681607626963562, 52.349737124007476 ], [ 33.678915401485838, 52.348006407628937 ], [ 33.673684791986261, 52.347698724717198 ], [ 33.669454151949836, 52.346467993070235 ], [ 33.666569624652276, 52.344506514507898 ], [ 33.664262002814226, 52.344352673052029 ], [ 33.66033904568954, 52.34192967012207 ], [ 33.658492948219099, 52.340160493379564 ], [ 33.655108436189963, 52.339506667192119 ], [ 33.651877765616696, 52.339122063552438 ], [ 33.647531744488369, 52.340045112287662 ], [ 33.645224122650319, 52.33977588973989 ], [ 33.643531866635747, 52.339352825736249 ], [ 33.640147354606611, 52.339468206828151 ], [ 33.636762842577468, 52.339891270831792 ], [ 33.6319937574455, 52.338929761732601 ], [ 33.630416882522837, 52.33850669772896 ], [ 33.62935114097877, 52.338878861442765 ], [ 33.626840068673872, 52.339160523916384 ], [ 33.620532568983201, 52.337545188629747 ], [ 33.617532660593739, 52.336314456982784 ], [ 33.614417371112367, 52.335468328975502 ], [ 33.613071258373509, 52.335468328975502 ], [ 33.612571273641926, 52.334852963152024 ], [ 33.610763636535459, 52.334583740604252 ], [ 33.608879078701051, 52.334968344243926 ], [ 33.606532996499034, 52.334699121696154 ], [ 33.602686960102282, 52.332622262041909 ], [ 33.594917966580851, 52.326930128174723 ], [ 33.59322571056628, 52.326814747082821 ], [ 33.589879658901111, 52.324930189248413 ], [ 33.588956610165887, 52.323584076509547 ], [ 33.586302845052131, 52.322430265590526 ], [ 33.585495177408816, 52.322007201586885 ], [ 33.583572159210441, 52.321699518675146 ], [ 33.582341427563478, 52.320699549211987 ], [ 33.581418378828261, 52.320161104116444 ], [ 33.580533790457011, 52.320622628484053 ], [ 33.578226168618961, 52.318930372469481 ], [ 33.574264751130308, 52.316507369539529 ], [ 33.571149461648943, 52.316007384807953 ], [ 33.569786697852336, 52.314684702299481 ], [ 33.565918852149359, 52.310930616764246 ], [ 33.564149675406853, 52.310122949120931 ], [ 33.560980477138997, 52.305269222044032 ], [ 33.559880575006467, 52.303584687246456 ], [ 33.558649843359504, 52.30308470251488 ], [ 33.55484226732672, 52.303277004334717 ], [ 33.536342832258356, 52.304200053069927 ], [ 33.531689128218289, 52.305776927992596 ], [ 33.526696833363616, 52.307350257280127 ], [ 33.525343168163651, 52.307776866918907 ], [ 33.517933188078032, 52.307081746835827 ], [ 33.504843794168977, 52.305853848720531 ], [ 33.501582834301757, 52.309017175058791 ], [ 33.498420913386404, 52.312084427683267 ], [ 33.494901790083382, 52.311392141131854 ], [ 33.492276870242605, 52.310690239489446 ], [ 33.490949987685724, 52.311017152583169 ], [ 33.490017323859512, 52.310565243306556 ], [ 33.488488524391805, 52.310757545126393 ], [ 33.488216887248718, 52.310925678313346 ], [ 33.483113688527347, 52.314084366609578 ], [ 33.48244063215791, 52.317718871004494 ], [ 33.483094458345363, 52.319757270294772 ], [ 33.484171348536449, 52.319949572114609 ], [ 33.485479000911347, 52.31979573065874 ], [ 33.487709702021462, 52.321680288493148 ], [ 33.48905581476032, 52.324410974334839 ], [ 33.488959663850402, 52.328276240913588 ], [ 33.491440357326304, 52.33158383221479 ], [ 33.49640648386233, 52.332264186921954 ], [ 33.512074342594872, 52.334410668966378 ], [ 33.516189601539395, 52.344371903233956 ], [ 33.51484348880053, 52.347064128711686 ], [ 33.517958778281894, 52.355486948420562 ], [ 33.508112925106225, 52.358602237901934 ], [ 33.506497589819588, 52.357429196800929 ], [ 33.50601457939041, 52.357298683590273 ], [ 33.49817092102063, 52.355179265508831 ], [ 33.495690227544728, 52.355467718238586 ], [ 33.491190364960531, 52.357006132797281 ], [ 33.482921386707517, 52.358294554990202 ], [ 33.480133010319875, 52.358083022988382 ], [ 33.474056272813009, 52.358794539721778 ], [ 33.471094824787514, 52.359044532087573 ], [ 33.45563375847258, 52.365928937237747 ], [ 33.452172325715502, 52.365678944871966 ], [ 33.450345458427044, 52.362996334485217 ], [ 33.445960976934749, 52.361957904658098 ], [ 33.444961007471598, 52.362304047933804 ], [ 33.444576403831924, 52.361304078470646 ], [ 33.441461114350552, 52.361380999198587 ], [ 33.439365024514331, 52.360515641009322 ], [ 33.437442006315955, 52.358188788989288 ], [ 33.436365116124868, 52.357438811891925 ], [ 33.434980543022036, 52.354342752592544 ], [ 33.433307517189448, 52.353958148952856 ], [ 33.432019094996534, 52.354573514776341 ], [ 33.431499880082974, 52.355573484239493 ], [ 33.43050642107081, 52.355719122209862 ], [ 33.427826915324076, 52.356111929335036 ], [ 33.424230871293119, 52.355823476605288 ], [ 33.422019400364988, 52.353765847133026 ], [ 33.4212447288512, 52.353637857926401 ], [ 33.419807929436857, 52.353400473675329 ], [ 33.417192624687068, 52.352592806032014 ], [ 33.416711870137455, 52.356054238789106 ], [ 33.418231054514173, 52.360361799553473 ], [ 33.415577289400417, 52.362380968661761 ], [ 33.413615810838074, 52.362342508297793 ], [ 33.410239600394185, 52.362366063254377 ], [ 33.405346832585067, 52.362400198843737 ], [ 33.404404553667867, 52.363342477760938 ], [ 33.40515453076523, 52.36509242432146 ], [ 33.406388837697726, 52.36542011642743 ], [ 33.409500551893558, 52.366246235240482 ], [ 33.4081544391547, 52.36813079307489 ], [ 33.395492001188963, 52.374062435037828 ], [ 33.374040096315539, 52.373534474212306 ], [ 33.373030511761385, 52.371688376741844 ], [ 33.373549726674945, 52.369303834175859 ], [ 33.371511327384674, 52.364938582865548 ], [ 33.369434467730429, 52.362246357387825 ], [ 33.368511418995205, 52.361996365022037 ], [ 33.367126845892379, 52.361919444294102 ], [ 33.365280748421938, 52.361034855922853 ], [ 33.364280778958779, 52.360861784284999 ], [ 33.361203949841382, 52.364303986860087 ], [ 33.360102773652905, 52.36485812321763 ], [ 33.358857867639365, 52.363092485395107 ], [ 33.35568488761205, 52.360996395558878 ], [ 33.35516567269849, 52.358650313356861 ], [ 33.354146473053348, 52.353900458406876 ], [ 33.352973431952343, 52.353304322765375 ], [ 33.34885817300782, 52.352381274030158 ], [ 33.346992845355395, 52.351823598752631 ], [ 33.344146778421802, 52.351438995112957 ], [ 33.343646793690226, 52.351650527114778 ], [ 33.342896816592855, 52.352227432574288 ], [ 33.341204560578291, 52.352227432574288 ], [ 33.336608547084175, 52.351823598752638 ], [ 33.33578164925887, 52.352660111668932 ], [ 33.331781771406256, 52.352669726759906 ], [ 33.326916535364369, 52.353842767860918 ], [ 33.32287819714778, 52.354496594048364 ], [ 33.321675638729396, 52.355198086459083 ], [ 33.319416764390702, 52.356515763156658 ], [ 33.317609127284236, 52.35768880425767 ], [ 33.315763029813795, 52.358188788989246 ], [ 33.315205354536268, 52.358900305722642 ], [ 33.31532073562817, 52.360361799553409 ], [ 33.313974622889305, 52.360669482465148 ], [ 33.312532359240521, 52.361534840654414 ], [ 33.308782473753695, 52.361554070836398 ], [ 33.304744135537106, 52.361707912292275 ], [ 33.301628846055742, 52.359034916996535 ], [ 33.301596162643094, 52.358544665806804 ], [ 33.301551925327807, 52.357881106077507 ], [ 33.303051879522535, 52.357361891163947 ], [ 33.304609524263221, 52.355861936969212 ], [ 33.304282611169498, 52.355285031509702 ], [ 33.302724966428812, 52.355708095513343 ], [ 33.301609615873758, 52.355208110781767 ], [ 33.301417314053914, 52.354054299862746 ], [ 33.304590294081237, 52.352188972210321 ], [ 33.304359531897433, 52.351400534748976 ], [ 33.29241675471841, 52.356632817610723 ], [ 33.288763854308634, 52.359650282819977 ], [ 33.26055317733848, 52.364803971591598 ], [ 33.242697953366573, 52.368121177983788 ], [ 33.241004178736254, 52.368643329791276 ], [ 33.219929417897816, 52.375140194407855 ], [ 33.190584160190618, 52.381716916646297 ], [ 33.181892117933963, 52.381524614826461 ], [ 33.177739097813564, 52.379187509945055 ], [ 33.167309937676507, 52.373318518137019 ], [ 33.167738703993926, 52.365448182688048 ], [ 33.167007957078532, 52.346987207983673 ], [ 33.151431509671696, 52.343102711222961 ], [ 33.137278095731659, 52.345948778156554 ], [ 33.133932044066491, 52.345333412333076 ], [ 33.132893614239364, 52.343295013042798 ], [ 33.129509102210228, 52.342295043579639 ], [ 33.12981678512196, 52.338833610822569 ], [ 33.124547715258416, 52.335449098793433 ], [ 33.122137281053163, 52.333144121084665 ], [ 33.118394057023615, 52.32956466310641 ], [ 33.118451747569566, 52.328814686009039 ], [ 33.116471038825239, 52.328045478729692 ], [ 33.114874933720593, 52.326910897992647 ], [ 33.110048158042666, 52.324334053606826 ], [ 33.108009758752395, 52.324295593242859 ], [ 33.107221321291057, 52.324930189248327 ], [ 33.106690232039256, 52.325638308250738 ], [ 33.10629827255584, 52.32616092089529 ], [ 33.090587213875118, 52.322507186318383 ], [ 33.08545693941052, 52.314795775844573 ], [ 33.081337496340936, 52.308603764744134 ], [ 33.079645240326364, 52.30694996909353 ], [ 33.079606779962397, 52.305296173442933 ], [ 33.078587580317254, 52.304469275617627 ], [ 33.073491582091563, 52.304719267983415 ], [ 33.068876338415464, 52.303969290886052 ], [ 33.066895629671137, 52.302757789421072 ], [ 33.065876430026002, 52.303200083606697 ], [ 33.065299524566484, 52.303834679612159 ], [ 33.064145455937897, 52.304742546933319 ], [ 33.063857260917707, 52.304969260349203 ], [ 33.063145744184311, 52.305738467628551 ], [ 33.061741916851744, 52.306465751668313 ], [ 33.060838122346262, 52.306411523997987 ], [ 33.056722863401738, 52.307680716008917 ], [ 33.047701506256558, 52.307665680413663 ], [ 33.04518475421149, 52.30766148582692 ], [ 33.030223672628139, 52.301623208684013 ], [ 33.02617091177504, 52.289825492036989 ], [ 32.999993826549691, 52.28131613650919 ], [ 33.000070747277626, 52.278700831759409 ], [ 32.99905154763249, 52.276758583379049 ], [ 32.996412205155224, 52.272066418975008 ], [ 32.986316359613767, 52.271931807701122 ], [ 32.983374141770256, 52.273624063715687 ], [ 32.980547305018646, 52.273816365535524 ], [ 32.978412754818457, 52.273720214625605 ], [ 32.977951230450842, 52.273027928074193 ], [ 32.975355155883044, 52.272354871704763 ], [ 32.972586009677393, 52.272297181158812 ], [ 32.971682191124152, 52.272758705526421 ], [ 32.970241747980204, 52.272789572165223 ], [ 32.968989965646429, 52.272816396072372 ], [ 32.967336169995832, 52.272624094252535 ], [ 32.96597082707499, 52.27291254698229 ], [ 32.965336231069521, 52.273450992077834 ], [ 32.964624714336125, 52.273585603351719 ], [ 32.965211234886624, 52.271576049334428 ], [ 32.964922347124158, 52.271337791386003 ], [ 32.964278571060412, 52.27080684205508 ], [ 32.963653590145945, 52.269874178228868 ], [ 32.962884382866591, 52.269739566954975 ], [ 32.961345968307896, 52.268778057855791 ], [ 32.95926910865365, 52.26872036730984 ], [ 32.958480671192319, 52.268528065490003 ], [ 32.956980716997592, 52.269143431313474 ], [ 32.955923056988489, 52.26897035967562 ], [ 32.952692386415222, 52.26750886584486 ], [ 32.952134711137688, 52.266970420749317 ], [ 32.950115542029401, 52.266239673833937 ], [ 32.947654078735482, 52.26498971200499 ], [ 32.945961822720911, 52.264316655635561 ], [ 32.94523107580553, 52.263874361449936 ], [ 32.944173415796428, 52.263585908720181 ], [ 32.942961914331455, 52.262835931622817 ], [ 32.941788873230443, 52.262605169439006 ], [ 32.940250458671748, 52.262143645071397 ], [ 32.939538941938352, 52.261778271613707 ], [ 32.938096678289568, 52.26137443779205 ], [ 32.937519772830058, 52.26100906433436 ], [ 32.935769826269535, 52.260470619238816 ], [ 32.934654475714481, 52.26012447596311 ], [ 32.93230839351245, 52.259412959229685 ], [ 32.928808500391412, 52.257451480667342 ], [ 32.925097075268546, 52.256489971568158 ], [ 32.924039415259436, 52.25641305084023 ], [ 32.918453047393164, 52.253624674452588 ], [ 32.914299328084681, 52.25065361133607 ], [ 32.916491568830821, 52.248942125139521 ], [ 32.915645440823539, 52.244249960735495 ], [ 32.913972414990958, 52.243480753456147 ], [ 32.909453322224778, 52.243211530908368 ], [ 32.906741866565071, 52.242192331263226 ], [ 32.904838078548686, 52.242884617814646 ], [ 32.901992011615093, 52.24275000654076 ], [ 32.901030502515901, 52.244346111645406 ], [ 32.896203726837989, 52.245211469834679 ], [ 32.892453841351163, 52.245038398196819 ], [ 32.884607927101797, 52.24615374875188 ], [ 32.884454085645928, 52.246903725849243 ], [ 32.885569436200981, 52.248422910225962 ], [ 32.881300335800596, 52.256364975385246 ], [ 32.882124678109534, 52.258327068101401 ], [ 32.887319382761504, 52.270691460963121 ], [ 32.884473315827911, 52.273825980626469 ], [ 32.872021772993442, 52.27417212390219 ], [ 32.856195333220832, 52.274749029361693 ], [ 32.844637993848615, 52.277037421017752 ], [ 32.83665746832537, 52.278479684666536 ], [ 32.834547722484594, 52.276944137693775 ], [ 32.827330830063261, 52.271691430426309 ], [ 32.825167434590092, 52.268912669129641 ], [ 32.818129187984056, 52.259297578137776 ], [ 32.807928183899051, 52.262637372749197 ], [ 32.798687473998498, 52.265662768374405 ], [ 32.782072596764564, 52.262432097801138 ], [ 32.762823184598858, 52.256528431932125 ], [ 32.762092437683471, 52.258162997400746 ], [ 32.762092437683471, 52.259499495048622 ], [ 32.761784754771732, 52.260393698510867 ], [ 32.76090978149147, 52.262355177073204 ], [ 32.760813630581552, 52.263383991809334 ], [ 32.759909812028312, 52.264249349998607 ], [ 32.7586310049264, 52.265124323278862 ], [ 32.757044514912742, 52.266662737837564 ], [ 32.755784937992807, 52.267056956568226 ], [ 32.754275368707091, 52.266912730203344 ], [ 32.726478140649618, 52.256989956299726 ], [ 32.725305099548613, 52.257566861759244 ], [ 32.72455512245125, 52.258047616308836 ], [ 32.722651334434858, 52.258047616308836 ], [ 32.721382142423934, 52.258393759584543 ], [ 32.717093811841558, 52.25916296686389 ], [ 32.712267036163645, 52.255143858829292 ], [ 32.706767204116304, 52.251701656254205 ], [ 32.706478751386548, 52.251817037346107 ], [ 32.705837575100119, 52.251388171088301 ], [ 32.700671236427461, 52.247932540585396 ], [ 32.70035266808005, 52.252918827762215 ], [ 32.700228942241836, 52.254855406099537 ], [ 32.696042650363914, 52.255322508140651 ], [ 32.691094605799563, 52.255874605744673 ], [ 32.690056175972444, 52.255855375562689 ], [ 32.689014032661717, 52.259242341322555 ], [ 32.688748523597553, 52.260105245781091 ], [ 32.686133218847765, 52.264412806545444 ], [ 32.685114019202629, 52.266355054925803 ], [ 32.68000840588595, 52.269210736950384 ], [ 32.67684504094963, 52.271326056968597 ], [ 32.663249302287127, 52.285767923638375 ], [ 32.646903647600958, 52.284556422173402 ], [ 32.640019981072633, 52.286566136309261 ], [ 32.63853851843804, 52.286998655285338 ], [ 32.636240511690978, 52.288325537842212 ], [ 32.634080356063492, 52.289878642435696 ], [ 32.630971441827434, 52.292113883693006 ], [ 32.628259986167727, 52.295498395722134 ], [ 32.627836922164093, 52.296998349916862 ], [ 32.624240878133136, 52.297036810280829 ], [ 32.620721754830114, 52.297959859016046 ], [ 32.618817966813722, 52.298767526659361 ], [ 32.614318104229532, 52.300055948852275 ], [ 32.611741259843711, 52.301478982319082 ], [ 32.610702830016592, 52.303421230699435 ], [ 32.608895192910119, 52.304401969980603 ], [ 32.607318317987456, 52.305517320535664 ], [ 32.606145276886451, 52.305151947077974 ], [ 32.605741443064794, 52.304728883074326 ], [ 32.604731858510654, 52.304988490531123 ], [ 32.604164760613756, 52.3047647167664 ], [ 32.602953066677159, 52.304286588888715 ], [ 32.601789640667143, 52.304382739798633 ], [ 32.601280040844571, 52.304171207796813 ], [ 32.600280311412554, 52.304356871834194 ], [ 32.599933928105706, 52.304421200162608 ], [ 32.599387033004113, 52.304187412943605 ], [ 32.598674351185778, 52.303882755067065 ], [ 32.597740553272011, 52.30385529042254 ], [ 32.597203242264023, 52.303839487157596 ], [ 32.595631174886861, 52.303522189154876 ], [ 32.594174488601588, 52.304252936070263 ], [ 32.593203364411409, 52.303954868249519 ], [ 32.593129385142227, 52.303584971903597 ], [ 32.592991832409588, 52.30289720824041 ], [ 32.592622892888357, 52.302953712491409 ], [ 32.591924557309497, 52.303060664787274 ], [ 32.591467840487383, 52.302733751693552 ], [ 32.590631327571089, 52.302752981875535 ], [ 32.59032543756544, 52.302349640186677 ], [ 32.590088074930044, 52.302036657596645 ], [ 32.589627812574896, 52.302166212926231 ], [ 32.589439056288093, 52.302219344325479 ], [ 32.589121740834081, 52.3020331509599 ], [ 32.588857343283088, 52.301878008595267 ], [ 32.58867840062581, 52.301916583060311 ], [ 32.588054483185267, 52.302051080233127 ], [ 32.586944916189672, 52.30166487735621 ], [ 32.58631415171574, 52.301445329500645 ], [ 32.585601885380193, 52.301532903230424 ], [ 32.585141110614728, 52.301589555865519 ], [ 32.585005436161943, 52.301474292613598 ], [ 32.584054605332646, 52.300666507130302 ], [ 32.583856178500056, 52.300739528204694 ], [ 32.582852718958662, 52.301108801315927 ], [ 32.582030628678858, 52.300748235403695 ], [ 32.580698938576489, 52.30121456731684 ], [ 32.580532901950271, 52.301092540398777 ], [ 32.579900886024163, 52.300628046766334 ], [ 32.579646086112881, 52.300748235403695 ], [ 32.576415415539614, 52.301805895412798 ], [ 32.575035649982269, 52.304426007708095 ], [ 32.574189521974986, 52.306041342994725 ], [ 32.573314548694725, 52.306579788090275 ], [ 32.571184806040023, 52.310012375574338 ], [ 32.566569562363924, 52.312243076684446 ], [ 32.56310812960686, 52.31455069852251 ], [ 32.536878161381061, 52.326819554628138 ], [ 32.53193571211235, 52.327271914391716 ], [ 32.525532354010657, 52.327857984455257 ], [ 32.505725266567424, 52.327281078995739 ], [ 32.502763818541936, 52.326550332080359 ], [ 32.50187923017068, 52.323665804782806 ], [ 32.498997402648776, 52.321416214931517 ], [ 32.48680276749544, 52.311896933408754 ], [ 32.484264383473587, 52.312435378504297 ], [ 32.476803072863902, 52.320935118941101 ], [ 32.471995527367973, 52.324550393154041 ], [ 32.465418805129538, 52.324550393154041 ], [ 32.459688210898385, 52.326088807712743 ], [ 32.433804385948292, 52.322358152407915 ], [ 32.430458334283131, 52.323396582235034 ], [ 32.421997054210294, 52.322204310952046 ], [ 32.403189936230206, 52.3298194630176 ], [ 32.394613275065467, 52.333934721962116 ], [ 32.389855288603577, 52.33626199794891 ], [ 32.387536568095456, 52.337396154719187 ], [ 32.376652285092675, 52.337319233991238 ], [ 32.370523184874344, 52.334471988344355 ], [ 32.360336672210451, 52.329739890188662 ], [ 32.355499084910569, 52.327492610997531 ], [ 32.353922209987907, 52.324800385519815 ], [ 32.352787629250862, 52.319512085474294 ], [ 32.351960731425564, 52.317877520005673 ], [ 32.351864580515645, 52.316512177084832 ], [ 32.352739672763597, 52.315558824554543 ], [ 32.354229892899639, 52.31393533269901 ], [ 32.354902949269075, 52.313377657421483 ], [ 32.355864458368259, 52.311550790133026 ], [ 32.3577105558387, 52.309108557021084 ], [ 32.363095006794147, 52.302166461324958 ], [ 32.366825662098989, 52.293339807794439 ], [ 32.366248756639479, 52.290801423772585 ], [ 32.366633360279152, 52.288532262298503 ], [ 32.367017963918826, 52.28407086007828 ], [ 32.369633268668615, 52.276878772016374 ], [ 32.372863939241881, 52.275571119641455 ], [ 32.382402109505811, 52.279532537130102 ], [ 32.385209716075437, 52.279282544764314 ], [ 32.386363526994458, 52.278667178940829 ], [ 32.387113504091822, 52.27909024294447 ], [ 32.391036461216501, 52.278897941124633 ], [ 32.394401743063653, 52.279186393854388 ], [ 32.383459769514914, 52.270167438504039 ], [ 32.384575120069968, 52.263167652261963 ], [ 32.386267376084533, 52.260763879513988 ], [ 32.387440417185545, 52.260090823144559 ], [ 32.387478877549512, 52.258994702771481 ], [ 32.388190394282908, 52.25857163876784 ], [ 32.388363465920762, 52.257917812580395 ], [ 32.38919036374606, 52.258167804946183 ], [ 32.390671087758811, 52.257763971124525 ], [ 32.390209563391196, 52.257398597666835 ], [ 32.389536507021766, 52.257167835483031 ], [ 32.389363435383913, 52.255994794382019 ], [ 32.388786529924403, 52.255937103836068 ], [ 32.389998031389375, 52.254514070369275 ], [ 32.389901880479457, 52.254033315819683 ], [ 32.391363374310224, 52.253302568904303 ], [ 32.39207489104362, 52.253667942361993 ], [ 32.392863328504951, 52.252494901260981 ], [ 32.394670965611425, 52.252014146711389 ], [ 32.393978679060012, 52.246745076847866 ], [ 32.392401804137343, 52.244471107828261 ], [ 32.390714355668273, 52.243605749638988 ], [ 32.389921110661447, 52.242884617814603 ], [ 32.387599066186908, 52.241774074805043 ], [ 32.383589573243306, 52.241096210890113 ], [ 32.381714630499893, 52.240346233792749 ], [ 32.377330149007598, 52.240129894245435 ], [ 32.375685968447989, 52.239726060423777 ], [ 32.373998519978919, 52.239596256695386 ], [ 32.373392769246429, 52.238788589052071 ], [ 32.372498565784191, 52.236884801035679 ], [ 32.352304291322561, 52.240414787717967 ], [ 32.347085880292695, 52.241326973073924 ], [ 32.341417870695757, 52.237753662675857 ], [ 32.336470819837679, 52.234634869743587 ], [ 32.3335513270993, 52.232096600023937 ], [ 32.327745124762565, 52.227048562951012 ], [ 32.324572144735249, 52.215452763214827 ], [ 32.329363179842318, 52.208363765567718 ], [ 32.330946950062852, 52.206020358951811 ], [ 32.330860414243922, 52.203366593838055 ], [ 32.342975428893673, 52.196991788510459 ], [ 32.345571503461478, 52.195145691040011 ], [ 32.346927231291325, 52.18542483404724 ], [ 32.347013767110248, 52.182828759479435 ], [ 32.345600348734443, 52.180261530184609 ], [ 32.344677299999226, 52.180376911276511 ], [ 32.344850371637079, 52.181415341103637 ], [ 32.344129239812695, 52.182165318201001 ], [ 32.342860047801764, 52.18210762765505 ], [ 32.341965844339519, 52.180376911276511 ], [ 32.340062056323134, 52.181069197827924 ], [ 32.340062056323134, 52.179251945630462 ], [ 32.338879400131141, 52.178386587441189 ], [ 32.339196698133868, 52.176771252154559 ], [ 32.338273649398651, 52.175588595962559 ], [ 32.336052563379532, 52.176684716335629 ], [ 32.334783371368601, 52.176078965603146 ], [ 32.336629468839043, 52.175098226321978 ], [ 32.336398706655238, 52.174088641767831 ], [ 32.333110345536021, 52.170771435375634 ], [ 32.333658405722559, 52.169675315002557 ], [ 32.33244690425758, 52.169184945361977 ], [ 32.333110345536021, 52.16756961007534 ], [ 32.332360715507107, 52.167290901474843 ], [ 32.330860414243922, 52.166733097159046 ], [ 32.330023901327635, 52.164598546958857 ], [ 32.328927780954565, 52.163098592764129 ], [ 32.329648912778957, 52.159031409274576 ], [ 32.331177712246657, 52.157127621258176 ], [ 32.333427643538755, 52.156377644160806 ], [ 32.336492453792417, 52.156666096890561 ], [ 32.365453107859935, 52.156060346158064 ], [ 32.367039597873593, 52.147897133905964 ], [ 32.36565502477076, 52.144378010602942 ], [ 32.360232113451346, 52.140397362932305 ], [ 32.334704046867934, 52.140830042026934 ], [ 32.329540743005296, 52.133070663596492 ], [ 32.320223719834182, 52.136589786899521 ], [ 32.319762195466566, 52.132464912864009 ], [ 32.319617969101692, 52.130301517390834 ], [ 32.318118014906958, 52.126695858268882 ], [ 32.318608384547538, 52.12306135387395 ], [ 32.317685335812321, 52.12205176931981 ], [ 32.315723857249978, 52.121503709133272 ], [ 32.312839329952418, 52.122686365325272 ], [ 32.31015671956569, 52.122340222049566 ], [ 32.304214593332709, 52.121330637495419 ], [ 32.302902133412317, 52.121071030038642 ], [ 32.302325227952807, 52.121604667588691 ], [ 32.301272375489198, 52.121647935498153 ], [ 32.300652202120219, 52.122152727775223 ], [ 32.299801266567435, 52.1214748638603 ], [ 32.299282051653876, 52.120479701942642 ], [ 32.298113818098365, 52.120811422581859 ], [ 32.297493644729393, 52.120623928307516 ], [ 32.29732057309154, 52.11977299275474 ], [ 32.296585018630658, 52.119542230570936 ], [ 32.295128332345385, 52.119888373846642 ], [ 32.292288829891554, 52.117748748758196 ], [ 32.29529419266504, 52.112446293418984 ], [ 32.297404374851347, 52.111032869501742 ], [ 32.296650935587834, 52.110319084936307 ], [ 32.294839879615616, 52.110210784763325 ], [ 32.295272558710252, 52.109273313391618 ], [ 32.294162015700692, 52.109129087026744 ], [ 32.293022627418154, 52.109431962392989 ], [ 32.291493827950447, 52.108451223111814 ], [ 32.291695744861279, 52.107340680102254 ], [ 32.292200537138349, 52.106864733098156 ], [ 32.291205375220692, 52.105653231633184 ], [ 32.291082784880871, 52.105043994792872 ], [ 32.290729428216594, 52.103287919249183 ], [ 32.289950605846258, 52.103071579701869 ], [ 32.289173484750528, 52.103235184143074 ], [ 32.28775836510011, 52.103533104069477 ], [ 32.286604554181082, 52.103287919249183 ], [ 32.286993965366257, 52.102206221512596 ], [ 32.285926690266159, 52.101225482231428 ], [ 32.284080592795718, 52.100807225773281 ], [ 32.281542208773864, 52.099855331765085 ], [ 32.280835499585962, 52.099307271578546 ], [ 32.279623998120989, 52.099941867584008 ], [ 32.277565105058322, 52.099443868178959 ], [ 32.263643716892496, 52.096076601005286 ], [ 32.244548146182645, 52.089961403134453 ], [ 32.239125234863231, 52.088865282761375 ], [ 32.221558463621079, 52.089124890218159 ], [ 32.213337560823035, 52.08093283269308 ], [ 32.206703148038649, 52.077817543211715 ], [ 32.143070475854465, 52.070894677697552 ], [ 32.141301239874196, 52.063280244364755 ], [ 32.140791699289395, 52.061087284885858 ], [ 32.130955461204714, 52.052116404990443 ], [ 32.129772805012706, 52.048337674230645 ], [ 32.125359478247439, 52.046491576760204 ], [ 32.114946334703255, 52.046953101127805 ], [ 32.108081159735057, 52.045828135481756 ], [ 32.099081434566671, 52.046635803125071 ], [ 32.095908454539348, 52.044155109649168 ], [ 32.09602383563125, 52.03740531577288 ], [ 32.096052680904222, 52.033453513375221 ], [ 32.083216534430072, 52.035530373029466 ], [ 32.075226393815832, 52.034665014840186 ], [ 32.06438057117699, 52.034982312842935 ], [ 32.04586190592665, 52.042539774362545 ], [ 32.038857678223621, 52.044450018281559 ], [ 32.020478065708105, 52.049462639876701 ], [ 31.9983195213823, 52.049905408246516 ], [ 31.988719420161956, 52.050097235882163 ], [ 31.984146832906792, 52.051240382695951 ], [ 31.964886013365835, 52.050227039610547 ], [ 31.957169902844864, 52.048640549596897 ], [ 31.955439186466329, 52.048554013777967 ], [ 31.955093043190619, 52.048150179956309 ], [ 31.955439186466329, 52.047659810315722 ], [ 31.954444024548668, 52.047991530954945 ], [ 31.953477707903986, 52.047948263045477 ], [ 31.954155571818912, 52.047371357585966 ], [ 31.953477707903986, 52.046736761580505 ], [ 31.951328735067303, 52.046390618304805 ], [ 31.950722984334814, 52.046030052392609 ], [ 31.949266298049544, 52.045813712845295 ], [ 31.949223030140082, 52.047039636946757 ], [ 31.948343249314327, 52.046794452126463 ], [ 31.946670223481739, 52.046808874762952 ], [ 31.946670223481739, 52.047688655588708 ], [ 31.946367348115498, 52.047674232952218 ], [ 31.944852971284277, 52.046938678491337 ], [ 31.944578941191008, 52.047111750129197 ], [ 31.94502604292213, 52.047904995136022 ], [ 31.944679899646424, 52.048063644137386 ], [ 31.943670315092277, 52.047558851860309 ], [ 31.943179945451693, 52.047126172765672 ], [ 31.941175198979884, 52.047847304590064 ], [ 31.940999508276231, 52.048154763321456 ], [ 31.940886746250129, 52.048352096867134 ], [ 31.941665568620472, 52.048914579690162 ], [ 31.941348270617741, 52.049289568238841 ], [ 31.940511757701447, 52.049073228691526 ], [ 31.939352760197757, 52.048011899516794 ], [ 31.939228143054034, 52.047897783817767 ], [ 31.938924466773305, 52.047974742875212 ], [ 31.938175290590426, 52.048164602592792 ], [ 31.937990067282254, 52.047893678948007 ], [ 31.937692132268083, 52.047457893404889 ], [ 31.936581513949029, 52.047771479753798 ], [ 31.935853246115887, 52.047977108318449 ], [ 31.93547104624896, 52.047804036680596 ], [ 31.935556781118919, 52.047682578948155 ], [ 31.935730653705743, 52.047436259450159 ], [ 31.936855619351789, 52.046859353990648 ], [ 31.935586427340862, 52.046051686347333 ], [ 31.931908655036469, 52.044869030155333 ], [ 31.927610709363115, 52.04478249433641 ], [ 31.925166072478433, 52.043268117505193 ], [ 31.924235812424968, 52.043455611779535 ], [ 31.921019564488191, 52.044912298064801 ], [ 31.918812901105557, 52.044739226426948 ], [ 31.916678350905364, 52.04544593561485 ], [ 31.920428236392191, 52.048316040275928 ], [ 31.920067670479998, 52.04886410046246 ], [ 31.919130199108288, 52.049282356920607 ], [ 31.919216734927215, 52.050580394204509 ], [ 31.919620568748876, 52.050897692207243 ], [ 31.919231157563704, 52.05192169939788 ], [ 31.919880176205655, 52.052585140676314 ], [ 31.920933028669264, 52.052513027493873 ], [ 31.922043571678827, 52.05294570658851 ], [ 31.924380038789845, 52.05482064933193 ], [ 31.92324065050731, 52.058296504725483 ], [ 31.9234858353276, 52.058570534818749 ], [ 31.924711759429066, 52.058584957455238 ], [ 31.925432891253454, 52.059277244006651 ], [ 31.924956944249356, 52.059839726829679 ], [ 31.926182868350821, 52.059724345737777 ], [ 31.927307833996867, 52.059118595005273 ], [ 31.927899162092867, 52.059695500464791 ], [ 31.928894324010525, 52.059753191010742 ], [ 31.933523990323113, 52.059147440278252 ], [ 31.935318913179007, 52.058905491429336 ], [ 31.942725632402333, 52.057907093540287 ], [ 31.943360228407794, 52.058512844272769 ], [ 31.944139050778137, 52.061310835751407 ], [ 31.946158219886431, 52.062262729759603 ], [ 31.953542609768188, 52.0667625923438 ], [ 31.958417460901064, 52.068666380360192 ], [ 31.958677068357844, 52.06973365546029 ], [ 31.959571271820089, 52.070656704195507 ], [ 31.960003950914722, 52.072387420574046 ], [ 31.959196283271407, 52.073973910587704 ], [ 31.95936935490926, 52.075185412052676 ], [ 31.955129099781843, 52.076771902066334 ], [ 31.952885515870648, 52.077312155696774 ], [ 31.951436904840968, 52.07951220299902 ], [ 31.951523440659894, 52.081531372107314 ], [ 31.950167712830041, 52.082512111388482 ], [ 31.946550501970354, 52.081855448493954 ], [ 31.943561223034457, 52.081312779394821 ], [ 31.941369904572465, 52.083867839218328 ], [ 31.93415498066944, 52.092182489153551 ], [ 31.924355633942632, 52.094626357759175 ], [ 31.908050008626514, 52.099970712856965 ], [ 31.904877028599198, 52.101614893416574 ], [ 31.902655942580076, 52.102912930700484 ], [ 31.898588759090515, 52.103879247345169 ], [ 31.896334581898518, 52.104820066397288 ], [ 31.893439877864367, 52.106028220181848 ], [ 31.876709619538513, 52.109619456667303 ], [ 31.865445540441538, 52.112734746148661 ], [ 31.860729338310023, 52.112071304870227 ], [ 31.84847009729538, 52.113167425243304 ], [ 31.840248078824455, 52.107565610460917 ], [ 31.837970417932254, 52.106013797545351 ], [ 31.835737524564536, 52.105805394164364 ], [ 31.831480231512742, 52.105408046812862 ], [ 31.827367056828002, 52.102644507571547 ], [ 31.825941939101426, 52.101687006599008 ], [ 31.821095933241526, 52.100417814588077 ], [ 31.8201812498226, 52.100510109451129 ], [ 31.801942671985728, 52.102350447877448 ], [ 31.794967183658198, 52.106161402539747 ], [ 31.794659240559387, 52.107124340554911 ], [ 31.794096757736362, 52.108710830568576 ], [ 31.790678592888753, 52.111263637226912 ], [ 31.789510359333242, 52.11132132777287 ], [ 31.787909446683095, 52.112417448145948 ], [ 31.785828, 52.112313 ], [ 31.784794157201727, 52.112633787693262 ], [ 31.781823175051503, 52.111908810007009 ], [ 31.780553902075344, 52.107734898832561 ], [ 31.783699376572148, 52.106572793997714 ], [ 31.799630242603204, 52.099312079123685 ], [ 31.803552587933037, 52.097163258224079 ], [ 31.821247772647986, 52.094737557531751 ], [ 31.825345589959827, 52.095186371297025 ], [ 31.828450788656045, 52.095967085589884 ], [ 31.830469296201091, 52.097036720116591 ], [ 31.830923272302179, 52.098111148238665 ], [ 31.833473421399816, 52.100311021457912 ], [ 31.83697935287584, 52.10267430382379 ], [ 31.843301985888253, 52.104235005711523 ], [ 31.847023673878542, 52.107863189920636 ], [ 31.851818653958411, 52.109157319631834 ], [ 31.862012610787882, 52.109622583620187 ], [ 31.865223729150905, 52.109591909493808 ], [ 31.866962991261559, 52.109339458672224 ], [ 31.868375778930368, 52.108594981573148 ], [ 31.872301984059053, 52.107712228308998 ], [ 31.875339469073143, 52.106292635183792 ], [ 31.884460866770372, 52.10575225953739 ], [ 31.885310425620318, 52.105130542600108 ], [ 31.886628691530316, 52.104492122229885 ], [ 31.888067027283274, 52.104802280630118 ], [ 31.89021589588156, 52.104472658050625 ], [ 31.890798975034055, 52.10456608603355 ], [ 31.897219183528414, 52.103254183518551 ], [ 31.898822651197786, 52.101650262137639 ], [ 31.904431619132151, 52.099878874168922 ], [ 31.9053822916634, 52.098975633881956 ], [ 31.90768463516978, 52.09790827583889 ], [ 31.910008897982134, 52.09792053262688 ], [ 31.912428357632457, 52.097262522341964 ], [ 31.916181931618372, 52.096670730954521 ], [ 31.916707970418994, 52.096215187058071 ], [ 31.917598336609249, 52.095853275185256 ], [ 31.918049703259005, 52.095139129633239 ], [ 31.92103758019887, 52.094131479761614 ], [ 31.924011059673958, 52.09231229288163 ], [ 31.92521509049239, 52.092322032613296 ], [ 31.926208357914589, 52.092060567801781 ], [ 31.926732130424657, 52.092581515429409 ], [ 31.928328235529307, 52.092081530697833 ], [ 31.929347435174446, 52.091177712144592 ], [ 31.931212762826867, 52.090581576503098 ], [ 31.932097351198117, 52.089831599405734 ], [ 31.93188151851815, 52.08902264182715 ], [ 31.93261656611168, 52.089312384492175 ], [ 31.93228632429771, 52.088567584781586 ], [ 31.9328280981135, 52.088600867758778 ], [ 31.933808837394668, 52.087947041571326 ], [ 31.935616474501138, 52.086697079742386 ], [ 31.935808776320975, 52.085697110279234 ], [ 31.936424142144457, 52.085235585911619 ], [ 31.936539523236359, 52.083985624082679 ], [ 31.939058677076225, 52.082889503709609 ], [ 31.940962465092614, 52.082658741525805 ], [ 31.941385529096255, 52.081485700424793 ], [ 31.939270209078046, 52.079024237130881 ], [ 31.93892406580234, 52.078024267667729 ], [ 31.94057786145294, 52.077101218932512 ], [ 31.940039416357394, 52.076178170197295 ], [ 31.940962465092614, 52.075370502553973 ], [ 31.938654843254568, 52.074716676366528 ], [ 31.939000986530274, 52.075601264737777 ], [ 31.93769333415538, 52.075293581826038 ], [ 31.936712594874212, 52.07467821600256 ], [ 31.935847236684943, 52.074639755638593 ], [ 31.934251131580293, 52.074178231270984 ], [ 31.933385773391027, 52.072562895984348 ], [ 31.933174241389207, 52.071755228341033 ], [ 31.932289653017953, 52.071389854883343 ], [ 31.930135872635777, 52.070197583600354 ], [ 31.929597427540234, 52.068332255947929 ], [ 31.931078151552981, 52.068120723946109 ], [ 31.930808929005206, 52.066505388659479 ], [ 31.931289683554802, 52.066140015201789 ], [ 31.931558906102573, 52.065697721016164 ], [ 31.929712808632136, 52.065005434464744 ], [ 31.928866680624854, 52.064120846093495 ], [ 31.917597793982385, 52.060197888968823 ], [ 31.916174760515592, 52.05069817906886 ], [ 31.906521209159759, 52.046852142672115 ], [ 31.925059104592069, 52.035967859669327 ], [ 31.951442914273748, 52.041698453900494 ], [ 31.969596206066377, 52.045275267749453 ], [ 31.985057272381301, 52.047121365219887 ], [ 32.042209373236936, 52.029275756338983 ], [ 32.095823120607569, 52.025737402853977 ], [ 32.117899369524885, 52.040198499705738 ], [ 32.130206685994473, 52.044890664109772 ], [ 32.142206319552315, 52.049659749241734 ], [ 32.147898453419501, 52.0625824315348 ], [ 32.170128543792693, 52.064582370461103 ], [ 32.203512139716437, 52.072120601798723 ], [ 32.218819364575481, 52.080735723327429 ], [ 32.243587838970519, 52.085735570643209 ], [ 32.267664026814145, 52.09050465577517 ], [ 32.289894117187337, 52.096119868914428 ], [ 32.301124543465832, 52.105504197722482 ], [ 32.305739787141924, 52.118042276375874 ], [ 32.313124177023674, 52.117965355647939 ], [ 32.329354450617942, 52.123657489515118 ], [ 32.334585060117519, 52.131503403764484 ], [ 32.347969266778193, 52.137657061999271 ], [ 32.362814967269628, 52.138118586366879 ], [ 32.377660667761063, 52.142426147131232 ], [ 32.377891429944867, 52.154502701417016 ], [ 32.366584082938438, 52.159425628004847 ], [ 32.356122863939291, 52.158117975629949 ], [ 32.34673853513123, 52.158271817085819 ], [ 32.343969388925572, 52.159502548732782 ], [ 32.342354053638942, 52.165579286239634 ], [ 32.349353839881019, 52.174117487040412 ], [ 32.352507589726351, 52.181578797650104 ], [ 32.357680508679969, 52.185963279142392 ], [ 32.357315135222272, 52.193905344301676 ], [ 32.345469343120293, 52.203289673109737 ], [ 32.349930745340522, 52.213750892108884 ], [ 32.34116178235594, 52.225365922027059 ], [ 32.351853763538891, 52.232673391180874 ], [ 32.372776201537185, 52.230288848614897 ], [ 32.386545011837541, 52.237057872673176 ], [ 32.397467755204303, 52.236134823937959 ], [ 32.40215991960833, 52.248826744047207 ], [ 32.400621505049628, 52.258903359406681 ], [ 32.4023137610642, 52.278287382846273 ], [ 32.39762159666018, 52.288056315294014 ], [ 32.392852511528211, 52.289363967668905 ], [ 32.386698853293424, 52.290748540771737 ], [ 32.383929707087766, 52.294517656440547 ], [ 32.375468427014923, 52.29736372337414 ], [ 32.373622329544489, 52.2988252172049 ], [ 32.377852969580907, 52.300825156131211 ], [ 32.380160591418957, 52.303748143792738 ], [ 32.373622329544489, 52.308747991108504 ], [ 32.364930287287841, 52.310978692218619 ], [ 32.362391903265994, 52.322055277041244 ], [ 32.391467938425386, 52.32774741090843 ], [ 32.412313455695745, 52.317055429725478 ], [ 32.431312875495664, 52.318516923556253 ], [ 32.438774186105356, 52.320478402118596 ], [ 32.460273529563153, 52.318593844284187 ], [ 32.472580846032734, 52.316901588269616 ], [ 32.486580418516887, 52.308632610016623 ], [ 32.490195692729834, 52.311363295858314 ], [ 32.504926012129374, 52.320824545394302 ], [ 32.524925401392451, 52.320824545394302 ], [ 32.568847137043285, 52.30090207685916 ], [ 32.574577731274438, 52.297902168469712 ], [ 32.588423462302721, 52.299363662300472 ], [ 32.610730473403841, 52.29636375391101 ], [ 32.633422088144641, 52.286364059279471 ], [ 32.657036751620652, 52.274672108633368 ], [ 32.678036110346881, 52.255134243737906 ], [ 32.69095879263994, 52.249134426958982 ], [ 32.701343090911152, 52.240903909069942 ], [ 32.724342388563684, 52.248903664775177 ], [ 32.753033820083409, 52.260057170325759 ], [ 32.76387964272223, 52.252288176804328 ], [ 32.787340464742378, 52.257057261936296 ], [ 32.814031957335793, 52.253941972454925 ], [ 32.821108664305804, 52.256249594292967 ], [ 32.830646834569734, 52.263710904902659 ], [ 32.831800645488762, 52.265672383465002 ], [ 32.835377459337735, 52.267056956567828 ], [ 32.842877230311387, 52.264230119816197 ], [ 32.843819509228588, 52.264307040544132 ], [ 32.844146422322311, 52.26455703290992 ], [ 32.845184852149437, 52.265057017641503 ], [ 32.846107900884654, 52.265037787459519 ], [ 32.845627146335062, 52.265557002373079 ], [ 32.846204051794572, 52.266364670016394 ], [ 32.846223281976556, 52.266999266021855 ], [ 32.84718479107574, 52.267518480935415 ], [ 32.847473243805496, 52.26780693366517 ], [ 32.848223220902867, 52.267883854393105 ], [ 32.848646284906508, 52.268133846758893 ], [ 32.849511643095774, 52.267980005303023 ], [ 32.85001162782735, 52.26886459367428 ], [ 32.851261589656296, 52.269095355858084 ], [ 32.851992336571676, 52.269614570771651 ], [ 32.854107656589889, 52.272460637705237 ], [ 32.873222457481717, 52.268922284220238 ], [ 32.867876466890237, 52.257422635393972 ], [ 32.87576084150357, 52.250499769879823 ], [ 32.883183691749288, 52.243384602545866 ], [ 32.892221877281642, 52.241769267259237 ], [ 32.898221694060567, 52.239653947241024 ], [ 32.906413751585632, 52.240461614884339 ], [ 32.914375046926899, 52.241653886167327 ], [ 32.918874909511096, 52.24288461781429 ], [ 32.934066753278238, 52.253922742272941 ], [ 32.94806632576239, 52.256614967750664 ], [ 32.9643735200846, 52.267230028205702 ], [ 32.970104114315752, 52.268306918396796 ], [ 32.979411522395871, 52.268037695849017 ], [ 32.983526781340395, 52.267383869661572 ], [ 32.986180546454143, 52.268345378760756 ], [ 32.998987847655307, 52.269076125676129 ], [ 33.005218426618043, 52.274460576631576 ], [ 33.013295103051206, 52.276537436285821 ], [ 33.024987053697309, 52.284075667623448 ], [ 33.031871458847469, 52.294921490262276 ], [ 33.034063699593617, 52.298229081563477 ], [ 33.051255482287068, 52.302921245967511 ], [ 33.05529382050365, 52.29945981321044 ], [ 33.062947432933171, 52.297382953556195 ], [ 33.066062722414536, 52.298229081563484 ], [ 33.074716304307216, 52.299805956486146 ], [ 33.082331456372771, 52.302344340508 ], [ 33.098407888511161, 52.307767251827407 ], [ 33.099100175062574, 52.314651656977581 ], [ 33.107984519139066, 52.32184374503953 ], [ 33.119214945417561, 52.322766793774747 ], [ 33.125060920740616, 52.330189644020471 ], [ 33.126291652387572, 52.33353569568564 ], [ 33.136829792114661, 52.34272772267385 ], [ 33.158944501395951, 52.340497021563742 ], [ 33.169905705126673, 52.342112356850379 ], [ 33.170559531314119, 52.352150511845885 ], [ 33.170867214225865, 52.354573514775829 ], [ 33.17186718368901, 52.36165022174584 ], [ 33.191135826036707, 52.375072888770482 ], [ 33.195712609348831, 52.370842248734057 ], [ 33.242980396664827, 52.365996242874168 ], [ 33.245749542870477, 52.366198159785007 ], [ 33.281931130272859, 52.356967672432852 ], [ 33.290315489617768, 52.352429349484694 ], [ 33.304391982829856, 52.348237169812244 ], [ 33.309584131965458, 52.349429441095246 ], [ 33.315237805468676, 52.35127553856568 ], [ 33.322122210618851, 52.351044776381876 ], [ 33.331506539426911, 52.348467931996055 ], [ 33.338890929308668, 52.346314151613882 ], [ 33.355236583994838, 52.352275508028825 ], [ 33.381851155860311, 52.364505903770471 ], [ 33.390043213385383, 52.370082656545755 ], [ 33.393927710146102, 52.360006041186281 ], [ 33.396466094167948, 52.358544547355521 ], [ 33.395619966160666, 52.357159974252689 ], [ 33.392581597407236, 52.356467687701276 ], [ 33.390504737752991, 52.354890812778606 ], [ 33.389658609745709, 52.352583190940564 ], [ 33.391658548672019, 52.350467870922351 ], [ 33.390812420664737, 52.348814075271747 ], [ 33.391389326124248, 52.347852566172563 ], [ 33.395235362520992, 52.348506392360008 ], [ 33.398235270910455, 52.347352581440987 ], [ 33.392850819955008, 52.339737429375447 ], [ 33.394658457061482, 52.336968283169789 ], [ 33.399119859281704, 52.335506789339021 ], [ 33.4003121305647, 52.333852993688424 ], [ 33.397966048362683, 52.332853024225273 ], [ 33.397889127634755, 52.330968466390878 ], [ 33.413821001702701, 52.331236228980259 ], [ 33.425349827507517, 52.331429990758494 ], [ 33.431541946106279, 52.333699152232569 ], [ 33.436387951966175, 52.33323762786496 ], [ 33.443080055296512, 52.334583740603826 ], [ 33.446387646597714, 52.337506728265346 ], [ 33.446810710601355, 52.342006590849543 ], [ 33.446579948417551, 52.34523726142281 ], [ 33.446695329509453, 52.34742950216895 ], [ 33.445426137498529, 52.349814044734934 ], [ 33.439695543267376, 52.352852413488364 ], [ 33.439695543267376, 52.353544700039798 ], [ 33.441387799281948, 52.355275416418337 ], [ 33.459848773986323, 52.359967580822364 ], [ 33.470117691165633, 52.356429227337358 ], [ 33.477809763959129, 52.355467718238167 ], [ 33.483655739282185, 52.352506270212672 ], [ 33.496424580119381, 52.352775492760451 ], [ 33.49903988486917, 52.350660172742238 ], [ 33.506155052203148, 52.352737032396483 ], [ 33.510308771511632, 52.348660233815927 ], [ 33.508385753313263, 52.340006651923247 ], [ 33.492924686998343, 52.337083664261719 ], [ 33.487040251311321, 52.336968283169824 ], [ 33.487847918954643, 52.330353100567422 ], [ 33.486117202576104, 52.326276301986866 ], [ 33.481732721083816, 52.325660936163388 ], [ 33.482540388727131, 52.322507186318056 ], [ 33.474848315933642, 52.3147766531606 ], [ 33.47457909338587, 52.313545921513651 ], [ 33.479502019973708, 52.307084580367125 ], [ 33.497001485578892, 52.301969351959443 ], [ 33.501347506707212, 52.302584717782928 ], [ 33.503924351093033, 52.301969351959443 ], [ 33.515154777371528, 52.303200083606399 ], [ 33.523423755624528, 52.304238513433518 ], [ 33.526577505469874, 52.300546318492643 ], [ 33.543000080883971, 52.298430998474444 ], [ 33.549538342758439, 52.293277309702809 ], [ 33.560576467217096, 52.299854031941237 ], [ 33.571576131311794, 52.309315281477232 ], [ 33.574499118973321, 52.310469092396254 ], [ 33.580422015024311, 52.308507613833918 ], [ 33.589614042012535, 52.317584259730239 ], [ 33.606613522886143, 52.329122368920466 ], [ 33.612997943304741, 52.328199320185249 ], [ 33.615767089510399, 52.329430051832205 ], [ 33.632305046016405, 52.331660752942319 ], [ 33.635689558045542, 52.333353008956891 ], [ 33.652765959647091, 52.336352917346346 ], [ 33.65738120332319, 52.335737551522868 ], [ 33.659688825161233, 52.336429838074281 ], [ 33.669726980156724, 52.336775981350002 ], [ 33.677265211494344, 52.337929792269023 ], [ 33.680880485707291, 52.340237414107072 ], [ 33.686341857390666, 52.349237139275452 ], [ 33.692957039993068, 52.351698602569378 ], [ 33.698033808036776, 52.351775523297313 ], [ 33.700802954242427, 52.353237017128073 ], [ 33.710571886690161, 52.35431390731916 ], [ 33.721956154424539, 52.347929486900568 ], [ 33.748878409201758, 52.351160157473835 ], [ 33.776983320170977, 52.359582977182711 ], [ 33.810674599006447, 52.358659928447494 ], [ 33.832135482100284, 52.357352276072604 ], [ 33.832750847923769, 52.348044867992478 ], [ 33.847211944775538, 52.333814533324521 ], [ 33.831289354093009, 52.319045753561014 ], [ 33.876595662846668, 52.30320008360642 ], [ 33.887826089125163, 52.303815449429898 ], [ 33.89905651540365, 52.302661638510877 ], [ 33.906594746741277, 52.300123254489023 ], [ 33.913286850071614, 52.30104630322424 ], [ 33.921055843593038, 52.29873868138619 ], [ 33.923017322155374, 52.291392751868429 ], [ 33.939324516477576, 52.283085313251448 ], [ 33.941478296859749, 52.275124017910187 ], [ 33.936863053183657, 52.265432006190387 ], [ 33.937786101918874, 52.25873990286005 ], [ 33.932747794239134, 52.2499324795115 ], [ 33.939132214657732, 52.247124872941875 ], [ 33.954093296241069, 52.243509598728934 ], [ 33.960208494111896, 52.23354836446137 ], [ 33.972977334949093, 52.22762546841038 ], [ 33.979592517551488, 52.227663928774348 ], [ 33.996745839880973, 52.212279783187363 ], [ 34.001476464648967, 52.209049112614103 ], [ 34.011684804171537, 52.204136493943523 ], [ 34.023989498278596, 52.201428496747816 ], [ 34.038471718897824, 52.202177832958121 ], [ 34.052292220540984, 52.201020511635889 ], [ 34.052984507092397, 52.198443667250068 ], [ 34.054792144198863, 52.195482219224573 ], [ 34.065176442470083, 52.182790299115311 ], [ 34.060099674426375, 52.178598119442853 ], [ 34.056676702033265, 52.169098409542897 ], [ 34.06106118352556, 52.158175666176135 ], [ 34.090675663780516, 52.14494530097133 ], [ 34.095021684908843, 52.141830011489972 ], [ 34.086675785927902, 52.112753976330566 ], [ 34.083791258630342, 52.106831080279576 ], [ 34.084906609185396, 52.098369800206733 ], [ 34.068791591533611, 52.083448262633915 ], [ 34.05351079978179, 52.069749947697829 ], [ 34.072040148466591, 52.067561980325472 ], [ 34.076005839329007, 52.06106645218874 ], [ 34.084757708818493, 52.0458190545625 ], [ 34.081296276061423, 52.038785081330282 ], [ 34.086294219005978, 52.00944647323864 ], [ 34.092099364962515, 52.00138451405877 ], [ 34.114970461401882, 52.002888741627281 ], [ 34.125910298263754, 52.003025489588055 ], [ 34.135311720566918, 51.996837644363048 ], [ 34.132063956498556, 51.99003443331457 ], [ 34.119278022166242, 51.982034677609334 ], [ 34.123243713028671, 51.97321443413945 ], [ 34.137260379007941, 51.962479719218742 ], [ 34.182182084121997, 51.955232077297744 ], [ 34.204950619590768, 51.929796956593911 ], [ 34.217599805962308, 51.912703461497259 ], [ 34.25165004819489, 51.907712160929044 ], [ 34.237315153106991, 51.876527217027537 ], [ 34.281612471358251, 51.859088498480098 ], [ 34.305956082117, 51.854243708266722 ], [ 34.3184679, 51.8637332 ], [ 34.338074759403639, 51.844705538002778 ], [ 34.328451121664216, 51.834158851528137 ], [ 34.378894025694485, 51.833816981626207 ], [ 34.398722480006619, 51.833269989783112 ], [ 34.401936057084797, 51.831868323185191 ], [ 34.405662439015863, 51.829099176979518 ], [ 34.410619552593893, 51.826535152715017 ], [ 34.409740596959118, 51.8166225751227 ], [ 34.413662194721105, 51.810364706353575 ], [ 34.412465650064334, 51.807595560147917 ], [ 34.413149389868202, 51.804689665981485 ], [ 34.408294837260755, 51.798980438619196 ], [ 34.405628252025679, 51.790707186992407 ], [ 34.408089715319598, 51.782946740218513 ], [ 34.405075185342632, 51.776386889467354 ], [ 34.414482682485755, 51.774981171503462 ], [ 34.420738901691131, 51.769579627052913 ], [ 34.432533413307837, 51.763767838720049 ], [ 34.435439307474269, 51.758605603200856 ], [ 34.433900892915567, 51.753853611563983 ], [ 34.4347555676704, 51.751221213319091 ], [ 34.433935079905758, 51.748076010221304 ], [ 34.438823819503405, 51.741819791015914 ], [ 34.435712803395809, 51.737358388795677 ], [ 34.434567539224332, 51.734555055599827 ], [ 34.417337296166892, 51.73175172240397 ], [ 34.410875955020344, 51.726862982806324 ], [ 34.416042823625503, 51.724854783249988 ], [ 34.415662133647416, 51.723581031747763 ], [ 34.412277621618273, 51.722452861071382 ], [ 34.394307, 51.7242224 ], [ 34.3602666, 51.7242066 ], [ 34.355219534985594, 51.725803186110319 ], [ 34.344621568025644, 51.726555299894599 ], [ 34.323015390223453, 51.725871560090724 ], [ 34.315631000341689, 51.722623796022354 ], [ 34.301204090480098, 51.730520990757014 ], [ 34.280281652481776, 51.718042739336461 ], [ 34.282204525923234, 51.706912647923836 ], [ 34.26954693756106, 51.7053935529649 ], [ 34.263888990684052, 51.709376337322404 ], [ 34.234043748245284, 51.709923329165505 ], [ 34.223383825824982, 51.70498476667585 ], [ 34.216916066158419, 51.707222556940245 ], [ 34.201497733581206, 51.701239833656423 ], [ 34.188745986239084, 51.700556093852569 ], [ 34.186660579837287, 51.696761337941098 ], [ 34.162627125731362, 51.692898208049257 ], [ 34.147311354124746, 51.691052110578816 ], [ 34.143584972193672, 51.692453777176745 ], [ 34.130132391552586, 51.691906785333622 ], [ 34.121380522063085, 51.687770159520227 ], [ 34.112355156652036, 51.684761704383213 ], [ 34.107073266667157, 51.684146338559721 ], [ 34.099928185716756, 51.679086664011116 ], [ 34.092133551952678, 51.676112395864287 ], [ 34.092475421854601, 51.674915851207516 ], [ 34.079450178590939, 51.668728005982523 ], [ 34.075313552777558, 51.664420445218163 ], [ 34.083313308482794, 51.659771014551865 ], [ 34.097398348442454, 51.659941949502837 ], [ 34.10553485210847, 51.649617478464421 ], [ 34.130192218785403, 51.643301432026213 ], [ 34.137405673716202, 51.643438179986987 ], [ 34.141576486519789, 51.644327041732012 ], [ 34.142417014306311, 51.644228566381642 ], [ 34.142969606370166, 51.643241604793367 ], [ 34.146234463933631, 51.642711706445368 ], [ 34.152157020933714, 51.643087437461681 ], [ 34.159541749866385, 51.644950954303027 ], [ 34.170891830610579, 51.642728799940464 ], [ 34.174071220698551, 51.635549531999871 ], [ 34.177216423796324, 51.628199329108305 ], [ 34.178515529423677, 51.594559330758074 ], [ 34.207984714970337, 51.597157542012781 ], [ 34.206480487401826, 51.585397217386287 ], [ 34.21543343449202, 51.572701566036557 ], [ 34.224326096282752, 51.571927543250112 ], [ 34.242445201085225, 51.562355185995983 ], [ 34.248188615437712, 51.554560552231905 ], [ 34.256940484927206, 51.531860390743553 ], [ 34.27423910196503, 51.532202260645477 ], [ 34.283332841356454, 51.529604049390784 ], [ 34.283803208785407, 51.516603324918037 ], [ 34.281221843039994, 51.511927643567859 ], [ 34.273380335775627, 51.50856699759742 ], [ 34.279517167547738, 51.504816711514465 ], [ 34.282439468391601, 51.501017720417444 ], [ 34.28346998000233, 51.493953959458111 ], [ 34.262854834230652, 51.48328067767882 ], [ 34.235300120134823, 51.455862711543759 ], [ 34.248906542231758, 51.446563850211191 ], [ 34.212258088744491, 51.424855111438411 ], [ 34.226753372586472, 51.409607713812179 ], [ 34.226684998606089, 51.399761860636502 ], [ 34.228120852194209, 51.395727795793682 ], [ 34.245214347290883, 51.39894137287186 ], [ 34.255265322407723, 51.394975682009431 ], [ 34.276461256327593, 51.374736983814977 ], [ 34.283743085238768, 51.372036211589695 ], [ 34.288836946777572, 51.372241333530859 ], [ 34.300836580335435, 51.374668609834579 ], [ 34.305417637021343, 51.374155804981683 ], [ 34.306477433717269, 51.373553259279475 ], [ 34.308964537253836, 51.372591750180291 ], [ 34.311759323702141, 51.372463548967062 ], [ 34.31493871379012, 51.371527680110503 ], [ 34.321111602206905, 51.368982886028 ], [ 34.324521754478688, 51.367995736686169 ], [ 34.329886975252144, 51.368008556807482 ], [ 34.335277836268254, 51.365931697153243 ], [ 34.336777790462982, 51.364726605748928 ], [ 34.336341906338021, 51.363829197256351 ], [ 34.332124086422922, 51.362726666822617 ], [ 34.330534391378933, 51.361213892506562 ], [ 34.331649741934001, 51.359880599889024 ], [ 34.335765000878517, 51.35949599624935 ], [ 34.337457256893089, 51.358829349940578 ], [ 34.338239284293763, 51.357431956716425 ], [ 34.337841860532762, 51.355457658032762 ], [ 34.332777912610375, 51.351650081999971 ], [ 34.329431860945213, 51.350150127805243 ], [ 34.325252501394075, 51.347611743783396 ], [ 34.323560245379511, 51.347150219415788 ], [ 34.317355306659422, 51.344073390298384 ], [ 34.314957943972111, 51.342060631250746 ], [ 34.315060504942693, 51.341163222758169 ], [ 34.316791221321232, 51.339804289897984 ], [ 34.318637318791673, 51.33853509788706 ], [ 34.318791160247542, 51.337612049151836 ], [ 34.318098873696123, 51.336906942479104 ], [ 34.311958035582649, 51.335599290104206 ], [ 34.312419559950264, 51.334342918214602 ], [ 34.310893965512868, 51.333509610328619 ], [ 34.310355520417325, 51.331804534192727 ], [ 34.311689258282485, 51.327236156927221 ], [ 34.304599285943524, 51.320381806094375 ], [ 34.301419895855538, 51.321740738954567 ], [ 34.300086603237993, 51.321151013373736 ], [ 34.299932761782117, 51.319997202454708 ], [ 34.302214743377526, 51.317279336734359 ], [ 34.292753493841523, 51.303074642309021 ], [ 34.276779622673686, 51.292331380640768 ], [ 34.27003623885804, 51.291946777001087 ], [ 34.268106810599001, 51.291267310571001 ], [ 34.267876048415197, 51.284139323115696 ], [ 34.261030103628975, 51.281036853755658 ], [ 34.255203802931597, 51.282043570761601 ], [ 34.253466232048687, 51.275729323528118 ], [ 34.245421843846742, 51.276171458076107 ], [ 34.235082178072226, 51.274280649818678 ], [ 34.232106768553372, 51.272718454122341 ], [ 34.231415623373977, 51.271267921307889 ], [ 34.232992498296646, 51.270524354271181 ], [ 34.233731005766884, 51.269101641350581 ], [ 34.233864266546576, 51.268844918377937 ], [ 34.232133550168044, 51.26794750988536 ], [ 34.231261781918121, 51.265191183801015 ], [ 34.235666793700936, 51.264290309474298 ], [ 34.23754364136613, 51.264704019190766 ], [ 34.239492299807146, 51.263639949120979 ], [ 34.244678, 51.263461 ], [ 34.251081689482696, 51.258268318286873 ], [ 34.304810817945281, 51.238217648538487 ], [ 34.328528042391902, 51.236935636406237 ], [ 34.349655602331381, 51.249935239427245 ], [ 34.36729608927115, 51.257883714647207 ], [ 34.390557890166761, 51.256713462683017 ], [ 34.402434775028198, 51.249847138622492 ], [ 34.40584937942586, 51.250812135517485 ], [ 34.414348775154814, 51.266734584284848 ], [ 34.421298862386429, 51.267201466611247 ], [ 34.422922401414162, 51.261167294506045 ], [ 34.42978872547468, 51.254931929953791 ], [ 34.437286009043468, 51.256230964235499 ], [ 34.440663498175937, 51.25905172439009 ], [ 34.454580769008658, 51.258839724803664 ], [ 34.468722638661077, 51.249030602788253 ], [ 34.473844545257577, 51.246664504632264 ], [ 34.483030573392597, 51.243472591825764 ], [ 34.489303053210037, 51.243695283416919 ], [ 34.494963131151813, 51.24445614635335 ], [ 34.504399589657815, 51.242674607681487 ], [ 34.522531885785043, 51.252878551607907 ], [ 34.540996221676579, 51.253174748740136 ], [ 34.551851553874819, 51.247007820835286 ], [ 34.581413862600236, 51.235075263076055 ], [ 34.587472697052007, 51.239264508346388 ], [ 34.594979492027896, 51.240865244445985 ], [ 34.610939056060452, 51.246655225815935 ], [ 34.640631268214044, 51.236634104214083 ], [ 34.65607121853391, 51.231567870515349 ], [ 34.657889866528315, 51.212342163145898 ], [ 34.662758152145969, 51.192553540920983 ], [ 34.681513732822985, 51.178944610350584 ], [ 34.691123006273138, 51.174883032735302 ], [ 34.695082869215156, 51.171597189017461 ], [ 34.703036680529223, 51.171246378465803 ], [ 34.709285631329138, 51.16715876836097 ], [ 34.716314474776624, 51.167047559254286 ], [ 34.721820987784128, 51.166242442966897 ], [ 34.73809372095775, 51.148849040201604 ], [ 34.752669386680509, 51.148006516171378 ], [ 34.7683775, 51.1467185 ], [ 34.7754302, 51.1393892 ], [ 34.785134020182468, 51.135663538989895 ], [ 34.790646157342564, 51.120287475577229 ], [ 34.81036121964965, 51.114853195582334 ], [ 34.860954787664177, 51.108197255743619 ], [ 34.878829325299378, 51.112317908598612 ], [ 34.920361991719695, 51.111634260483015 ], [ 34.928957811618204, 51.110213096581951 ], [ 34.965371549981413, 51.099140228143696 ], [ 34.980704356517968, 51.098625176614995 ], [ 34.992553201433502, 51.098243286592712 ], [ 35.027056012868556, 51.104464409616348 ], [ 35.027616902865844, 51.104409758796102 ], [ 35.040695093786859, 51.104924793037732 ], [ 35.046029377003592, 51.104888004877616 ], [ 35.053313432706432, 51.10428100023573 ], [ 35.067237751310103, 51.099535327580845 ], [ 35.07772130838503, 51.10668899654523 ], [ 35.0794874, 51.1068271 ], [ 35.0839505, 51.1134207 ], [ 35.100114748472535, 51.117648147124335 ], [ 35.131110465314244, 51.114573361585762 ], [ 35.1479072, 51.1111779 ], [ 35.1438142, 51.1021857 ], [ 35.144134153740254, 51.096403447860368 ], [ 35.142139231101119, 51.09347517235009 ], [ 35.138201076263286, 51.089479903535761 ], [ 35.139348695042436, 51.086952935262445 ], [ 35.139240433107524, 51.075145160004446 ], [ 35.141604928770974, 51.067152890907479 ], [ 35.188912535808626, 51.046465493214939 ], [ 35.205308832839222, 51.045503898629775 ], [ 35.226817506045002, 51.0477203702333 ], [ 35.23997843974167, 51.050772586771465 ], [ 35.27208683504098, 51.050069548009432 ], [ 35.30634219921469, 51.048223450538998 ], [ 35.326434027706526, 51.061246394389414 ], [ 35.364494269533537, 51.062017901082008 ], [ 35.381948511746181, 51.058221115204049 ], [ 35.395057438766372, 51.044018450745227 ], [ 35.389211463443317, 51.035659731642959 ], [ 35.364799602541083, 51.014905845843991 ], [ 35.343930794932255, 51.014891135100505 ], [ 35.327392838426235, 51.009327202446535 ], [ 35.336751526991662, 50.999301867572335 ], [ 35.308470339354237, 50.992686684969932 ], [ 35.296871, 50.998282 ], [ 35.274312328561585, 50.978250486063232 ], [ 35.264323957652515, 50.971681865541541 ], [ 35.250574671461834, 50.959149247590275 ], [ 35.247055896147302, 50.954047482474827 ], [ 35.255639031395944, 50.951171554984974 ], [ 35.266208519935553, 50.951556156647833 ], [ 35.282676255253371, 50.949200833444024 ], [ 35.286428364803847, 50.943751281520562 ], [ 35.287615178610629, 50.938815215005995 ], [ 35.2945645, 50.9328745 ], [ 35.297220924274029, 50.932422445468049 ], [ 35.298393484416344, 50.930319376292516 ], [ 35.29867726596013, 50.929145676674338 ], [ 35.29971751002163, 50.92776735329285 ], [ 35.302370132378442, 50.926935158043655 ], [ 35.307432301582018, 50.926202759095055 ], [ 35.311654310627311, 50.923970462468382 ], [ 35.31578928077176, 50.922202047563836 ], [ 35.315607238060998, 50.920251589948535 ], [ 35.316153366193284, 50.917755004200934 ], [ 35.319092055667028, 50.915596497773343 ], [ 35.323273, 50.913717 ], [ 35.33838, 50.917613 ], [ 35.347542730748991, 50.907326557484431 ], [ 35.362601, 50.900039 ], [ 35.365520496996226, 50.893014380072472 ], [ 35.362247221659977, 50.887087523559671 ], [ 35.360363738806917, 50.875547101405687 ], [ 35.377865845141621, 50.855262342206494 ], [ 35.377241698704715, 50.851309414772793 ], [ 35.377709808532394, 50.849514993766711 ], [ 35.379426211233863, 50.847798591065242 ], [ 35.381621951620396, 50.84076824729835 ], [ 35.383903933215798, 50.819563766630942 ], [ 35.374772350578823, 50.816940787986361 ], [ 35.371551107469386, 50.81480360694875 ], [ 35.366648049915732, 50.806589803852582 ], [ 35.369219, 50.798333 ], [ 35.378955366385334, 50.795718340971092 ], [ 35.380263018760225, 50.793333798405108 ], [ 35.387083323303791, 50.789180079096617 ], [ 35.383099709611969, 50.785853277124438 ], [ 35.3754811135069, 50.777731710755525 ], [ 35.370558186919062, 50.775116406005736 ], [ 35.370558186919062, 50.767885857579849 ], [ 35.372865808757112, 50.767693555760012 ], [ 35.375558034234835, 50.764424424822778 ], [ 35.375904177510542, 50.757078495304995 ], [ 35.378478813424536, 50.753119305910047 ], [ 35.378827165172069, 50.735425310391292 ], [ 35.377711814617015, 50.730387002711566 ], [ 35.374942668411357, 50.726771728498619 ], [ 35.375865467155975, 50.708287156332105 ], [ 35.382942424116578, 50.704503177761431 ], [ 35.385089857941864, 50.694685292069522 ], [ 35.392230445809595, 50.695509361612288 ], [ 35.393149219592473, 50.689574467456637 ], [ 35.385528472672704, 50.683931370682664 ], [ 35.38536542704658, 50.670209353223825 ], [ 35.387750147472097, 50.667406332148119 ], [ 35.389647347568285, 50.651620177306206 ], [ 35.403800761508329, 50.620339081279312 ], [ 35.419031065639459, 50.603980606471794 ], [ 35.409031371007913, 50.596442375134167 ], [ 35.39395490833266, 50.591468168061034 ], [ 35.387698689127284, 50.57972493692963 ], [ 35.411979998912081, 50.567750943614428 ], [ 35.418749022970353, 50.566545852210119 ], [ 35.436235668454245, 50.545084969116246 ], [ 35.432287071086918, 50.529957225955698 ], [ 35.441312436497952, 50.524265092088491 ], [ 35.454891270245263, 50.510564495995744 ], [ 35.455983862916568, 50.502797015413222 ], [ 35.462952801290342, 50.503393934575456 ], [ 35.468011624396269, 50.492504795513135 ], [ 35.472029447186664, 50.488471313356079 ], [ 35.490746824317512, 50.481189484444904 ], [ 35.508515512470488, 50.475933234702673 ], [ 35.511412859889383, 50.473164088497015 ], [ 35.529617432167328, 50.465266893762355 ], [ 35.533450648442738, 50.460343967174516 ], [ 35.537783849449745, 50.459087595284906 ], [ 35.539783788376056, 50.458779912373167 ], [ 35.541000547495081, 50.457442432907456 ], [ 35.554347446198413, 50.452754455351595 ], [ 35.563449732337382, 50.447882809249052 ], [ 35.567347049219407, 50.448036650704914 ], [ 35.579643094027908, 50.442489110009411 ], [ 35.579381480456583, 50.433543110904004 ], [ 35.573035086131057, 50.426736091183884 ], [ 35.570144082676187, 50.413018574790861 ], [ 35.571766584615141, 50.403018062839827 ], [ 35.582098971962779, 50.39000117228408 ], [ 35.59788886583236, 50.369668272985393 ], [ 35.60334594989299, 50.364193057255783 ], [ 35.610730339774747, 50.359270130667937 ], [ 35.616576315097809, 50.352090862727351 ], [ 35.648780459859928, 50.347219216624801 ], [ 35.69390728691512, 50.349988362830445 ], [ 35.729136980309342, 50.348706350698215 ], [ 35.739393077367325, 50.353603637043399 ], [ 35.743969860679456, 50.357872737443806 ], [ 35.756238716785091, 50.359167569697384 ], [ 35.757251506369556, 50.368244215593705 ], [ 35.768830507614886, 50.374650091438845 ], [ 35.802475297821843, 50.394960865711099 ], [ 35.808928430533605, 50.404555752177345 ], [ 35.808006366685319, 50.41262747561219 ], [ 35.817903500346283, 50.425601438390558 ], [ 35.83640003132885, 50.423204100378818 ], [ 35.853287035196381, 50.427344974890396 ], [ 35.858839877351379, 50.4218242660423 ], [ 35.872824900091871, 50.420319548405665 ], [ 35.887029594517195, 50.430883328375401 ], [ 35.899090123651291, 50.431771121776976 ], [ 35.91507071474976, 50.430257610539009 ], [ 35.920358704925313, 50.430501929766045 ], [ 35.934589039593284, 50.427771243924347 ], [ 35.947027762306483, 50.426473206640459 ], [ 35.986103492097456, 50.428268023625613 ], [ 35.990975138199993, 50.436780584183751 ], [ 36.029743185079226, 50.439652291359984 ], [ 36.067357421039432, 50.445805949594792 ], [ 36.073177756119847, 50.447216162940265 ], [ 36.082087740438993, 50.447498205609342 ], [ 36.120729053148686, 50.433908287254781 ], [ 36.137592010800624, 50.426772966227738 ], [ 36.146014270865585, 50.429899969964644 ], [ 36.148027648271672, 50.430040095132107 ], [ 36.149237149717081, 50.426500090901648 ], [ 36.14994515056317, 50.424258088222359 ], [ 36.152688653841771, 50.419626582687513 ], [ 36.163889729567387, 50.406720604712618 ], [ 36.18214558233062, 50.398310605125062 ], [ 36.185709576058272, 50.390310849419826 ], [ 36.196427197483878, 50.386131489868696 ], [ 36.207319375110423, 50.384897615919037 ], [ 36.210221648026881, 50.382157252258715 ], [ 36.21304572597105, 50.377161281939649 ], [ 36.211540736177312, 50.365197532741327 ], [ 36.205930343636162, 50.363003725401512 ], [ 36.2051072, 50.3606824 ], [ 36.202046225723052, 50.35861611072189 ], [ 36.1949808, 50.3566988 ], [ 36.191709392837204, 50.346645516195387 ], [ 36.192273478175395, 50.34013289456356 ], [ 36.20458079464499, 50.337671431269648 ], [ 36.231746946427911, 50.351947321520633 ], [ 36.242400152546367, 50.353722223165413 ], [ 36.264399480735761, 50.349594144099562 ], [ 36.280168229962442, 50.339030364129819 ], [ 36.282655333498994, 50.335876614284494 ], [ 36.280796415907226, 50.323133413689916 ], [ 36.277059682561841, 50.317062566412567 ], [ 36.27929646171247, 50.313197819665 ], [ 36.286347528439848, 50.304480137165704 ], [ 36.287504684852117, 50.290481453183773 ], [ 36.319192679268092, 50.28899343060813 ], [ 36.351730147184583, 50.284301266204103 ], [ 36.35188731345572, 50.27170157068042 ], [ 36.356179725405546, 50.265177398276059 ], [ 36.363997959674279, 50.261292164793886 ], [ 36.387989966047641, 50.254840825870815 ], [ 36.406764183573436, 50.25316493810039 ], [ 36.416541486662034, 50.250365632750906 ], [ 36.439093519145906, 50.244602469821984 ], [ 36.451970675805185, 50.24702035339827 ], [ 36.463547245359408, 50.245610140052797 ], [ 36.466957397631191, 50.240917975648763 ], [ 36.467601334080477, 50.236687486679173 ], [ 36.466265111079764, 50.22902090306151 ], [ 36.458111513918652, 50.228226055539508 ], [ 36.458419196830391, 50.225379988605908 ], [ 36.455778251837955, 50.224226177686887 ], [ 36.455932093293825, 50.221918555848838 ], [ 36.459060202896517, 50.219816055951945 ], [ 36.494242450364574, 50.210007867871198 ], [ 36.533237424868489, 50.233751527829504 ], [ 36.562877545366106, 50.232931040064841 ], [ 36.569525, 50.230051 ], [ 36.577569404401693, 50.22441847950671 ], [ 36.582441050504244, 50.222931345433302 ], [ 36.588016089493152, 50.22212871754644 ], [ 36.652336351954482, 50.217136650595521 ], [ 36.662592449012486, 50.221290369903997 ], [ 36.665746198857818, 50.222828784462706 ], [ 36.680720100562496, 50.233956649770633 ], [ 36.680728586290186, 50.24042204412801 ], [ 36.682281289857976, 50.245410331872812 ], [ 36.682258515121205, 50.259853294842074 ], [ 36.698675745582634, 50.263320555387573 ], [ 36.699127549613827, 50.263742675571066 ], [ 36.704035, 50.264214 ], [ 36.733499410140382, 50.258832520014856 ], [ 36.73749613810859, 50.258199273063745 ], [ 36.74507254417005, 50.255488436587278 ], [ 36.749694846950675, 50.252188562726431 ], [ 36.754577805903132, 50.248899572158898 ], [ 36.756280759559154, 50.247821711674916 ], [ 36.760034208433645, 50.245065833819524 ], [ 36.762171589042723, 50.243276650385823 ], [ 36.763457492823797, 50.243298876678985 ], [ 36.765594873432882, 50.242687649840839 ], [ 36.768079795604415, 50.241965280744914 ], [ 36.769991274197899, 50.240520509710464 ], [ 36.772476196369425, 50.239709196007354 ], [ 36.776507678493886, 50.239264634697548 ], [ 36.778158500915538, 50.238920096830881 ], [ 36.780348012758985, 50.239231292432187 ], [ 36.781825064399413, 50.23952025795726 ], [ 36.785109332164595, 50.240120411527805 ], [ 36.786099825617583, 50.239975930803226 ], [ 36.787411067093771, 50.23993886085065 ], [ 36.788063435445423, 50.240342688710534 ], [ 36.789540487085858, 50.240476054522681 ], [ 36.79070742643168, 50.240367617382148 ], [ 36.793189673491604, 50.240098183752501 ], [ 36.79475361052264, 50.239875905429649 ], [ 36.797655582569121, 50.239764765879563 ], [ 36.800140504740654, 50.240442713104599 ], [ 36.800766079553057, 50.240676102541265 ], [ 36.802434279052825, 50.240998400360908 ], [ 36.803633297443291, 50.241576308235715 ], [ 36.804554282583794, 50.241920826904533 ], [ 36.804950287196725, 50.24222013631033 ], [ 36.805510021880536, 50.242643196674123 ], [ 36.806066088380469, 50.242687649840839 ], [ 36.807982405952473, 50.24252872579298 ], [ 36.809020191661311, 50.242832122346321 ], [ 36.810010685114307, 50.243265537235366 ], [ 36.811088063957911, 50.243365555496226 ], [ 36.816972407821694, 50.238979801518141 ], [ 36.827123432307864, 50.238171496188478 ], [ 36.8404487, 50.2324275 ], [ 36.8438826, 50.2278474 ], [ 36.8663947, 50.2330157 ], [ 36.881390899999985, 50.2350842 ], [ 36.8876013, 50.2281568 ], [ 36.8911319, 50.2206214 ], [ 36.890685997555458, 50.21902524436581 ], [ 36.890072019773733, 50.216691502527254 ], [ 36.890127002858662, 50.215940928126216 ], [ 36.890531668072569, 50.215577293468172 ], [ 36.890356099045881, 50.213079254895156 ], [ 36.890695161402952, 50.212774312382692 ], [ 36.891290811489711, 50.212668754905074 ], [ 36.893765050311636, 50.212498689588863 ], [ 36.895982701403881, 50.212592518803802 ], [ 36.897448917002045, 50.212598383123613 ], [ 36.897962092461405, 50.21422863607939 ], [ 36.898502759463234, 50.216040614468838 ], [ 36.89845759563196, 50.217524129676399 ], [ 36.8986478, 50.219379399999987 ], [ 36.8938042, 50.2282419 ], [ 36.8919396, 50.2384297 ], [ 36.903818557279152, 50.23759796718106 ], [ 36.911116568393048, 50.25023435953856 ], [ 36.916875541079065, 50.24947847693074 ], [ 36.922432857716288, 50.250020421475838 ], [ 36.929159784128046, 50.254527287789308 ], [ 36.931371424830779, 50.253772267593739 ], [ 36.9299834, 50.2480292 ], [ 36.924619724805751, 50.246577826900825 ], [ 36.926000411160686, 50.243327290460215 ], [ 36.9372584, 50.2453618 ], [ 36.938738159169787, 50.242061396581974 ], [ 36.937821225287074, 50.241893479857055 ], [ 36.932341793622768, 50.24086579927117 ], [ 36.928195269320554, 50.23908662100866 ], [ 36.9309022, 50.235776499999986 ], [ 36.937005328427588, 50.235147381635343 ], [ 36.9518668, 50.243589299999989 ], [ 36.953612402990146, 50.2475565902038 ], [ 36.952326333242873, 50.249809212410888 ], [ 36.953021276059538, 50.252300765095484 ], [ 36.956044752294758, 50.254546522757067 ], [ 36.958225479257507, 50.260248547093433 ], [ 36.966012892221052, 50.263823277901743 ], [ 36.970326207733137, 50.268223705268653 ], [ 37.00281854984209, 50.270810682196206 ], [ 36.9943329, 50.2845288 ], [ 36.994156084798682, 50.293550482324996 ], [ 37.002524003802378, 50.29789481011985 ], [ 37.0129089, 50.30209 ], [ 37.013828318397501, 50.302374824649782 ], [ 37.014318559637772, 50.302380039982125 ], [ 37.015012198839429, 50.302098412035591 ], [ 37.0162378019401, 50.302046258712153 ], [ 37.017056609117986, 50.302223580011812 ], [ 37.018214412898189, 50.302802481901921 ], [ 37.022876920013083, 50.305431009402938 ], [ 37.024837884974154, 50.305514454720431 ], [ 37.024817023644779, 50.304659140216131 ], [ 37.026871864588031, 50.303876840364644 ], [ 37.034611417785449, 50.307944799592384 ], [ 37.0369172, 50.3097476 ], [ 37.049019120172211, 50.311280649590891 ], [ 37.060185124102347, 50.314268200671272 ], [ 37.057169211522009, 50.319487955366576 ], [ 37.057711822924404, 50.322946982789617 ], [ 37.056826866328429, 50.324514726765244 ], [ 37.054288576054518, 50.326065659083426 ], [ 37.05185198871245, 50.332150441900353 ], [ 37.05301633120947, 50.333467230573298 ], [ 37.05948856218815, 50.331703849769085 ], [ 37.065117503667715, 50.331403935132819 ], [ 37.080015, 50.3154913 ], [ 37.078724006360638, 50.311754947381267 ], [ 37.078022707292988, 50.304939759005954 ], [ 37.075379349268793, 50.291093597926832 ], [ 37.081277697949204, 50.264853896671099 ], [ 37.107340468602324, 50.263602398041513 ], [ 37.148392391391646, 50.273652567931187 ], [ 37.14565333704288, 50.288489904539922 ], [ 37.147111026410577, 50.305121724091975 ], [ 37.152535547352009, 50.305984716059932 ], [ 37.157508024881658, 50.310833909022726 ], [ 37.176802059593783, 50.318292625317206 ], [ 37.189377085412559, 50.325319845627689 ], [ 37.19903437648253, 50.332182686515701 ], [ 37.2269645, 50.3382493 ], [ 37.22455428182063, 50.349730189864125 ], [ 37.217072, 50.3586516 ], [ 37.220505057335217, 50.37022217339161 ], [ 37.222764077491149, 50.371086680361223 ], [ 37.225544409990761, 50.371773841331823 ], [ 37.232703766177266, 50.371729508666292 ], [ 37.235762131926847, 50.373635775879237 ], [ 37.238438201957713, 50.374389395279806 ], [ 37.24090574705113, 50.374145578548415 ], [ 37.242156896675951, 50.374987849217156 ], [ 37.244867720863084, 50.377736207389006 ], [ 37.256545117361455, 50.385049610685407 ], [ 37.260124795454701, 50.386955342678853 ], [ 37.261688732485744, 50.387553638089976 ], [ 37.266137264485117, 50.387553638089976 ], [ 37.280108435295674, 50.390367741173606 ], [ 37.287441562263403, 50.391719337612791 ], [ 37.292793702325163, 50.393292458718214 ], [ 37.295400264043543, 50.394355947640236 ], [ 37.298736663043073, 50.395928981262884 ], [ 37.311595700853786, 50.398875509417067 ], [ 37.310761601103891, 50.401378806722207 ], [ 37.313298654509801, 50.401157281319421 ], [ 37.316287511946889, 50.403594003804969 ], [ 37.320631781477537, 50.413804723558485 ], [ 37.317295382478001, 50.421599713665771 ], [ 37.31958915679018, 50.424101810665114 ], [ 37.322751785008485, 50.425253173723078 ], [ 37.327582612726552, 50.424389654053854 ], [ 37.341240996130914, 50.428862072685149 ], [ 37.34833084400492, 50.427511535339697 ], [ 37.349651501942247, 50.429017049916773 ], [ 37.377543963034512, 50.426919075570382 ], [ 37.384162068742675, 50.422073581091695 ], [ 37.422690997381636, 50.428318401167715 ], [ 37.4579078, 50.4157914 ], [ 37.450433774704393, 50.392906923987397 ], [ 37.455118803243494, 50.37579078812643 ], [ 37.469817798144007, 50.363523205916231 ], [ 37.47838163918744, 50.350292840711404 ], [ 37.506688467067519, 50.336036865800793 ], [ 37.516749288447663, 50.330621790681079 ], [ 37.566511810743656, 50.314658172622352 ], [ 37.569045537180138, 50.30008924561249 ], [ 37.58827571916386, 50.304396806376815 ], [ 37.604429072030207, 50.310037659758713 ], [ 37.625146388087359, 50.30808900131769 ], [ 37.621505473631771, 50.297217538436222 ], [ 37.611557059485506, 50.282243636731543 ], [ 37.618610601402139, 50.26639148875924 ], [ 37.604092670013053, 50.262037192548853 ], [ 37.588818169560035, 50.252056655562548 ], [ 37.571568316179189, 50.247031488191084 ], [ 37.555393558702328, 50.250667486697836 ], [ 37.551600523715216, 50.248420657055796 ], [ 37.526474686857952, 50.254508840601964 ], [ 37.507345360167143, 50.254233991383515 ], [ 37.498430947079434, 50.252581951185775 ], [ 37.489780479972076, 50.253444943153703 ], [ 37.486061395538748, 50.250547755832706 ], [ 37.487376430918488, 50.246684839404729 ], [ 37.498369304796007, 50.244773928618542 ], [ 37.49810218823449, 50.239349407677132 ], [ 37.488662699854487, 50.234993155283405 ], [ 37.480542783000423, 50.228593408249765 ], [ 37.482148630817917, 50.226870358604842 ], [ 37.486986029790131, 50.22825379666056 ], [ 37.492944783854576, 50.224308690521347 ], [ 37.518567426331714, 50.223486793409009 ], [ 37.509065230621246, 50.210121883833672 ], [ 37.508355354710908, 50.204562612397424 ], [ 37.52259472218217, 50.203843452424117 ], [ 37.530125354473959, 50.206555712894819 ], [ 37.535385495992912, 50.211651474991314 ], [ 37.54777901953269, 50.216942437651987 ], [ 37.558874630549255, 50.224065545958901 ], [ 37.584125194743201, 50.208672307931351 ], [ 37.5856196, 50.2033828 ], [ 37.593038153852113, 50.202696221038067 ], [ 37.615106091318381, 50.202203082770673 ], [ 37.627095046528389, 50.191784860679988 ], [ 37.620838827322999, 50.182913336724795 ], [ 37.604022813566594, 50.168594841045255 ], [ 37.599736907626152, 50.147747743937153 ], [ 37.602434963903249, 50.13678191284567 ], [ 37.608726779178284, 50.12995738094552 ], [ 37.619178649329605, 50.134339607895676 ], [ 37.626279393787463, 50.131510856038481 ], [ 37.635248643689465, 50.132671281261906 ], [ 37.6483517, 50.1410936 ], [ 37.6578438, 50.1377879 ], [ 37.648003929139314, 50.117516207766819 ], [ 37.658606904739067, 50.096082655007493 ], [ 37.6715642, 50.0772197 ], [ 37.683364918067333, 50.078003007527151 ], [ 37.6892921, 50.0837878 ], [ 37.695597132070276, 50.085116320224962 ], [ 37.706840077203445, 50.084602015690614 ], [ 37.720143487087043, 50.078083204670719 ], [ 37.734917017439948, 50.06468587504925 ], [ 37.747483285655903, 50.065422768617871 ], [ 37.755226044597521, 50.059844769546018 ], [ 37.753123926050598, 50.050268184450687 ], [ 37.759631093025554, 50.028267982498512 ], [ 37.765654917781902, 50.019956774594498 ], [ 37.764834430017245, 50.006053353020242 ], [ 37.765141685599524, 50.003954326917146 ], [ 37.758321426409125, 49.991423543684405 ], [ 37.744407017366292, 49.976190954057813 ], [ 37.744502419859927, 49.974391205861934 ], [ 37.743203604275898, 49.971192518577944 ], [ 37.742405011113313, 49.97036918755618 ], [ 37.732559774587735, 49.96654173910418 ], [ 37.727252244360223, 49.966926342743861 ], [ 37.726712520977266, 49.960689089919796 ], [ 37.729277823529166, 49.955747196950654 ], [ 37.744342773934299, 49.949395936243796 ], [ 37.751405352931798, 49.938568234378501 ], [ 37.7544309015639, 49.928773661688112 ], [ 37.759997, 49.926 ], [ 37.754163342381013, 49.919986306353778 ], [ 37.745617, 49.91625 ], [ 37.73909803646221, 49.903235980013704 ], [ 37.70915023305286, 49.897313083962707 ], [ 37.704406788163539, 49.896979760808321 ], [ 37.701435, 49.894755 ], [ 37.697048038524422, 49.896646437653935 ], [ 37.692458435090963, 49.896595157168647 ], [ 37.684850496349014, 49.898623699131171 ], [ 37.682715142885868, 49.898107931484702 ], [ 37.678920386974411, 49.896441315712785 ], [ 37.670639582241392, 49.885611736327043 ], [ 37.665252499733732, 49.890116939645331 ], [ 37.6546390771896, 49.89136454766907 ], [ 37.64945974817531, 49.893415767080668 ], [ 37.644603, 49.892198 ], [ 37.644510904688154, 49.875237254220153 ], [ 37.634601227562541, 49.872249746777214 ], [ 37.627953137533289, 49.864422420752959 ], [ 37.637637322461202, 49.863005775388011 ], [ 37.643450144819568, 49.859291948252235 ], [ 37.660859532950624, 49.855054314242054 ], [ 37.653326980054324, 49.841008858753938 ], [ 37.650744148080534, 49.831551604107354 ], [ 37.664533532050875, 49.82439670033186 ], [ 37.667027465424255, 49.815640974777004 ], [ 37.66362976156735, 49.813189946336166 ], [ 37.645482050258188, 49.820528562662382 ], [ 37.639734069982978, 49.82732491669848 ], [ 37.629105489570293, 49.825668736283085 ], [ 37.612871001463951, 49.827446928542223 ], [ 37.599551015866822, 49.825251182008927 ], [ 37.597460683454862, 49.821853279581227 ], [ 37.599143275132121, 49.816713598814964 ], [ 37.610132702024188, 49.814118107023482 ], [ 37.609501730145219, 49.81201446906212 ], [ 37.615022734086196, 49.806178091497934 ], [ 37.6118941651863, 49.803700811550065 ], [ 37.601454654807775, 49.802288246633388 ], [ 37.593756321029041, 49.797207166615969 ], [ 37.588929545351128, 49.789630474914375 ], [ 37.594666549642938, 49.783162723707164 ], [ 37.597384415363308, 49.784213973655604 ], [ 37.607281549024243, 49.779188486097198 ], [ 37.624636414099434, 49.771969994443594 ], [ 37.625409200574232, 49.765394035554195 ], [ 37.620691395927544, 49.752061109378786 ], [ 37.620999078839283, 49.748548396136449 ], [ 37.628306547993105, 49.742612679964125 ], [ 37.623434901890562, 49.740625561159149 ], [ 37.622268270850213, 49.739676872181299 ], [ 37.620601655078282, 49.739971734971718 ], [ 37.619661512847969, 49.73870681633457 ], [ 37.619849541294037, 49.734877873432922 ], [ 37.620244781562604, 49.73376932726238 ], [ 37.620105943720482, 49.732946308487001 ], [ 37.614475125149923, 49.732523077205627 ], [ 37.596158695399211, 49.735673323108706 ], [ 37.582972666119211, 49.724759971230206 ], [ 37.591457245938514, 49.719356979885198 ], [ 37.592448668654121, 49.718604866100947 ], [ 37.595303282335266, 49.717664723870605 ], [ 37.599267832228939, 49.717039782994277 ], [ 37.600401868153106, 49.716402435051769 ], [ 37.600704826785801, 49.715528036983542 ], [ 37.607063606961752, 49.714673362228716 ], [ 37.609815659672314, 49.712946919223953 ], [ 37.609439602780185, 49.7091350698174 ], [ 37.6168622, 49.7098785 ], [ 37.622282963048448, 49.709754157094643 ], [ 37.624206378311008, 49.721754729341065 ], [ 37.62533655322008, 49.725835414526856 ], [ 37.62967495792612, 49.730852728909383 ], [ 37.64978594903998, 49.750034105752029 ], [ 37.654653, 49.751657 ], [ 37.664417980842714, 49.745065596510607 ], [ 37.67599597485485, 49.741715271471669 ], [ 37.680030039697655, 49.740438957171122 ], [ 37.684998548939078, 49.735926274465605 ], [ 37.698042105839264, 49.726898388667458 ], [ 37.702489999644683, 49.720702586184672 ], [ 37.70784119314758, 49.720926400361598 ], [ 37.7223094, 49.7195513 ], [ 37.72955771960109, 49.724746932881189 ], [ 37.733176804487449, 49.724457870347834 ], [ 37.737958103162953, 49.724305518101467 ], [ 37.748433487549953, 49.722543174579229 ], [ 37.753437680599042, 49.710738800183172 ], [ 37.7408699, 49.6953195 ], [ 37.706810406813482, 49.688936240359951 ], [ 37.703575102051509, 49.689336378422368 ], [ 37.701957449670509, 49.67980912026006 ], [ 37.694022848441563, 49.671177668535655 ], [ 37.68325644451609, 49.670931813450792 ], [ 37.679011614804132, 49.670372807157655 ], [ 37.670728311616728, 49.667243122188729 ], [ 37.664456018446494, 49.661004227200856 ], [ 37.663661374858158, 49.657964396062965 ], [ 37.68207497089066, 49.658809551349606 ], [ 37.690525581128909, 49.656277352197201 ], [ 37.6889834, 49.6494299 ], [ 37.6984734, 49.6344566 ], [ 37.69861510726826, 49.631912058365288 ], [ 37.701923687989051, 49.631967851113721 ], [ 37.730944352997355, 49.640749407811583 ], [ 37.756113120924951, 49.627868924302732 ], [ 37.761452478189604, 49.62478965453797 ], [ 37.786250246019549, 49.620237739851149 ], [ 37.790620081637506, 49.610783112572648 ], [ 37.785851459717122, 49.60879489935629 ], [ 37.779034062499328, 49.602076254979899 ], [ 37.781857240797279, 49.598749579915435 ], [ 37.780567216084037, 49.593307900250011 ], [ 37.770475212126271, 49.577228375010776 ], [ 37.761569740416846, 49.576085932786157 ], [ 37.747801568562132, 49.572174382278348 ], [ 37.734724319362307, 49.570479053587277 ], [ 37.718363571991951, 49.564904744570939 ], [ 37.713092533049348, 49.563707954213491 ], [ 37.707792, 49.560963 ], [ 37.701465, 49.559861 ], [ 37.699033, 49.556859 ], [ 37.69053, 49.526754 ], [ 37.692598092117144, 49.500093893060395 ], [ 37.6965882, 49.4983353 ], [ 37.7105618, 49.5069669 ], [ 37.71964, 49.507401 ], [ 37.725929556621566, 49.489769566671868 ], [ 37.73894404932372, 49.482352569437182 ], [ 37.749147587297095, 49.471715338822186 ], [ 37.75289666149213, 49.466581990486162 ], [ 37.739814969104486, 49.465381214242733 ], [ 37.7366809, 49.4636252 ], [ 37.6850251, 49.4669086 ], [ 37.680569637963345, 49.463058965904679 ], [ 37.676134622092896, 49.462669661850498 ], [ 37.666744595453125, 49.450544675995268 ], [ 37.65159937401819, 49.439816640271737 ], [ 37.65170231976807, 49.431703845844289 ], [ 37.677714820750737, 49.407636204748187 ], [ 37.691237674649422, 49.411404370778371 ], [ 37.714514670749139, 49.411894509339561 ], [ 37.744642579078906, 49.401616756968373 ], [ 37.762650151103493, 49.396248069603118 ], [ 37.768574659765036, 49.399247679495502 ], [ 37.783312507499318, 49.395705762874272 ], [ 37.846102542673933, 49.372226683825303 ], [ 37.853662, 49.370241 ], [ 37.89020558382844, 49.374577727184501 ], [ 37.901639749363191, 49.374089986436893 ], [ 37.924253673782971, 49.373721877007576 ], [ 37.928564453125489, 49.373123693305295 ], [ 37.937758426772383, 49.368190700949313 ], [ 37.948846316589446, 49.358024046544323 ], [ 37.935955747562204, 49.344451049761972 ], [ 37.941002, 49.335679 ], [ 37.96044882675848, 49.329347997205474 ], [ 37.96166436418757, 49.325731773353908 ], [ 37.958339453611515, 49.311086306918149 ], [ 37.951913330088892, 49.293366725452699 ], [ 37.958546747918689, 49.285248242985347 ], [ 37.98234369470007, 49.279298243562422 ], [ 38.003797930323621, 49.282261116045845 ], [ 38.002092796016548, 49.262503481609428 ], [ 37.991853280676423, 49.256766275058339 ], [ 37.9844507812358, 49.257810551331779 ], [ 37.969550163258816, 49.254288560958756 ], [ 37.971282304095283, 49.251568795961148 ], [ 37.963047038013165, 49.251112969425243 ], [ 37.93967073382985, 49.249175706647613 ], [ 37.936016524433647, 49.246296402362447 ], [ 37.927219072290562, 49.248666700349176 ], [ 37.918025, 49.248896 ], [ 37.911384, 49.244321 ], [ 37.912647817359257, 49.241267116249539 ], [ 37.911128395572895, 49.234186610725054 ], [ 37.913558387468036, 49.230404743209256 ], [ 37.899823897482285, 49.228777469165586 ], [ 37.886164295622812, 49.230418444694855 ], [ 37.878062203624026, 49.228492121912652 ], [ 37.875741062168295, 49.226407171178842 ], [ 37.875160240680358, 49.222050082833142 ], [ 37.879173878408992, 49.218663625963245 ], [ 37.875011739710828, 49.206624299520293 ], [ 37.884979146629419, 49.199786901481623 ], [ 37.88398856887202, 49.196830814601029 ], [ 37.878062044197179, 49.194960972833101 ], [ 37.863848517980543, 49.198015024071239 ], [ 37.851759, 49.197487 ], [ 37.844052466551133, 49.200792426554436 ], [ 37.807124538168196, 49.204184828654334 ], [ 37.798254854479083, 49.204545997761215 ], [ 37.782068709038569, 49.211197759097253 ], [ 37.777537987052263, 49.210669054295266 ], [ 37.776105771838999, 49.208929067097621 ], [ 37.773970012310464, 49.207599412962217 ], [ 37.773593113570136, 49.203856490813486 ], [ 37.777219616823722, 49.202122744792433 ], [ 37.790542740363158, 49.197932626262038 ], [ 37.802702456897471, 49.194484119447182 ], [ 37.807367081781628, 49.190336097970381 ], [ 37.809737379768372, 49.185230840768178 ], [ 37.806017589829047, 49.181978319037043 ], [ 37.795789087769492, 49.184106468646277 ], [ 37.796639963969866, 49.186461572415148 ], [ 37.783400007696876, 49.188608037807228 ], [ 37.776768485457694, 49.184070113096361 ], [ 37.754776443959472, 49.183774488952196 ], [ 37.748140020549229, 49.178944233127346 ], [ 37.74640384930931, 49.176839796696555 ], [ 37.747319532784587, 49.172198000395873 ], [ 37.757226162831714, 49.164266618671029 ], [ 37.762027535676637, 49.163203023420571 ], [ 37.747388, 49.147149 ], [ 37.743315604779404, 49.142899048883805 ], [ 37.745130294440813, 49.135789986850384 ], [ 37.742457383068206, 49.132085265235744 ], [ 37.727919264824386, 49.134169393359613 ], [ 37.71598905554967, 49.130687397192304 ], [ 37.712433608569569, 49.132844976128951 ], [ 37.700065471807612, 49.136243681015792 ], [ 37.6808834, 49.1270976 ], [ 37.674983670967954, 49.117741400577579 ], [ 37.673761416190125, 49.110599574466569 ], [ 37.674470855237132, 49.096637154959851 ], [ 37.689452354050722, 49.086608971169824 ], [ 37.708506971885541, 49.083015716847761 ], [ 37.707811720091186, 49.077407834798315 ], [ 37.708615770737218, 49.07299665732706 ], [ 37.7053929, 49.0593557 ], [ 37.7255964, 49.0483269 ], [ 37.731066509665915, 49.051766691213523 ], [ 37.729920245599708, 49.058814522674922 ], [ 37.763717074510268, 49.061939232784574 ], [ 37.781316595254545, 49.064729297446121 ], [ 37.793320027366853, 49.066582992025495 ], [ 37.825926818902325, 49.068436686604855 ], [ 37.846730736237973, 49.073835732312467 ], [ 37.865082318337024, 49.068998872665823 ], [ 37.89871471957828, 49.076808700647767 ], [ 37.912845342191517, 49.07749244045165 ], [ 37.920898277659269, 49.075699522743733 ], [ 37.919776720825652, 49.069916765000421 ], [ 37.932906852079078, 49.059003265140191 ], [ 37.927222586147423, 49.04412988075579 ], [ 37.9199808, 49.0408082 ], [ 37.9152605, 49.0350485 ], [ 37.916625481168268, 49.031821740049125 ], [ 37.917169818999859, 49.028910715993234 ], [ 37.917832491142661, 49.027159368187249 ], [ 37.918906398371092, 49.025081253874468 ], [ 37.8597928, 49.0182889 ], [ 37.858101722030348, 49.02061566682282 ], [ 37.847883500977538, 49.022999182748748 ], [ 37.842321963817049, 49.022557790910604 ], [ 37.837742523496416, 49.020152205392748 ], [ 37.83629144782855, 49.01962805258497 ], [ 37.836936983391823, 49.018734234112742 ], [ 37.837869423649877, 49.018623886153215 ], [ 37.848722708004395, 49.009978289655173 ], [ 37.853981588744382, 49.005939027351246 ], [ 37.865478483125166, 49.005299370039538 ], [ 37.87346989215402, 49.006742085875644 ], [ 37.877245373056127, 49.005028392416527 ], [ 37.8920661438314, 49.006380603661633 ], [ 37.905106279996822, 49.005349709940127 ], [ 37.917490392884936, 49.003381640108181 ], [ 37.912837982908052, 48.982904342094798 ], [ 37.905005868270713, 48.982730295102854 ], [ 37.896008977610364, 48.982154601206432 ], [ 37.893535772750397, 48.982587250620576 ], [ 37.889496510665985, 48.982068955499805 ], [ 37.886161934335568, 48.978841014244495 ], [ 37.879976572006591, 48.9752797450248 ], [ 37.879194434179929, 48.974851908948672 ], [ 37.871469756301138, 48.973574244538199 ], [ 37.862912659006859, 48.973238681485114 ], [ 37.852373825280516, 48.972266044520836 ], [ 37.848459734241928, 48.971146811359112 ], [ 37.841374320369319, 48.971635460591706 ], [ 37.841093799513565, 48.970594818707482 ], [ 37.837754696424177, 48.971807392729104 ], [ 37.83706739845735, 48.971059593974658 ], [ 37.842179686697108, 48.968160621604376 ], [ 37.84382661559215, 48.969137920069564 ], [ 37.8488942, 48.9683382 ], [ 37.850016172538332, 48.965391609286321 ], [ 37.854331800973142, 48.964179681426558 ], [ 37.8604697, 48.9557719 ], [ 37.8705467, 48.9512797 ], [ 37.861652, 48.9408098 ], [ 37.8442347, 48.92487 ], [ 37.8442415, 48.9115211 ], [ 37.910050731602354, 48.897622726632669 ], [ 37.916229467504273, 48.897529012550436 ], [ 37.9120854, 48.8878266 ], [ 37.902665895313994, 48.884120435377646 ], [ 37.899774385312014, 48.886724232941596 ], [ 37.897472685807955, 48.887932625181236 ], [ 37.895214143169589, 48.888249108863043 ], [ 37.893000784006475, 48.888014382905382 ], [ 37.889085868240009, 48.886163193687494 ], [ 37.88357902759094, 48.885629423998957 ], [ 37.883230920126572, 48.883473082392122 ], [ 37.883691260027383, 48.882796958162807 ], [ 37.885690861471538, 48.881171382888056 ], [ 37.884842109779413, 48.878740212786887 ], [ 37.876340207236261, 48.876524827014229 ], [ 37.869543286488394, 48.877622198058525 ], [ 37.865665894559633, 48.879841864452537 ], [ 37.86448581875522, 48.879785670366616 ], [ 37.86067866943386, 48.881232668079164 ], [ 37.86067866943386, 48.882286307190242 ], [ 37.863727198595249, 48.883719256381305 ], [ 37.863994120503392, 48.885812486081981 ], [ 37.860720814998302, 48.886697542935288 ], [ 37.85895070129169, 48.885587709738289 ], [ 37.855522862050314, 48.885320787830146 ], [ 37.850507539881583, 48.885657952345689 ], [ 37.845895290036765, 48.886955734471613 ], [ 37.832960936551757, 48.885096011486453 ], [ 37.834706473874895, 48.882338526658899 ], [ 37.835489670418347, 48.877495761365211 ], [ 37.847178040290572, 48.868701386918076 ], [ 37.858062929104392, 48.865067102665989 ], [ 37.868988888158391, 48.854581188328915 ], [ 37.858888623666125, 48.845110891914501 ], [ 37.854406533041661, 48.844283104393092 ], [ 37.825735454696897, 48.851135702338553 ], [ 37.817012492805461, 48.837939231168818 ], [ 37.796267667829909, 48.837275321403013 ], [ 37.791011556688915, 48.829067367983953 ], [ 37.810330560935917, 48.830631767758376 ], [ 37.813875604750741, 48.828183068545535 ], [ 37.825675404949038, 48.817946240934397 ], [ 37.8324532, 48.8166821 ], [ 37.821209734708255, 48.810197482397648 ], [ 37.817909376227377, 48.805029188949128 ], [ 37.845290128068733, 48.796398078584531 ], [ 37.853960699485157, 48.796033048647331 ], [ 37.855174905444777, 48.795533812226864 ], [ 37.869648748785323, 48.7968511213653 ], [ 37.871853219223048, 48.789758734654022 ], [ 37.8594053, 48.7836604 ], [ 37.842576317305124, 48.784879890182687 ], [ 37.829055910871602, 48.780565892408013 ], [ 37.813175663362763, 48.769028694185032 ], [ 37.8182637035978, 48.780711038729365 ], [ 37.807005623821468, 48.777239470575324 ], [ 37.802862297422962, 48.782579213117316 ], [ 37.801225095576385, 48.781957730000819 ], [ 37.797454628027417, 48.786313543288884 ], [ 37.795636307502342, 48.786999021264606 ], [ 37.790441106002099, 48.787316505800732 ], [ 37.78857949213117, 48.78793704375768 ], [ 37.78758374517696, 48.788831772904949 ], [ 37.786714606704052, 48.790791064891444 ], [ 37.775952266262536, 48.785815669811754 ], [ 37.772070296252636, 48.786984590149302 ], [ 37.766950858107592, 48.784098367093591 ], [ 37.761710462271097, 48.782262266777998 ], [ 37.760427994001738, 48.783167560158155 ], [ 37.746704003371939, 48.777395114046762 ], [ 37.755175068040401, 48.775793260250872 ], [ 37.762159727835162, 48.778217687617662 ], [ 37.769068624274723, 48.78209244206991 ], [ 37.780772258765545, 48.784459144975585 ], [ 37.794315860454347, 48.785700220889552 ], [ 37.798688488383718, 48.778325920982248 ], [ 37.795881636462056, 48.766607855376151 ], [ 37.794358198506792, 48.766194875207553 ], [ 37.787622016419967, 48.7672398806654 ], [ 37.785789528213982, 48.766293095092294 ], [ 37.771297600651636, 48.768201936973533 ], [ 37.7707401, 48.7644025 ], [ 37.787428964232149, 48.762113783175444 ], [ 37.801966542011179, 48.755081406931097 ], [ 37.800195, 48.752827 ], [ 37.794127349551211, 48.752839577513349 ], [ 37.795623881586103, 48.748059837442725 ], [ 37.78750665580003, 48.741214051143956 ], [ 37.778493218332954, 48.743515354327037 ], [ 37.753041412073024, 48.744743304487159 ], [ 37.739862792551421, 48.741875189747525 ], [ 37.741954883253257, 48.739095915968456 ], [ 37.760448909283788, 48.735704870796575 ], [ 37.779613959481601, 48.734069470454543 ], [ 37.784076984164244, 48.722455858181682 ], [ 37.774008513372507, 48.722989085470104 ], [ 37.771280318481715, 48.718927114343593 ], [ 37.743196149575297, 48.711674972215519 ], [ 37.745460895743257, 48.710219697720675 ], [ 37.768771176198563, 48.706775211396632 ], [ 37.775856333223658, 48.712563045787206 ], [ 37.8042994052471, 48.710372435955925 ], [ 37.787324026553023, 48.698357826757587 ], [ 37.786399112285991, 48.677264859939022 ], [ 37.787183157830967, 48.660306314619646 ], [ 37.771922055717162, 48.660393448760708 ], [ 37.757606023964989, 48.656829889831016 ], [ 37.757184077765977, 48.653166527574832 ], [ 37.772434418958831, 48.647909934158015 ], [ 37.773742465232473, 48.63326584575691 ], [ 37.77445315744248, 48.632386782792707 ], [ 37.780477442987767, 48.631260959330639 ], [ 37.780645517298936, 48.627275197094008 ], [ 37.7785837, 48.6235806 ], [ 37.75304505300943, 48.620514311575654 ], [ 37.745593080651915, 48.607601763156246 ], [ 37.751126829309065, 48.598676396709365 ], [ 37.77509553524613, 48.594734928627361 ], [ 37.7777827, 48.5802588 ], [ 37.790839503204808, 48.580317096104466 ], [ 37.792749965893286, 48.579233688461947 ], [ 37.799619007212485, 48.578701947953739 ], [ 37.801978947185205, 48.576060707396245 ], [ 37.800990824789885, 48.572566128193287 ], [ 37.790579388819687, 48.57124059815078 ], [ 37.787157111255411, 48.559527732684309 ], [ 37.786849995310938, 48.555244306669074 ], [ 37.779396735370227, 48.552586775370848 ], [ 37.768473243166177, 48.562501127297715 ], [ 37.766208952119889, 48.562611543985518 ], [ 37.742190896381707, 48.576257390242318 ], [ 37.72745059675043, 48.58285824448248 ], [ 37.716046367718164, 48.580101202371615 ], [ 37.698698800603381, 48.58015552977696 ], [ 37.691657125431377, 48.575333745189887 ], [ 37.691636595766148, 48.572888720949422 ], [ 37.685559814859666, 48.570311129873872 ], [ 37.686688946447028, 48.556758786505796 ], [ 37.704448538299033, 48.552611327559823 ], [ 37.7032036, 48.5457762 ], [ 37.694223333584461, 48.542543606538828 ], [ 37.692909435010094, 48.536209362899271 ], [ 37.705637827449372, 48.530336566390396 ], [ 37.71631238930528, 48.534945734977462 ], [ 37.738043904006432, 48.524551467818284 ], [ 37.729955215907935, 48.519166857556563 ], [ 37.713613602389152, 48.524836999349688 ], [ 37.703827719663579, 48.523284022867514 ], [ 37.688746669866688, 48.528052901619574 ], [ 37.688048543435315, 48.530131937475602 ], [ 37.685581983541198, 48.532956475437473 ], [ 37.68442539084463, 48.533268080479971 ], [ 37.683008224035248, 48.532218645050705 ], [ 37.682847117935701, 48.531098574072907 ], [ 37.67564847825237, 48.529720977692584 ], [ 37.674352052498151, 48.530401601213555 ], [ 37.668574129743227, 48.537508753152579 ], [ 37.651616194200152, 48.541295003694479 ], [ 37.6431769, 48.5390388 ], [ 37.615299645179206, 48.522751710723142 ], [ 37.607922991062864, 48.517561243579195 ], [ 37.606619609085264, 48.512264052481221 ], [ 37.607364859985871, 48.509524820568089 ], [ 37.59904080727474, 48.50199124268336 ], [ 37.589424262933846, 48.502243361823403 ], [ 37.587281250243642, 48.500316451253227 ], [ 37.583283361023277, 48.499019838533094 ], [ 37.580618101543024, 48.494715804642695 ], [ 37.582427956798192, 48.48807066445206 ], [ 37.578745216502853, 48.483739617796665 ], [ 37.594884422651795, 48.473652154965215 ], [ 37.596394233727501, 48.466034471810531 ], [ 37.591627230475943, 48.466106387807841 ], [ 37.58307950050763, 48.463342758767617 ], [ 37.556100727795133, 48.461103089136493 ], [ 37.514707934475013, 48.457332636133636 ], [ 37.483312866331026, 48.470128277752444 ], [ 37.469520110844279, 48.491172715624984 ], [ 37.445724332925586, 48.495124262415722 ], [ 37.432080660639677, 48.500636166181721 ], [ 37.416787128056328, 48.510021103182396 ], [ 37.403333610477368, 48.511716154772941 ], [ 37.396026563755996, 48.514915373765881 ], [ 37.391130566778031, 48.525950771299939 ], [ 37.379957902907194, 48.537549794297817 ], [ 37.364437946299745, 48.53592505945192 ], [ 37.346131699877517, 48.523834386235684 ], [ 37.338001146470674, 48.495605085655896 ], [ 37.337529434923972, 48.487680653800318 ], [ 37.330977531843999, 48.47907023677525 ], [ 37.317067554227023, 48.483157477907994 ], [ 37.3162906, 48.4889549 ], [ 37.303899739483263, 48.48771913253308 ], [ 37.256586035716353, 48.473790583248892 ], [ 37.253297594168394, 48.471063049692965 ], [ 37.24762885309228, 48.471120155811789 ], [ 37.21980855282208, 48.473729309404455 ], [ 37.216420346000049, 48.468133793100854 ], [ 37.211758984079324, 48.450878035183571 ], [ 37.205686278971811, 48.441409164172498 ], [ 37.191231019840558, 48.437035907506278 ], [ 37.183737977665821, 48.421754975860146 ], [ 37.169966668606513, 48.415004963391809 ], [ 37.170716227584116, 48.410946721080876 ], [ 37.187191827856793, 48.410576000109323 ], [ 37.188789202231995, 48.409229263825694 ], [ 37.190013696948988, 48.403658631595967 ], [ 37.175070931828458, 48.402567068617813 ], [ 37.172116539803902, 48.404998922211803 ], [ 37.171258878727464, 48.404126966784091 ], [ 37.17214512850645, 48.402454527685038 ], [ 37.173539094823973, 48.395266711763483 ], [ 37.162324909181251, 48.387767081751072 ], [ 37.155985364391256, 48.379504946714732 ], [ 37.17509691204453, 48.37598853630135 ], [ 37.15944949937392, 48.36652976062814 ], [ 37.151330038295193, 48.370870217215433 ], [ 37.113438310209617, 48.38738491115712 ], [ 37.090390968787005, 48.407052544011485 ], [ 37.072456322721955, 48.409606468105778 ], [ 37.058209619285584, 48.41364700473256 ], [ 37.047479326262618, 48.412960875871406 ], [ 37.034757353628798, 48.41018777172426 ], [ 37.03380425596638, 48.404227278384994 ], [ 37.019109803767577, 48.407052544011528 ], [ 37.001442200205631, 48.406932528479004 ], [ 37.010140899065043, 48.371400802077943 ], [ 37.011675709540683, 48.367693113850258 ], [ 37.00973236192975, 48.364331952061761 ], [ 37.010681812975164, 48.36276391927462 ], [ 37.015155741386188, 48.362576906189915 ], [ 37.024420081890028, 48.360419062904846 ], [ 37.024951716374311, 48.348474266219874 ], [ 37.035293595869078, 48.32808511436783 ], [ 37.046403884912245, 48.321421969317491 ], [ 37.046692012302842, 48.318716773261301 ], [ 37.043203413353531, 48.317561859823499 ], [ 37.042910188820329, 48.308936694115708 ], [ 37.029331517231, 48.296612451994463 ], [ 37.018102700294641, 48.298344433074703 ], [ 36.988330208628994, 48.305703019452494 ], [ 36.969569914085433, 48.292481173639374 ], [ 36.95868510155163, 48.288799545870589 ], [ 36.956647186679248, 48.273474905962274 ], [ 36.936201618223414, 48.273249894201811 ], [ 36.942995806311515, 48.264192068540211 ], [ 36.961797855017657, 48.256113401229207 ], [ 36.963738991462208, 48.242880287631245 ], [ 36.939804753928662, 48.244371902947684 ], [ 36.931128918056139, 48.245556426664585 ], [ 36.914222642944722, 48.245670800148929 ], [ 36.913763085165144, 48.242746362944906 ], [ 36.915422599369194, 48.236327317176674 ], [ 36.919444519686969, 48.236338098762886 ], [ 36.922021562617303, 48.224557152937798 ], [ 36.916391735596129, 48.214796159871774 ], [ 36.924957587485963, 48.191917171453404 ], [ 36.925062800702698, 48.188541411898861 ], [ 36.920836680868874, 48.186602657318183 ], [ 36.916519792214167, 48.180957198553436 ], [ 36.895442081298093, 48.172260885604594 ], [ 36.889358773817804, 48.160429941685493 ], [ 36.894152074028888, 48.14808665977862 ], [ 36.894121808435401, 48.13332356952327 ], [ 36.886547288341355, 48.127021378550211 ], [ 36.889728, 48.113227 ], [ 36.886484249271547, 48.102970319565962 ], [ 36.850840756780073, 48.092874980259481 ], [ 36.822135586497033, 48.09653590880751 ], [ 36.794001069909704, 48.089871258294693 ], [ 36.769112652836391, 48.090536163763879 ], [ 36.74087429011761, 48.100243871541544 ], [ 36.731032513059162, 48.099973886079688 ], [ 36.718158242165146, 48.097487348725494 ], [ 36.718222300958772, 48.084870297818867 ], [ 36.721356758437146, 48.083044806526694 ], [ 36.721477314494003, 48.081796455329886 ], [ 36.722602504358036, 48.080413837465144 ], [ 36.725897703245572, 48.079487596945285 ], [ 36.724104863511329, 48.076215858996896 ], [ 36.725897703245593, 48.075124645594578 ], [ 36.725335108313566, 48.073433063392187 ], [ 36.726420112825323, 48.071231238180637 ], [ 36.729706706229862, 48.069088871058767 ], [ 36.735019778214742, 48.068331129510483 ], [ 36.738877572034291, 48.068438543857113 ], [ 36.73927942555715, 48.065726262968866 ], [ 36.743940926422447, 48.065001173568731 ], [ 36.748481871230879, 48.061778430428497 ], [ 36.747678164185153, 48.060784710596067 ], [ 36.757262370705597, 48.04717956315065 ], [ 36.755996532108547, 48.042249664094847 ], [ 36.750270119407652, 48.036351971599409 ], [ 36.71928721279437, 48.030090812137395 ], [ 36.715027565451955, 48.021409920724288 ], [ 36.707231607108277, 48.017593090931079 ], [ 36.705021412732499, 48.005307431808561 ], [ 36.718965729976098, 47.994309688157095 ], [ 36.716112569963734, 47.982314366346102 ], [ 36.666885513412161, 47.962459481532363 ], [ 36.65969233535278, 47.957952059201993 ], [ 36.658024643232878, 47.94746909986376 ], [ 36.634897972991716, 47.94430630050077 ], [ 36.60656729962939, 47.943444908845478 ], [ 36.600295502531061, 47.933123395129236 ], [ 36.601562111525574, 47.922208899708153 ], [ 36.592180943510648, 47.91476852888659 ], [ 36.571445301730563, 47.912883139495946 ], [ 36.564031104233607, 47.909556606413517 ], [ 36.560755998022223, 47.906202921404173 ], [ 36.558224320828153, 47.893621299084785 ], [ 36.556335609270654, 47.874163607976968 ], [ 36.546691124721768, 47.864620740011887 ], [ 36.513156448238263, 47.859902571500747 ], [ 36.512674224010816, 47.861655084219478 ], [ 36.495555263936552, 47.861870773998106 ], [ 36.476085460753509, 47.869877621940276 ], [ 36.465215322959871, 47.872788896354166 ], [ 36.443709461927611, 47.872573252006248 ], [ 36.442959335351588, 47.870884006900425 ], [ 36.477786640666984, 47.854473899746594 ], [ 36.475536260938917, 47.846114071928511 ], [ 36.464391523237992, 47.841735861050275 ], [ 36.453091997513432, 47.840934697367238 ], [ 36.440673235310378, 47.839360304757236 ], [ 36.435172307086205, 47.839488175990439 ], [ 36.422330566509004, 47.82906877009043 ], [ 36.415192745267667, 47.819632393265081 ], [ 36.407786733675813, 47.819792293027291 ], [ 36.391998355266175, 47.813475877949067 ], [ 36.371232946558479, 47.812548339644607 ], [ 36.357111516095564, 47.811172993732526 ], [ 36.356825753590407, 47.806406978436726 ], [ 36.34765753988345, 47.80690279235629 ], [ 36.330130772900809, 47.810325378692234 ], [ 36.327749418691205, 47.8098136044228 ], [ 36.310151211082271, 47.812244487287138 ], [ 36.29950655776539, 47.813172031018865 ], [ 36.289244, 47.808387 ], [ 36.253522607978034, 47.811188986336205 ], [ 36.21787373546033, 47.81145286358516 ], [ 36.208530012030437, 47.810417704459617 ], [ 36.204546019095645, 47.798242517499375 ], [ 36.178462719854352, 47.800694793496419 ], [ 36.164943061012941, 47.810439489705864 ], [ 36.149175047630386, 47.817342180044186 ], [ 36.136893120568722, 47.815452652803927 ], [ 36.137577259741917, 47.805027674926656 ], [ 36.162152033468892, 47.787254993678779 ], [ 36.1614874, 47.7773606 ], [ 36.143528205237807, 47.765644969465001 ], [ 36.12614209311986, 47.773391913024717 ], [ 36.126285637877736, 47.765411369907206 ], [ 36.114109907247219, 47.74690363666258 ], [ 36.097887389203024, 47.741966192109693 ], [ 36.098810267092823, 47.73481811331915 ], [ 36.100741826693522, 47.732162540203909 ], [ 36.092040266928407, 47.723580696912805 ], [ 36.069715210702768, 47.710413087868659 ], [ 36.086057264953048, 47.700772919655201 ], [ 36.096703633942525, 47.699432710535895 ], [ 36.093317356112046, 47.694594993027444 ], [ 36.093728304668218, 47.688923902952297 ], [ 36.10920051780797, 47.681958324925212 ], [ 36.128883290531363, 47.666188044517789 ], [ 36.122016485327734, 47.657499728503083 ], [ 36.116840760336011, 47.644823617488953 ], [ 36.093688930628538, 47.630881961486708 ], [ 36.085122658243989, 47.62758137101337 ], [ 36.08266152430722, 47.620674933144308 ], [ 36.083920709112078, 47.613081667199893 ], [ 36.075448534111658, 47.606578270576051 ], [ 36.058977254578082, 47.594561273465871 ], [ 36.064380331674734, 47.585487616265766 ], [ 36.041792373108898, 47.585053596165331 ], [ 36.038352450296138, 47.583723010953328 ], [ 36.03974967925263, 47.572256985228336 ], [ 36.048533164432129, 47.556831719730461 ], [ 36.046345489821668, 47.546274917831163 ], [ 36.033842675042145, 47.546376670138613 ], [ 36.027402601915604, 47.543315621555806 ], [ 36.020212105521544, 47.538855478745333 ], [ 36.002990557544663, 47.533641665721589 ], [ 35.999426315009082, 47.532190357383747 ], [ 35.956655020377518, 47.527029514990026 ], [ 35.95139008469441, 47.529063917199707 ], [ 35.939303732837047, 47.536800395633335 ], [ 35.927378901811444, 47.536997794900891 ], [ 35.908308050506285, 47.541856593093286 ], [ 35.902025787623565, 47.526580426199921 ], [ 35.912232653960508, 47.524243745446398 ], [ 35.931358814362902, 47.513197149234358 ], [ 35.925126725618043, 47.498854808013334 ], [ 35.917021881297224, 47.495085952305246 ], [ 35.90140232411354, 47.490530158455357 ], [ 35.834862193711416, 47.492003681282199 ], [ 35.824191238753663, 47.485899479528591 ], [ 35.811876726497594, 47.485225592715736 ], [ 35.806391634691352, 47.481213152016998 ], [ 35.799673997936395, 47.480658240005475 ], [ 35.788905384926565, 47.491080428245034 ], [ 35.766797437435926, 47.490435402317111 ], [ 35.754371202647839, 47.49127014175324 ], [ 35.74392431212879, 47.492585488743494 ], [ 35.736563428010051, 47.501742327406667 ], [ 35.715817741875085, 47.516569720919605 ], [ 35.716112097287372, 47.516437812523939 ], [ 35.705299157504228, 47.521283374996095 ], [ 35.68979777199695, 47.522824620936191 ], [ 35.674118, 47.519805 ], [ 35.651090639583032, 47.512237996075491 ], [ 35.631007227283725, 47.527531277910818 ], [ 35.613888267209518, 47.55152633262815 ], [ 35.603600817024088, 47.560679267331594 ], [ 35.593138783907605, 47.585604902386656 ], [ 35.572552486086913, 47.593817894731295 ], [ 35.559938109965749, 47.592854296555366 ], [ 35.552112524779474, 47.596650289369599 ], [ 35.537453994727557, 47.599779174146278 ], [ 35.523786474540657, 47.598587479937287 ], [ 35.512911598986278, 47.593117096057895 ], [ 35.506396602801104, 47.586056668594296 ], [ 35.477372535019086, 47.584509211407791 ], [ 35.446614181508181, 47.566548332340687 ], [ 35.446122505239316, 47.566492836736046 ], [ 35.424260191248763, 47.566176805953674 ], [ 35.423789296258157, 47.566280222405311 ], [ 35.4086302, 47.5777697 ], [ 35.4313682, 47.5908487 ], [ 35.447183649170711, 47.604107467564106 ], [ 35.446897940915825, 47.605793028444296 ], [ 35.437437396769994, 47.605561463831251 ], [ 35.433208761023849, 47.605137512779898 ], [ 35.428898320857755, 47.606290659843069 ], [ 35.416350966663849, 47.606370922528527 ], [ 35.411279645139551, 47.605423814992342 ], [ 35.405438489009583, 47.60313364733819 ], [ 35.397424215075588, 47.594779038936423 ], [ 35.395275816104302, 47.592605820434393 ], [ 35.384075193812052, 47.588876906179863 ], [ 35.382412191423256, 47.588837246752888 ], [ 35.3763788, 47.5957528 ], [ 35.358482733438862, 47.602779301960673 ], [ 35.357506639027029, 47.610497746327582 ], [ 35.3459789, 47.6082825 ], [ 35.33655985952484, 47.608075013551101 ], [ 35.333203214414745, 47.603462024128369 ], [ 35.332685332026344, 47.602052233182121 ], [ 35.332483933319729, 47.600699984723455 ], [ 35.332656560782524, 47.598815468254507 ], [ 35.334095122972563, 47.589925153920085 ], [ 35.30348251956854, 47.589306572178394 ], [ 35.294469977146271, 47.588006957910608 ], [ 35.293889881829905, 47.588452715364234 ], [ 35.2817402528526, 47.606119002798152 ], [ 35.280546058551408, 47.607365118590693 ], [ 35.280364333331669, 47.608351626926463 ], [ 35.265904197989002, 47.629691359873824 ], [ 35.264398474739679, 47.631326886851539 ], [ 35.264476356976708, 47.631846101765106 ], [ 35.253157471861087, 47.648928272421259 ], [ 35.248692223604465, 47.652874305764321 ], [ 35.237165652523416, 47.663648015220701 ], [ 35.2312725632545, 47.669021889576058 ], [ 35.222082459284479, 47.677744700123881 ], [ 35.217149917605653, 47.681431126010168 ], [ 35.199029317122381, 47.683533946410073 ], [ 35.146380924887318, 47.678653326222616 ], [ 35.134958196788979, 47.667022912158856 ], [ 35.127585345016413, 47.636648839715541 ], [ 35.120627865174704, 47.631560533562656 ], [ 35.106816748473989, 47.626887599340606 ], [ 35.077896477788649, 47.613388011588036 ], [ 35.057647096159783, 47.606119002798181 ], [ 35.043161000071443, 47.614530284397858 ], [ 35.03594391277295, 47.609078527805472 ], [ 35.035424697859384, 47.607209354116655 ], [ 35.032620937326158, 47.605028651479699 ], [ 35.032393780801563, 47.599972796258939 ], [ 35.031381311720118, 47.597363741318297 ], [ 35.032354839683045, 47.592340337029597 ], [ 35.031303429483081, 47.590003869918576 ], [ 35.024138263675944, 47.582293528452198 ], [ 35.022321704395203, 47.580012892317306 ], [ 35.013156868254143, 47.576569184030191 ], [ 35.002487001780473, 47.572324602111834 ], [ 34.987923023455096, 47.570299663948951 ], [ 34.985820203055177, 47.568703078089754 ], [ 34.977603627048076, 47.56621084650466 ], [ 34.969815403344668, 47.564497437289909 ], [ 34.965570821426311, 47.563095557023296 ], [ 34.964207882278217, 47.563523909326989 ], [ 34.961365180626473, 47.560759089912281 ], [ 34.955017778308196, 47.557760623786471 ], [ 34.942868149330877, 47.557488035956851 ], [ 34.935274631220054, 47.556514507993924 ], [ 34.928810405546223, 47.556553449112442 ], [ 34.916427129857802, 47.555346274438413 ], [ 34.910079727539525, 47.555657803386552 ], [ 34.899721390013994, 47.554762157660655 ], [ 34.897579628495556, 47.555930391216172 ], [ 34.894269633421608, 47.555735685623581 ], [ 34.888077995577397, 47.55667027246799 ], [ 34.882704121222041, 47.560213914253048 ], [ 34.877018717918553, 47.56196626458631 ], [ 34.873786605081641, 47.56169367675669 ], [ 34.872190019222444, 47.562667204719617 ], [ 34.869580964281802, 47.562978733667755 ], [ 34.862532621830219, 47.56850837249717 ], [ 34.858093334319278, 47.572791895534046 ], [ 34.851161815223243, 47.57563459718579 ], [ 34.846021587578988, 47.57563459718579 ], [ 34.838038658282997, 47.575050480408038 ], [ 34.832236431623954, 47.576062949489483 ], [ 34.823241033246518, 47.57855518107457 ], [ 34.815374927306074, 47.578866710022709 ], [ 34.806807881232324, 47.579061415615293 ], [ 34.804082002936127, 47.578477298837541 ], [ 34.797150483840092, 47.57820471100792 ], [ 34.79091990487737, 47.577542711993125 ], [ 34.782781211107306, 47.577893182059782 ], [ 34.776862161092716, 47.577270124163512 ], [ 34.775109810759446, 47.577581653111643 ], [ 34.768334056137483, 47.576530242911687 ], [ 34.763077005137681, 47.575206244882104 ], [ 34.756495956108296, 47.573376012311805 ], [ 34.750849493923326, 47.572480366585921 ], [ 34.747344793256794, 47.57279189553406 ], [ 34.745358796212429, 47.573414953430337 ], [ 34.733949048486934, 47.575089421526563 ], [ 34.725654590242797, 47.575985067252461 ], [ 34.718061072131974, 47.579178238970854 ], [ 34.712959785606245, 47.582332469570737 ], [ 34.711986257643318, 47.583500703126234 ], [ 34.711635787576668, 47.585759288000219 ], [ 34.707663793487924, 47.585253053459503 ], [ 34.701394273406684, 47.588251519585313 ], [ 34.697344397080911, 47.588796695244554 ], [ 34.68768699968868, 47.591678338014809 ], [ 34.686279486556899, 47.592957737165001 ], [ 34.684610651325833, 47.592885512688838 ], [ 34.68231312533333, 47.594365275192487 ], [ 34.67993771710379, 47.594676804140626 ], [ 34.675070077289156, 47.593352806111056 ], [ 34.671214906555967, 47.591094221237064 ], [ 34.669579379578252, 47.588640930770488 ], [ 34.669929849644902, 47.58525305345951 ], [ 34.669306791748632, 47.584513172207686 ], [ 34.667203971348712, 47.584396348852131 ], [ 34.664749613903602, 47.583875662958903 ], [ 34.659649394356407, 47.582994468585518 ], [ 34.651121289401175, 47.58470787780027 ], [ 34.646993530838365, 47.584591054444722 ], [ 34.644150829186621, 47.583578585363277 ], [ 34.642671066682972, 47.586226581422437 ], [ 34.642476361090388, 47.588056813992736 ], [ 34.641424950890425, 47.589964928800072 ], [ 34.641463892008943, 47.591288926829648 ], [ 34.619617924520881, 47.603633261399558 ], [ 34.616775222869137, 47.601452558762603 ], [ 34.616736281750619, 47.60262079231812 ], [ 34.612920052135948, 47.603204909095872 ], [ 34.608792293573138, 47.604412083769894 ], [ 34.605599121854745, 47.605074082784682 ], [ 34.603691007047409, 47.606748550880916 ], [ 34.602289126780789, 47.610409016021521 ], [ 34.604119359351095, 47.612278189710338 ], [ 34.604236182706643, 47.615081950243564 ], [ 34.598083485980951, 47.619170767687855 ], [ 34.593799962944075, 47.618703474265651 ], [ 34.585661269174011, 47.619677002228578 ], [ 34.581922921796377, 47.619871707821162 ], [ 34.58032633593718, 47.620300060124848 ], [ 34.577211046455815, 47.620494765717432 ], [ 34.548238854279134, 47.616717477221279 ], [ 34.549329205597608, 47.615315596954666 ], [ 34.549329205597608, 47.613680069976944 ], [ 34.546681209538448, 47.611771955169608 ], [ 34.543877449005223, 47.610409016021499 ], [ 34.540567453931274, 47.610837368325193 ], [ 34.537179576620289, 47.612083484117733 ], [ 34.532662406872312, 47.612589718658455 ], [ 34.528924059494678, 47.614458892347272 ], [ 34.527950531531751, 47.615588184784272 ], [ 34.524367948628182, 47.617574181828637 ], [ 34.51673548939884, 47.61597759596944 ], [ 34.509531382473192, 47.615860772613885 ], [ 34.506182446280725, 47.614887244650959 ], [ 34.500458101858719, 47.615198773599097 ], [ 34.494655875199676, 47.617340535117535 ], [ 34.490450234399837, 47.617574181828637 ], [ 34.488113767288816, 47.616873241695338 ], [ 34.483596597540839, 47.614108422280623 ], [ 34.477171312985526, 47.61243395418439 ], [ 34.471836379748694, 47.613173835436214 ], [ 34.46404815604528, 47.613290658791769 ], [ 34.46280204025274, 47.612862306488083 ], [ 34.461088631037988, 47.613290658791769 ], [ 34.458168047149208, 47.612122425236258 ], [ 34.455325345497464, 47.610486898258543 ], [ 34.447615004031093, 47.608267254503069 ], [ 34.442280070794254, 47.607916784436412 ], [ 34.440683484935057, 47.61005854595485 ], [ 34.437762901046277, 47.611849837406638 ], [ 34.435153846105635, 47.611109956154813 ], [ 34.434647611564912, 47.610253251547441 ], [ 34.434881258276015, 47.609240782465996 ], [ 34.436049491831525, 47.608267254503069 ], [ 34.435776904001912, 47.606982197592004 ], [ 34.434920199394533, 47.603827966992128 ], [ 34.433868789194577, 47.601958793303304 ], [ 34.434647611564912, 47.600556913036691 ], [ 34.440255132631371, 47.598804562703428 ], [ 34.439709956972131, 47.59611762552575 ], [ 34.439709956972131, 47.592573983740699 ], [ 34.440371955986926, 47.59082163340743 ], [ 34.441345483949853, 47.590626927814846 ], [ 34.442280070794261, 47.59346962946659 ], [ 34.45213217377907, 47.600907383103348 ], [ 34.459920397482477, 47.602776556792165 ], [ 34.460037220838032, 47.601841969947756 ], [ 34.457817577082558, 47.599271856125632 ], [ 34.456104167867807, 47.597831034740501 ], [ 34.455636874445602, 47.596351272236852 ], [ 34.453300407334581, 47.594482098548035 ], [ 34.452093232660552, 47.594871509733203 ], [ 34.448822178705122, 47.592885512688838 ], [ 34.447887591860713, 47.590977397881502 ], [ 34.4464857115941, 47.586771757081657 ], [ 34.44675829942372, 47.583773290955847 ], [ 34.448121238571815, 47.58244929292627 ], [ 34.447653945149611, 47.581436823844825 ], [ 34.452638408319793, 47.57917823897084 ], [ 34.456960872475186, 47.577659535348673 ], [ 34.459024751756587, 47.577309065282023 ], [ 34.461166513275025, 47.576413419556133 ], [ 34.465566859667454, 47.575323068237651 ], [ 34.466345682037797, 47.574076952445104 ], [ 34.46509956624525, 47.572908718889593 ], [ 34.462646275778674, 47.57123425079336 ], [ 34.458090164912178, 47.568975665919375 ], [ 34.453650877401238, 47.566872845519455 ], [ 34.451431233645764, 47.566678139926871 ], [ 34.446174182645969, 47.568196843549032 ], [ 34.440995013883196, 47.568975665919375 ], [ 34.435699021764876, 47.569442959341579 ], [ 34.426664682268921, 47.568080020193477 ], [ 34.417786107247039, 47.564069084986222 ], [ 34.411127175980624, 47.560603325438208 ], [ 34.408245533210369, 47.553944394171786 ], [ 34.408673885514055, 47.550984869164495 ], [ 34.409842119069566, 47.548336873105335 ], [ 34.409180120054778, 47.547090757312787 ], [ 34.405714360506757, 47.546545581653547 ], [ 34.401275072995816, 47.547519109616474 ], [ 34.398042960158904, 47.549154636594196 ], [ 34.391656616722102, 47.550634399097838 ], [ 34.387918269344468, 47.552192043838524 ], [ 34.384997685455687, 47.551530044823735 ], [ 34.380013222285505, 47.553048748445896 ], [ 34.376080169315287, 47.552269926075539 ], [ 34.371796646278412, 47.553009807327363 ], [ 34.370285790084701, 47.55400805159821 ], [ 34.3674352410045, 47.555891450097626 ], [ 34.368486651204464, 47.557955329379027 ], [ 34.365254538367545, 47.558831504545658 ], [ 34.362331948157269, 47.559090807000736 ], [ 34.360539117748083, 47.559393212129997 ], [ 34.35830354871225, 47.558519975597527 ], [ 34.354039496234634, 47.559882914745621 ], [ 34.352851792119864, 47.561401618367789 ], [ 34.349892267112573, 47.563212380378829 ], [ 34.34736109440896, 47.565412553575044 ], [ 34.343408570879483, 47.569150900952678 ], [ 34.339592341264812, 47.571506838622959 ], [ 34.336613345698261, 47.572830836652535 ], [ 34.332836057202101, 47.573668070700656 ], [ 34.332251940424349, 47.574154834682119 ], [ 34.330791648479959, 47.574641598663575 ], [ 34.330168590583689, 47.574252187478407 ], [ 34.328552534165226, 47.57446636363025 ], [ 34.325904538106073, 47.574330069715444 ], [ 34.323587541554303, 47.573356541752517 ], [ 34.322886601420997, 47.572616660500692 ], [ 34.321523662272902, 47.571409485826663 ], [ 34.3207253693433, 47.571156368556302 ], [ 34.31920666572114, 47.571526309182211 ], [ 34.318778313417454, 47.572266190434036 ], [ 34.317376433150841, 47.572675072178463 ], [ 34.316733904695305, 47.573317600633992 ], [ 34.309549268328915, 47.57446636363025 ], [ 34.303416042162482, 47.57690018353756 ], [ 34.29934669527745, 47.579703944070786 ], [ 34.297373849417404, 47.580758679947898 ], [ 34.295472053985009, 47.581767823352195 ], [ 34.293855997566553, 47.58340335032991 ], [ 34.290584943611115, 47.585291994577986 ], [ 34.288131653144546, 47.585837170237227 ], [ 34.286632420081638, 47.587258521063099 ], [ 34.283010896059551, 47.588290460703803 ], [ 34.279408842596723, 47.589653399851898 ], [ 34.275904141930184, 47.589945458240777 ], [ 34.274268614952469, 47.589711811529675 ], [ 34.269448945863289, 47.590093069850738 ], [ 34.264883805389864, 47.589925987681518 ], [ 34.263423513445474, 47.589497635377825 ], [ 34.263423513445474, 47.588796695244518 ], [ 34.262897808345492, 47.588894048040814 ], [ 34.261982692060343, 47.589731282088927 ], [ 34.25912051984934, 47.589458694259307 ], [ 34.256628288264245, 47.588660401329712 ], [ 34.253435116545852, 47.58786210840011 ], [ 34.251838530686655, 47.587453226655683 ], [ 34.250339297623746, 47.587472697214942 ], [ 34.246776185279437, 47.584922053952077 ], [ 34.243057308461061, 47.580891648185563 ], [ 34.242220074412941, 47.578360475481951 ], [ 34.241304958127785, 47.576413419556097 ], [ 34.241538604838887, 47.575323068237623 ], [ 34.241343899246303, 47.573784894056196 ], [ 34.241791722109248, 47.572129896519222 ], [ 34.241908545464803, 47.569968664441525 ], [ 34.241538604838887, 47.566483434334252 ], [ 34.241694369312953, 47.563076086464008 ], [ 34.242453721124036, 47.562258322975154 ], [ 34.243855601390649, 47.561518441723329 ], [ 34.246308891857225, 47.562199911297377 ], [ 34.247224008142375, 47.561343206690005 ], [ 34.246367303534996, 47.559941326423392 ], [ 34.246562009127587, 47.559279327408596 ], [ 34.24580265731651, 47.558812033986392 ], [ 34.244653894320258, 47.558656269512326 ], [ 34.244128189220277, 47.557526977075334 ], [ 34.245004364386915, 47.555774626742064 ], [ 34.246250480179455, 47.555171039405053 ], [ 34.245607951723926, 47.552678807819959 ], [ 34.245880539553546, 47.55201680880517 ], [ 34.24488754103136, 47.551315868671864 ], [ 34.24309624957958, 47.551082221960762 ], [ 34.242317427209237, 47.550614928538558 ], [ 34.238676432627891, 47.550128164557094 ], [ 34.233847733931782, 47.548414755342343 ], [ 34.229895210402304, 47.546136699909098 ], [ 34.226838332598717, 47.543683409442522 ], [ 34.22502757058767, 47.542164705820355 ], [ 34.223684101998835, 47.540061885420435 ], [ 34.223255749695149, 47.536674008109451 ], [ 34.224832864995086, 47.532682543461455 ], [ 34.225202805621002, 47.529353077828247 ], [ 34.223956689828455, 47.52777596252831 ], [ 34.222924750187751, 47.526841375683908 ], [ 34.219942230323099, 47.527480757058598 ], [ 34.216616288987993, 47.52861319657643 ], [ 34.211982295884461, 47.531942662209637 ], [ 34.207134126629093, 47.53577836238356 ], [ 34.202032840103357, 47.538601593476052 ], [ 34.197476729236861, 47.540392884927833 ], [ 34.193504735148124, 47.541385883450019 ], [ 34.189630093855676, 47.542106294142584 ], [ 34.186787392203932, 47.541833706312971 ], [ 34.182503869167057, 47.541814235753712 ], [ 34.18176398791524, 47.542242588057398 ], [ 34.176682171948755, 47.541288530653731 ], [ 34.171970296608194, 47.53955565087972 ], [ 34.168679772093505, 47.537141301531662 ], [ 34.167211656676393, 47.534686599108433 ], [ 34.166323834423231, 47.534152570685478 ], [ 34.166567458027522, 47.533609493067587 ], [ 34.166791127845435, 47.533110895765148 ], [ 34.166178270568913, 47.532958768072398 ], [ 34.165418453417708, 47.532770160978124 ], [ 34.164600689928854, 47.532254191157776 ], [ 34.162458928410409, 47.532672808181829 ], [ 34.160073784901243, 47.532672808181829 ], [ 34.159207345014238, 47.532458632029986 ], [ 34.158068317297619, 47.532760425698491 ], [ 34.157435524121716, 47.533510042229949 ], [ 34.154719381105153, 47.535291598402111 ], [ 34.152937824932998, 47.535758891824315 ], [ 34.150163270238657, 47.537472301039081 ], [ 34.148527743260942, 47.539263592490862 ], [ 34.148138332075767, 47.540665472757475 ], [ 34.148216214312804, 47.541103560340794 ], [ 34.146366511183246, 47.545893317918384 ], [ 34.146249687827691, 47.548482902299767 ], [ 34.145801864964746, 47.550624663818205 ], [ 34.145159336509217, 47.551753956255197 ], [ 34.145334571542541, 47.553077954284781 ], [ 34.144516808053687, 47.555044480769894 ], [ 34.144380514138874, 47.555687009225423 ], [ 34.143543280090761, 47.557166771729072 ], [ 34.141051048505666, 47.560087355617846 ], [ 34.140642166761239, 47.56139188308817 ], [ 34.139006639783524, 47.562968998388115 ], [ 34.138208346853922, 47.56557805332875 ], [ 34.138052582379856, 47.567778226524965 ], [ 34.138130464616886, 47.56849863721753 ], [ 34.135560350794762, 47.569997870280432 ], [ 34.133554883191138, 47.569374812384162 ], [ 34.130673240420876, 47.570348340347088 ], [ 34.127363245346928, 47.570348340347088 ], [ 34.124754190406286, 47.570912986565588 ], [ 34.123761191884107, 47.571789161732219 ], [ 34.121697312602706, 47.574320334435825 ], [ 34.11770584795471, 47.575566450228372 ], [ 34.113889618340039, 47.57687097769869 ], [ 34.108827272932828, 47.57770821174681 ], [ 34.104426926540398, 47.577825035102357 ], [ 34.100805402518311, 47.57679309546166 ], [ 34.100474403010921, 47.576306331480197 ], [ 34.098993287624097, 47.576303580621598 ], [ 34.098605229322104, 47.575546979669113 ], [ 34.097456466325852, 47.575157568483945 ], [ 34.094788999707433, 47.576092155328354 ], [ 34.092861414340838, 47.577669270628292 ], [ 34.091225887363123, 47.579986267180054 ], [ 34.089103596403945, 47.582478498765141 ], [ 34.08830530347435, 47.583510438405845 ], [ 34.07722655525626, 47.583413085609557 ], [ 34.059196817382883, 47.580278325568933 ], [ 34.056081527901519, 47.580570383957813 ], [ 34.048857950416611, 47.58335467393178 ], [ 34.042237960268722, 47.585613258805765 ], [ 34.036688850880047, 47.583705143998429 ], [ 34.036805674235595, 47.5830626155429 ], [ 34.035119796746301, 47.582963851861798 ], [ 34.031373388202468, 47.578818033624543 ], [ 34.028277569280363, 47.578058681813459 ], [ 34.023585164499067, 47.578000270135689 ], [ 34.019535288173294, 47.576578919309817 ], [ 34.01614741086231, 47.574515040028416 ], [ 34.013129474177241, 47.572022808443322 ], [ 34.012915298025398, 47.570854574887811 ], [ 34.013674649836481, 47.568245519947169 ], [ 34.014200354936456, 47.567758755965713 ], [ 34.013324179769825, 47.566571051850943 ], [ 34.011669182232851, 47.564039879147337 ], [ 34.011493947199526, 47.563455762369585 ], [ 34.00896277449592, 47.5624627638474 ], [ 34.007463541433012, 47.56273535167702 ], [ 34.005146544881249, 47.562560116643688 ], [ 34.003374723988728, 47.563222115658483 ], [ 34.002109137636921, 47.563475232928845 ], [ 34.003121606718366, 47.564604525365837 ], [ 34.003413665107246, 47.565578053328764 ], [ 34.003803076292414, 47.566045346750968 ], [ 34.003238430073914, 47.567856108762008 ], [ 34.00214807875544, 47.568615460573085 ], [ 34.002264902110994, 47.569024342317519 ], [ 34.000259434507363, 47.569939458602668 ], [ 33.998059261311148, 47.571419221106318 ], [ 33.99439879617055, 47.572587454661829 ], [ 33.991108271655861, 47.573015806965515 ], [ 33.988168217207829, 47.572684807458117 ], [ 33.987525688752299, 47.572373278509986 ], [ 33.988070864411533, 47.571360809428541 ], [ 33.986902630856022, 47.570893516006336 ], [ 33.986552160789373, 47.571497103343354 ], [ 33.986824748618986, 47.572139631798883 ], [ 33.986084867367168, 47.572353807950726 ], [ 33.984390928711676, 47.571828102850745 ], [ 33.983845753052435, 47.571302397750763 ], [ 33.982969577885804, 47.5713802799878 ], [ 33.980146346793319, 47.570445693143391 ], [ 33.979328583304465, 47.570835104328559 ], [ 33.974013120626893, 47.569238518469362 ], [ 33.971267771771437, 47.567797697084231 ], [ 33.97085889002701, 47.567038345273147 ], [ 33.970936772264047, 47.566123228987998 ], [ 33.970041126538149, 47.565519641650987 ], [ 33.967237366004923, 47.561956529306677 ], [ 33.966244367482737, 47.561800764832611 ], [ 33.965017722249456, 47.560282061210444 ], [ 33.964530958267993, 47.559931591143794 ], [ 33.964161017642077, 47.558159770251265 ], [ 33.966809013701237, 47.555881714818021 ], [ 33.968171952849339, 47.553603659384777 ], [ 33.968580834593766, 47.5529806014885 ], [ 33.969865891504824, 47.552182308558905 ], [ 33.971988182464003, 47.549787429770106 ], [ 33.972786475393605, 47.549281195229383 ], [ 33.973195357138032, 47.548541313977559 ], [ 33.974188355660218, 47.547567786014639 ], [ 33.97469459020094, 47.546224317425796 ], [ 33.97475300187871, 47.545464965614705 ], [ 33.974324649575024, 47.544179908703647 ], [ 33.974499884608349, 47.543031145707396 ], [ 33.975356589215721, 47.541823971033367 ], [ 33.975122942504619, 47.540402620207495 ], [ 33.974285708456506, 47.538299799807575 ], [ 33.973234298256543, 47.53812456477425 ], [ 33.972338652530652, 47.537073154574287 ], [ 33.970041126538149, 47.535573921511386 ], [ 33.968522422915981, 47.534950863615109 ], [ 33.967159483767887, 47.535165039766952 ], [ 33.966711660904942, 47.535496039274349 ], [ 33.96464778162354, 47.536372214440981 ], [ 33.961785609412537, 47.537248389607619 ], [ 33.960286376349636, 47.538027211977955 ], [ 33.9596438478941, 47.538436093722382 ], [ 33.958923437201541, 47.538377682044612 ], [ 33.958592437694143, 47.538806034348298 ], [ 33.959040260557089, 47.5396043272779 ], [ 33.958125144271939, 47.540772560833403 ], [ 33.957521556934928, 47.541960264948173 ], [ 33.956080735549797, 47.543985203111063 ], [ 33.954659384723925, 47.544997672192508 ], [ 33.952907034390662, 47.54579596512211 ], [ 33.950570567279641, 47.546477434696158 ], [ 33.950064332738918, 47.546905786999844 ], [ 33.948058865135287, 47.547450962659084 ], [ 33.947396866120499, 47.548560784536818 ], [ 33.946384397039061, 47.549884782566394 ], [ 33.945625045227978, 47.550429958225635 ], [ 33.945274575161321, 47.55122825115523 ], [ 33.944320517757653, 47.552084955762609 ], [ 33.942451344068836, 47.552844307573693 ], [ 33.941088404920741, 47.5529806014885 ], [ 33.939881230246712, 47.553720482740324 ], [ 33.938693526131942, 47.555920655936532 ], [ 33.937174822509782, 47.556816301662423 ], [ 33.933533827928436, 47.554460363992149 ], [ 33.932618711643286, 47.553019542607018 ], [ 33.931508889765553, 47.550352075988599 ], [ 33.934176356383965, 47.548463431740522 ], [ 33.936026059513523, 47.546944728118362 ], [ 33.938420938302322, 47.546555316933187 ], [ 33.938674055572683, 47.546243787985055 ], [ 33.937350057543107, 47.545095024988797 ], [ 33.93881034948749, 47.543732085840702 ], [ 33.939900700805971, 47.543089557385173 ], [ 33.939608642417092, 47.541025678103765 ], [ 33.93902452563934, 47.539682209514929 ], [ 33.937914703761606, 47.538981269381622 ], [ 33.937350057543107, 47.538027211977955 ], [ 33.936337588461662, 47.537306801285389 ], [ 33.934877296517271, 47.53569074486694 ], [ 33.934195826943224, 47.534639334666984 ], [ 33.932248771017377, 47.533003807689269 ], [ 33.930535361802626, 47.533179042722594 ], [ 33.928958246502688, 47.532224985318926 ], [ 33.928062600776798, 47.531699280218945 ], [ 33.926329721002787, 47.530414223307886 ], [ 33.925687192547258, 47.529323871989412 ], [ 33.926018192054649, 47.528058285637613 ], [ 33.924966781854692, 47.527123698793204 ], [ 33.924226900602868, 47.524748290563664 ], [ 33.924694194025072, 47.524378349937749 ], [ 33.924830487939886, 47.523482704211858 ], [ 33.925842957021324, 47.521886118352661 ], [ 33.927361660643491, 47.519238122293508 ], [ 33.929211363773049, 47.516668008471385 ], [ 33.930087538939681, 47.514818305341826 ], [ 33.930165421176717, 47.512734955501159 ], [ 33.929970715584133, 47.511372016353064 ], [ 33.929133481536013, 47.510417958949404 ], [ 33.928121012454568, 47.509366548749448 ], [ 33.927848424624948, 47.506991140519908 ], [ 33.928802482028615, 47.506192847590306 ], [ 33.929951245024867, 47.503797968801514 ], [ 33.931781477595166, 47.497898389346183 ], [ 33.93287182891364, 47.49706115529807 ], [ 33.936181823987596, 47.49314757288716 ], [ 33.937525292576431, 47.488883520409544 ], [ 33.936516, 47.486856 ], [ 33.936561499893131, 47.48479470296526 ], [ 33.937233234187545, 47.480589062165407 ], [ 33.938693526131935, 47.475916127943364 ], [ 33.939394466265242, 47.471710487143525 ], [ 33.943249636998431, 47.464058557354939 ], [ 33.947980982898244, 47.455413629044159 ], [ 33.948565099676003, 47.450098166366587 ], [ 33.949266039809309, 47.44291353000019 ], [ 33.942022991765135, 47.43803615490593 ], [ 33.944826752298361, 47.435290806050475 ], [ 33.94546928075389, 47.433480044039435 ], [ 33.949178422292633, 47.431610870350617 ], [ 33.952391064570293, 47.427843317134098 ], [ 33.953763738998013, 47.425127174117534 ], [ 33.954055797386893, 47.421856120162097 ], [ 33.956158617786812, 47.419023153789986 ], [ 33.956827842204433, 47.417302291001818 ], [ 33.95681574916177, 47.416891127551182 ], [ 33.957998585636723, 47.414788307151277 ], [ 33.95840746738115, 47.41373689695132 ], [ 33.960627111136624, 47.410991548095865 ], [ 33.962671519858766, 47.408479845951518 ], [ 33.962525490664326, 47.407370024073785 ], [ 33.964628311064239, 47.404244999312795 ], [ 33.964423870192022, 47.403514853340596 ], [ 33.96515401616422, 47.402638678173965 ], [ 33.966322249719731, 47.4023174139462 ], [ 33.966409867236393, 47.400419034418491 ], [ 33.968395864280758, 47.39694353959085 ], [ 33.970498684680678, 47.392387428724355 ], [ 33.972951975147254, 47.386896731013451 ], [ 33.972747534275044, 47.386078967524597 ], [ 33.973039592663916, 47.384005352963563 ], [ 33.972776740113929, 47.383246001152479 ], [ 33.973010386825031, 47.381873326724758 ], [ 33.973740532797223, 47.380705093169247 ], [ 33.973682121119452, 47.377638480086027 ], [ 33.974032591186102, 47.375477248008337 ], [ 33.974762737158294, 47.373345221769526 ], [ 33.974762737158294, 47.372323017408455 ], [ 33.975376059774938, 47.371008754658504 ], [ 33.97540526561383, 47.368175788286401 ], [ 33.974850354674963, 47.367416436475317 ], [ 33.975054795547173, 47.366043762047596 ], [ 33.974529090447191, 47.364349823392104 ], [ 33.974675119641631, 47.362626678897726 ], [ 33.974237032058319, 47.361721297892203 ], [ 33.974237032058319, 47.360640681853354 ], [ 33.97365291528056, 47.359238801586741 ], [ 33.973127210180579, 47.357428039575701 ], [ 33.970469478841792, 47.35062307911484 ], [ 33.970615508036232, 47.347322819320524 ], [ 33.970294243808468, 47.342153385837392 ], [ 33.970440273002907, 47.340868328926327 ], [ 33.969768538708486, 47.338152185909763 ], [ 33.969359656964059, 47.333888133432154 ], [ 33.969096804414065, 47.331493254643355 ], [ 33.969272039447389, 47.330704696993386 ], [ 33.96862951099186, 47.329185993371219 ], [ 33.968016188375216, 47.326206997804668 ], [ 33.966117808847514, 47.320833123449319 ], [ 33.966263838041954, 47.319810919088248 ], [ 33.965913367975304, 47.319139184793826 ], [ 33.965884162136412, 47.317270011105009 ], [ 33.966263838041954, 47.316160189227276 ], [ 33.966059397169744, 47.315196396543982 ], [ 33.966643513947496, 47.313122781982948 ], [ 33.965416868714208, 47.310172992255282 ], [ 33.964482281869799, 47.307865730983153 ], [ 33.96348928334762, 47.306405439038762 ], [ 33.962875960730976, 47.304448647833283 ], [ 33.960773140331057, 47.301674093138942 ], [ 33.957560498053404, 47.298403039183512 ], [ 33.956041794431243, 47.297731304889091 ], [ 33.952391064570271, 47.29650465965581 ], [ 33.9513688602092, 47.295394837778069 ], [ 33.946841955181597, 47.293321223217042 ], [ 33.94351248954839, 47.290838726911581 ], [ 33.939861759687417, 47.288969553222763 ], [ 33.936678323248657, 47.287187997050609 ], [ 33.934487885332068, 47.286311821883977 ], [ 33.931362860571078, 47.284471854034045 ], [ 33.926952778899029, 47.28131762343417 ], [ 33.923214431521387, 47.277958951962084 ], [ 33.923009990649177, 47.277228805989893 ], [ 33.921520492865895, 47.276790718406573 ], [ 33.919417672465975, 47.273782517001131 ], [ 33.917694527971598, 47.27080352143458 ], [ 33.915942177638335, 47.267123585734723 ], [ 33.915182825827259, 47.264027766812617 ], [ 33.915358060860584, 47.26210018144603 ], [ 33.914277444821735, 47.258040569840631 ], [ 33.913430475493996, 47.256580277896241 ], [ 33.913634916366206, 47.25506157427408 ], [ 33.9129339762329, 47.252579077968619 ], [ 33.912349859455148, 47.25179052031865 ], [ 33.912174624421823, 47.250417845890922 ], [ 33.91229144777737, 47.249454053207629 ], [ 33.911824154355166, 47.248811524752099 ], [ 33.911619713482949, 47.247117586096607 ], [ 33.91083115583298, 47.246007764218874 ], [ 33.911210831738522, 47.244985559857795 ], [ 33.910071804021896, 47.24384653214117 ], [ 33.909984186505234, 47.242765916102321 ], [ 33.910159421538566, 47.242211005163455 ], [ 33.909195628855265, 47.240984359930167 ], [ 33.907764542749767, 47.239378038791344 ], [ 33.906304250805377, 47.23847265778582 ], [ 33.90443507711656, 47.237567276780304 ], [ 33.899265643633427, 47.232397843297164 ], [ 33.893599710889198, 47.227432850686242 ], [ 33.891934978072598, 47.226819528069598 ], [ 33.884487489156214, 47.220949154453152 ], [ 33.880719935939695, 47.218379040631028 ], [ 33.877273646950947, 47.216539072781103 ], [ 33.868628718640167, 47.211544874331295 ], [ 33.86500719461808, 47.209734112320255 ], [ 33.857676529057251, 47.20824461453698 ], [ 33.850579510207524, 47.206696705075935 ], [ 33.8413212592801, 47.203659297831607 ], [ 33.830894774797166, 47.198314629315142 ], [ 33.821607318030857, 47.19480992864861 ], [ 33.812962389720077, 47.193115989993125 ], [ 33.807880573753607, 47.193904547643093 ], [ 33.805368871609254, 47.191451257176517 ], [ 33.796227444037385, 47.187946556509985 ], [ 33.789101219348773, 47.183916150743471 ], [ 33.783960991704525, 47.18108318437136 ], [ 33.781186437010192, 47.174015371360518 ], [ 33.78197499466016, 47.165019972983089 ], [ 33.782675934793467, 47.156783926416736 ], [ 33.784545108482284, 47.147613293005975 ], [ 33.785946988748897, 47.142239418650632 ], [ 33.786297458815547, 47.133974166245387 ], [ 33.78539207781003, 47.129943760478881 ], [ 33.782675934793467, 47.123489270084683 ], [ 33.777243648760347, 47.115603693584987 ], [ 33.77195739192166, 47.11011299587409 ], [ 33.765502901527455, 47.102811536152132 ], [ 33.759369675361029, 47.096736721663476 ], [ 33.753616125100137, 47.093465667708045 ], [ 33.743072817261655, 47.088500675097123 ], [ 33.732587921100944, 47.084061387586182 ], [ 33.724585521245693, 47.079797335108566 ], [ 33.713574919985, 47.075504076792072 ], [ 33.69970214651331, 47.070130202436722 ], [ 33.689129632835943, 47.065866149959106 ], [ 33.67908282425855, 47.060988774864846 ], [ 33.66947410326447, 47.056345046481695 ], [ 33.661676144281437, 47.051526083065212 ], [ 33.658551119520446, 47.049043586759751 ], [ 33.650490307987425, 47.044604299248803 ], [ 33.652242658320688, 47.037565692076853 ], [ 33.653907391137295, 47.034440667315863 ], [ 33.655104830531691, 47.029826144771604 ], [ 33.658463502003784, 47.022378655855221 ], [ 33.659047618781543, 47.018377455927599 ], [ 33.659339677170415, 47.013149610766682 ], [ 33.658960001264873, 47.00622782695028 ], [ 33.65790859106491, 47.002723126283747 ], [ 33.655688947309443, 47.001408863533797 ], [ 33.652768363420662, 46.996765135150646 ], [ 33.651395688992942, 46.995304843206263 ], [ 33.652826775098447, 46.990982379050877 ], [ 33.653673744426186, 46.988441471067638 ], [ 33.653089627648434, 46.986718326573261 ], [ 33.649088427720812, 46.981899363156778 ], [ 33.643656141687686, 46.978745132556902 ], [ 33.635128036732453, 46.972378259679367 ], [ 33.628293870432714, 46.966449474385144 ], [ 33.620203853060801, 46.959965778152068 ], [ 33.612405894077767, 46.955000785541145 ], [ 33.606477108783551, 46.950064998769115 ], [ 33.603527319055885, 46.946939974008117 ], [ 33.600665146844882, 46.942588304013839 ], [ 33.598299473894976, 46.93663031288073 ], [ 33.596780770272815, 46.932074202014242 ], [ 33.596284271011712, 46.929358058997678 ], [ 33.595291272489533, 46.917996987670335 ], [ 33.595670948395068, 46.912360260764999 ], [ 33.596576329400591, 46.905993387887463 ], [ 33.596488711883929, 46.901145218632095 ], [ 33.596021418461724, 46.892850760387965 ], [ 33.59555412503952, 46.887184827643736 ], [ 33.593568127995155, 46.881986188321719 ], [ 33.593217657928498, 46.874305052694233 ], [ 33.592750364506294, 46.869164825049985 ], [ 33.591494513434121, 46.86621503532232 ], [ 33.589479310550878, 46.865630918544554 ], [ 33.588632341223132, 46.864170626600163 ], [ 33.587230460956519, 46.862155423716914 ], [ 33.584952405523275, 46.860724337611408 ], [ 33.580133442106792, 46.860519896739191 ], [ 33.577767769156885, 46.859789750767 ], [ 33.575197655334762, 46.857540901172641 ], [ 33.572247865607096, 46.856255844261582 ], [ 33.567107637962856, 46.855642521644945 ], [ 33.560244265824231, 46.856197432583812 ], [ 33.557323681935451, 46.85581775667827 ], [ 33.553672952074479, 46.856693931844909 ], [ 33.54605022812477, 46.857482489494878 ], [ 33.540413501219433, 46.858650723050388 ], [ 33.535390096930733, 46.858533899694841 ], [ 33.528935606536535, 46.857307254461553 ], [ 33.523123644597874, 46.857482489494878 ], [ 33.516932006753663, 46.858504693855949 ], [ 33.510273075487248, 46.860665925933645 ], [ 33.504315084354147, 46.857482489494878 ], [ 33.494910804232276, 46.855321257417188 ], [ 33.485156054043756, 46.852897172789497 ], [ 33.477971417677367, 46.850794352389578 ], [ 33.468917607622167, 46.847581710111911 ], [ 33.459221269111424, 46.845478889711991 ], [ 33.449641753956236, 46.843288451795409 ], [ 33.445290083961964, 46.842207835756561 ], [ 33.434162659345724, 46.839170428512233 ], [ 33.425459319357167, 46.83595778623458 ], [ 33.418391506346325, 46.832891173151367 ], [ 33.41138210501326, 46.82906520825707 ], [ 33.404109851130208, 46.824713538262799 ], [ 33.397129655636029, 46.819982192362978 ], [ 33.39271957396398, 46.815922580757579 ], [ 33.385914613503125, 46.809322061168942 ], [ 33.379927416531132, 46.804444686074689 ], [ 33.376174466234048, 46.800239045274843 ], [ 33.369194270739868, 46.79410581910841 ], [ 33.362360104440128, 46.788877973947493 ], [ 33.35946872639024, 46.786307860125369 ], [ 33.360169666523547, 46.785782155025387 ], [ 33.367733978795478, 46.782511101069957 ], [ 33.369807593356512, 46.781780955097759 ], [ 33.369340299934308, 46.780817162414465 ], [ 33.365601952556673, 46.779298458792304 ], [ 33.361892811017924, 46.778042607720124 ], [ 33.350590151368358, 46.779940987247841 ], [ 33.346180069696302, 46.782219042681085 ], [ 33.338732580779926, 46.780700339058924 ], [ 33.330993033474662, 46.779590517181184 ], [ 33.326962627708156, 46.778772753692337 ], [ 33.320040843891753, 46.775998198997996 ], [ 33.312009238197618, 46.774391877859166 ], [ 33.30219607633132, 46.774275054503619 ], [ 33.29726028955929, 46.775822963964671 ], [ 33.29238291446503, 46.779064812081216 ], [ 33.287125863465235, 46.781050809125588 ], [ 33.283358310248715, 46.783971393014362 ], [ 33.279853609582176, 46.784146628047687 ], [ 33.274625764421266, 46.782949188653291 ], [ 33.26674018792157, 46.782569512747749 ], [ 33.259409522360741, 46.783036806169953 ], [ 33.250618564855522, 46.783416482075495 ], [ 33.242440929966946, 46.784146628047687 ], [ 33.237855613261573, 46.785227244086535 ], [ 33.231985239645127, 46.785898978380956 ], [ 33.220653374156676, 46.784497098114343 ], [ 33.216126469129073, 46.782890776975513 ], [ 33.212125269201451, 46.782919982814406 ], [ 33.210577359740398, 46.784059010531024 ], [ 33.206955835718311, 46.787330064486454 ], [ 33.203918428473983, 46.788235445491978 ], [ 33.193871619896584, 46.787592917036449 ], [ 33.184963839035817, 46.788702738914182 ], [ 33.182156457807316, 46.78839345115172 ], [ 33.181605167563717, 46.788549408260103 ], [ 33.173150077205719, 46.787848468126811 ], [ 33.165198787568528, 46.78852750388095 ], [ 33.152822813339839, 46.786862771064364 ], [ 33.142702990165226, 46.786205639689399 ], [ 33.130042259007375, 46.781255249997926 ], [ 33.118564364324484, 46.776874374164763 ], [ 33.113482548358022, 46.774859171281506 ], [ 33.097930439150282, 46.76995259034836 ], [ 33.084744002892457, 46.764126025490256 ], [ 33.075237502334488, 46.761234647440361 ], [ 33.064197695234917, 46.758036608082151 ], [ 33.05403406330197, 46.752735748324028 ], [ 33.049039864852162, 46.74962532648248 ], [ 33.043826622610695, 46.746295860849287 ], [ 33.034626783361048, 46.743798761624383 ], [ 33.027704999544682, 46.742878777699417 ], [ 33.014343328253524, 46.74252830763276 ], [ 33.00014929055407, 46.743448291557719 ], [ 32.995593179687575, 46.742440690116091 ], [ 32.99331512425433, 46.742834968941075 ], [ 32.984115285004684, 46.7430102039744 ], [ 32.972330729013478, 46.742265455082766 ], [ 32.961509965705559, 46.740600722266159 ], [ 32.954763416922489, 46.740206443441174 ], [ 32.943022669689604, 46.739198841999553 ], [ 32.934173300506615, 46.737008404082971 ], [ 32.923878242298677, 46.735431288783026 ], [ 32.919146896398864, 46.734073217274741 ], [ 32.911611789965818, 46.731488500533175 ], [ 32.90495285869941, 46.727633329799993 ], [ 32.902017671891187, 46.725530509400073 ], [ 32.896541577099732, 46.722945792658507 ], [ 32.888875044391696, 46.718783960617003 ], [ 32.881821834300304, 46.715366877467133 ], [ 32.871088688509047, 46.708182241100744 ], [ 32.863159303251024, 46.704064217817567 ], [ 32.855273726751328, 46.701085222251017 ], [ 32.847256723976635, 46.698281461717791 ], [ 32.837706414660339, 46.693681542092968 ], [ 32.835515976743757, 46.690833972801414 ], [ 32.830390352018952, 46.688205447301513 ], [ 32.81970101498603, 46.684262659051669 ], [ 32.812735422411293, 46.683517910160027 ], [ 32.811114498353028, 46.683868380226684 ], [ 32.79985564746179, 46.678786564260214 ], [ 32.795116087419792, 46.677699559444122 ], [ 32.787810976968004, 46.675027225185872 ], [ 32.780933001909943, 46.673734866815089 ], [ 32.775544524635151, 46.673143448577612 ], [ 32.771360788214473, 46.673099639819277 ], [ 32.761613339485692, 46.672683456615133 ], [ 32.751603038206923, 46.673252970473442 ], [ 32.745382194523835, 46.674041528123411 ], [ 32.739533725286563, 46.674654850740055 ], [ 32.736313781549192, 46.675509121527519 ], [ 32.729961511591107, 46.675421504010856 ], [ 32.723959711699685, 46.675333886494194 ], [ 32.720089591771838, 46.674641338717628 ], [ 32.72089309861645, 46.665422154921608 ], [ 32.723050679964281, 46.665225015509115 ], [ 32.723565432874679, 46.664962162959128 ], [ 32.725306831018358, 46.664863593252882 ], [ 32.726095388668327, 46.664589788513304 ], [ 32.726588237199564, 46.664414553479958 ], [ 32.729370093353616, 46.664545979754955 ], [ 32.730136746624424, 46.664283127204961 ], [ 32.730290077278582, 46.66283743818002 ], [ 32.730837686757731, 46.661676506084234 ], [ 32.731363391857705, 46.661260322880082 ], [ 32.732130045128507, 46.661008422519686 ], [ 32.732885746209732, 46.660833187486361 ], [ 32.733269072845133, 46.660395099903042 ], [ 32.733718112618028, 46.659891299182227 ], [ 32.733882395461777, 46.659376546271837 ], [ 32.733805730134698, 46.65900417182602 ], [ 32.734408100561758, 46.658653701759363 ], [ 32.735098088505481, 46.657700861265653 ], [ 32.735766172070036, 46.657350391198996 ], [ 32.735448558572131, 46.656890399236516 ], [ 32.726358241218307, 46.657602291559385 ], [ 32.7258544404975, 46.658993219636422 ], [ 32.724397799282976, 46.658796080223929 ], [ 32.719031226387351, 46.659661303200963 ], [ 32.719403600833168, 46.660756522159261 ], [ 32.719096939524846, 46.661479366671728 ], [ 32.719381696454001, 46.662070784909204 ], [ 32.719031226387351, 46.662596490009186 ], [ 32.717870294291565, 46.662684107525848 ], [ 32.716468414024952, 46.662574585630018 ], [ 32.713489418458401, 46.661610792946725 ], [ 32.712197060087618, 46.662925055696675 ], [ 32.705998120783697, 46.660406052092604 ], [ 32.704749571171241, 46.660603191505103 ], [ 32.701354392400546, 46.65955178130514 ], [ 32.699470615792286, 46.659091789342668 ], [ 32.698222066179838, 46.65904798058434 ], [ 32.691344091121778, 46.657229917113575 ], [ 32.690949812296793, 46.657689909076055 ], [ 32.687686059801088, 46.656507072601102 ], [ 32.687269876596936, 46.655871845605297 ], [ 32.683655654034581, 46.654864244163662 ], [ 32.681925208080486, 46.653418555138721 ], [ 32.675638651259874, 46.650811934018016 ], [ 32.668629249926845, 46.649125296822227 ], [ 32.666088341943606, 46.646891050147318 ], [ 32.663591242718709, 46.646058683739021 ], [ 32.658728470543899, 46.644306333405751 ], [ 32.657611347206419, 46.643736819547449 ], [ 32.645301086115246, 46.644350142164093 ], [ 32.64383705543289, 46.643319352838432 ], [ 32.641194015021682, 46.64154638163091 ], [ 32.639857847892564, 46.639925457572645 ], [ 32.636966469842683, 46.63786644593106 ], [ 32.634600796892776, 46.635478868601986 ], [ 32.631665610084553, 46.633178908789574 ], [ 32.628664710138835, 46.630966566493818 ], [ 32.623122902209886, 46.627549483343977 ], [ 32.615281134468525, 46.623256225027475 ], [ 32.611227168065135, 46.620955325176901 ], [ 32.61012265317494, 46.620605795148357 ], [ 32.607647458329204, 46.61891915795259 ], [ 32.606355099958421, 46.616969668206835 ], [ 32.603638956941865, 46.614603995256928 ], [ 32.602456120466911, 46.614976369702745 ], [ 32.599170463592039, 46.612194513548694 ], [ 32.593869603833916, 46.607178410719726 ], [ 32.592445819188143, 46.606937462548906 ], [ 32.590737277613208, 46.606937462548906 ], [ 32.590693468854873, 46.605097494698974 ], [ 32.588371604663301, 46.604046084499018 ], [ 32.584078346346807, 46.602512777957408 ], [ 32.58026698437196, 46.602184212269925 ], [ 32.579982227442798, 46.597650005782604 ], [ 32.577967024559548, 46.597146205061769 ], [ 32.573980427551376, 46.597102396303441 ], [ 32.569490029822383, 46.59789095395341 ], [ 32.565393910918381, 46.598482372190887 ], [ 32.563641560585111, 46.599073790428363 ], [ 32.563137759864297, 46.599577591149171 ], [ 32.562327297835168, 46.601505176515765 ], [ 32.55943591978528, 46.600738523244964 ], [ 32.556916916181216, 46.60001567873249 ], [ 32.553324597998021, 46.598657607224212 ], [ 32.547892311964901, 46.596839543753461 ], [ 32.543861906198394, 46.596116699240987 ], [ 32.538582950819432, 46.59574432479517 ], [ 32.532887812236325, 46.595897655449328 ], [ 32.523863208020011, 46.596313838653479 ], [ 32.519197575257699, 46.596598595582634 ], [ 32.515911918382827, 46.59633574303264 ], [ 32.510961528691354, 46.595634802899333 ], [ 32.50513496383325, 46.593816739428576 ], [ 32.501915020095879, 46.592042484716146 ], [ 32.49768747491688, 46.588406357774623 ], [ 32.495606558896128, 46.586434963649701 ], [ 32.491357109337969, 46.584682613316431 ], [ 32.485881014546514, 46.582623601674847 ], [ 32.482420122638317, 46.580192215587445 ], [ 32.479397318313438, 46.577147506883399 ], [ 32.47849923876764, 46.575658009100124 ], [ 32.476177374576061, 46.573861850008527 ], [ 32.472037446913724, 46.571868551504444 ], [ 32.470964132334601, 46.571693316471112 ], [ 32.465444228784818, 46.569678113587877 ], [ 32.451688278668698, 46.563851548729772 ], [ 32.445774096293931, 46.561704919571532 ], [ 32.436486639527629, 46.560127804271595 ], [ 32.427462035311315, 46.559558290413285 ], [ 32.421241191628233, 46.560522083096579 ], [ 32.417079359586729, 46.560434465579917 ], [ 32.41296133630356, 46.55973352544661 ], [ 32.403279600712267, 46.555922163471749 ], [ 32.403104365678942, 46.552680315355225 ], [ 32.402491043062298, 46.550511781817811 ], [ 32.39734351395834, 46.548825144622043 ], [ 32.395700685520907, 46.548102300109583 ], [ 32.391297905308576, 46.546349949776314 ], [ 32.39379500453348, 46.541881456426495 ], [ 32.393094064400174, 46.539143409030771 ], [ 32.387223690783742, 46.53506919450593 ], [ 32.382470440504761, 46.538157711968303 ], [ 32.382141874817272, 46.540545289297377 ], [ 32.379951436900697, 46.540786237468204 ], [ 32.379031452975731, 46.541114803155686 ], [ 32.378308608463257, 46.541662412634835 ], [ 32.377848616500778, 46.542144308976482 ], [ 32.377541955192456, 46.542691918455624 ], [ 32.376665780025824, 46.542954771005618 ], [ 32.375964839892518, 46.543020484143113 ], [ 32.375066760346719, 46.543305241072268 ], [ 32.374716290280062, 46.54383094617225 ], [ 32.374234393938416, 46.545649009643007 ], [ 32.373445836288447, 46.548080395730402 ], [ 32.370598266996893, 46.548124204488737 ], [ 32.366567861230386, 46.548321343901229 ], [ 32.363304108734681, 46.549153710309525 ], [ 32.361026053301437, 46.549504180376182 ], [ 32.357849918322394, 46.550007981096996 ], [ 32.352045257843457, 46.549526084755342 ], [ 32.347620573251966, 46.548693718347046 ], [ 32.345452039714552, 46.54788325631791 ], [ 32.340698789435571, 46.548343248280389 ], [ 32.336011252294092, 46.550292738026137 ], [ 32.333317013656703, 46.550205120509474 ], [ 32.32893613782354, 46.549876554821992 ], [ 32.326942839319443, 46.550248929267816 ], [ 32.324314313819549, 46.550227024888649 ], [ 32.320021055503041, 46.551212721951103 ], [ 32.317436338761482, 46.552570793459381 ], [ 32.318509653340605, 46.554126004380151 ], [ 32.317699191311469, 46.555944067850916 ], [ 32.3152459008449, 46.558134505767498 ], [ 32.313033558549151, 46.560675413750729 ], [ 32.310448841807585, 46.562909660425646 ], [ 32.307688890032694, 46.565209620238051 ], [ 32.305761304666106, 46.567137205604645 ], [ 32.302519456549568, 46.570269531825353 ], [ 32.300219496737157, 46.571934264641953 ], [ 32.29796334568308, 46.573007579221077 ], [ 32.297043361758114, 46.573292336150232 ], [ 32.295181489529021, 46.574234224454358 ], [ 32.264318219284377, 46.575088495241815 ], [ 32.238558669385398, 46.577717020741709 ], [ 32.14550886668907, 46.539340548443228 ], [ 32.124480662689905, 46.541969073943129 ], [ 32.100298228090857, 46.561945867742338 ], [ 32.070858742492021, 46.582448366641529 ], [ 32.045624897693017, 46.582974071741511 ], [ 31.978860349995649, 46.616093493040204 ], [ 31.941535287897125, 46.646058683739021 ], [ 31.895273239098948, 46.625030479739848 ], [ 31.796966385402829, 46.589808238041236 ], [ 31.749652926404696, 46.596642404340969 ], [ 31.691299660306996, 46.621350544039991 ], [ 31.643986201308863, 46.636070286839413 ], [ 31.586158640311147, 46.621876249139973 ], [ 31.562041918849594, 46.561880154604843 ], [ 31.524716856751066, 46.60814220340302 ], [ 31.511785667352292, 46.57681437778249 ], [ 31.512979861653484, 46.577852807609609 ], [ 31.516095151134849, 46.573802931283836 ], [ 31.523312238433341, 46.5636782404694 ], [ 31.531983127489806, 46.556409231679552 ], [ 31.541484760407968, 46.550542103156317 ], [ 31.556022777987668, 46.544155759719523 ], [ 31.570612717058726, 46.539171296549334 ], [ 31.580373957433665, 46.537198279877799 ], [ 31.589719825877758, 46.537354044351872 ], [ 31.609138463644928, 46.539171296549334 ], [ 31.623520716750569, 46.539586668480183 ], [ 31.638577949243828, 46.5393270610234 ], [ 31.652233301470478, 46.537405965843227 ], [ 31.664434851939152, 46.536938672421023 ], [ 31.670042373005611, 46.537925180756794 ], [ 31.673573034417824, 46.538392474178998 ], [ 31.683334274792767, 46.541092391729514 ], [ 31.689097560333291, 46.541040470238158 ], [ 31.690603283582618, 46.541975057082567 ], [ 31.709035413014021, 46.545401875512063 ], [ 31.713656425744713, 46.544415367176299 ], [ 31.723936881033215, 46.544674974633082 ], [ 31.730167459995958, 46.546076854899695 ], [ 31.751974486365508, 46.546907598761393 ], [ 31.76744709078962, 46.544207681210878 ], [ 31.769202493963451, 46.542730573662169 ], [ 31.775962215372015, 46.537042515403741 ], [ 31.78977333207273, 46.533511853991527 ], [ 31.806492052289389, 46.528423547838628 ], [ 31.812203416338562, 46.529046605734898 ], [ 31.83868337693016, 46.523439084668439 ], [ 31.857063584870211, 46.517104662723 ], [ 31.864644122608198, 46.516793133774861 ], [ 31.8714977594672, 46.513781687276207 ], [ 31.879182140187897, 46.514716274120616 ], [ 31.884062760375368, 46.51783156360198 ], [ 31.892474041975053, 46.519389208342659 ], [ 31.902962183228979, 46.51835077851554 ], [ 31.906181315693058, 46.514716274120616 ], [ 31.917084828877833, 46.511600984639252 ], [ 31.936711152610428, 46.505370405676523 ], [ 31.954883674585055, 46.498620611800234 ], [ 31.968954398742547, 46.495089950388021 ], [ 31.971031258396788, 46.497322574516332 ], [ 31.974717684283071, 46.496076458723785 ], [ 31.976379172006464, 46.493272698190559 ], [ 31.985673118959202, 46.490780466605464 ], [ 31.988840329931922, 46.492649640294289 ], [ 32.006805165941124, 46.488859371425292 ], [ 32.01350303832605, 46.488521881731465 ], [ 32.016540445570385, 46.48795074532655 ], [ 32.020564361150477, 46.48644502207722 ], [ 32.022044123654126, 46.485847924926624 ], [ 32.023627729140486, 46.485847924926624 ], [ 32.025626706557695, 46.486652708042648 ], [ 32.028897760513125, 46.486808472516714 ], [ 32.035517750661022, 46.487613255632738 ], [ 32.038581118651031, 46.487820941598159 ], [ 32.04016442563168, 46.487366068874437 ], [ 32.043280013618755, 46.486470982822901 ], [ 32.045564559238429, 46.486678668788329 ], [ 32.053794115618359, 46.489767997524012 ], [ 32.055330805293515, 46.489964272529249 ], [ 32.061725123422988, 46.491663131958482 ], [ 32.065437510054949, 46.492441954328825 ], [ 32.068812406993089, 46.493688070121372 ], [ 32.071434442306575, 46.494285167271975 ], [ 32.073317810129566, 46.495211550558615 ], [ 32.080248115464272, 46.497932652039729 ], [ 32.08910072974048, 46.496712496992863 ], [ 32.096032248836522, 46.498192259496506 ], [ 32.099666753231446, 46.498789356647102 ], [ 32.101821495122721, 46.498010534276759 ], [ 32.103223375389334, 46.49759516234591 ], [ 32.110544305670544, 46.497802848311323 ], [ 32.118072921917175, 46.497906691294041 ], [ 32.129885061200682, 46.496115399842253 ], [ 32.133493604849932, 46.495622145674375 ] ] ] ] } }
]
}
