{
"type": "FeatureCollection",
"name": "russia",
"crs": { "type": "name", "properties": { "name": "urn:ogc:def:crs:OGC:1.3:CRS84" } },
"features": [
{ "type": "Feature", "properties": { "fid": null, "id": null }, "geometry": { "type": "MultiPolygon", "coordinates": [ [ [ [ 37.633881270561439, 49.824682359915379 ], [ 37.658351741943584, 49.812701910275095 ], [ 37.659797774717219, 49.809412185715068 ], [ 37.667136391043442, 49.808598792279909 ], [ 37.668871630371804, 49.807279287373959 ], [ 37.66982962708434, 49.807206985735277 ], [ 37.671781771328753, 49.808273434905836 ], [ 37.671799846738423, 49.808906074244298 ], [ 37.670580916645527, 49.81105207792897 ], [ 37.671356913079215, 49.812641394529123 ], [ 37.672897210163455, 49.814137891696262 ], [ 37.673612340001689, 49.815255548923126 ], [ 37.675211305782909, 49.816948386376048 ], [ 37.6759601, 49.8189248 ], [ 37.671444512913389, 49.824357872349978 ], [ 37.667122921094112, 49.826525968245811 ], [ 37.666621726508311, 49.841496004788056 ], [ 37.663441031829862, 49.85008997920076 ], [ 37.6674784, 49.8537266 ], [ 37.6553743, 49.8616562 ], [ 37.639574482875531, 49.864354103962022 ], [ 37.641270479804973, 49.867705381902347 ], [ 37.650549458487617, 49.873312392389195 ], [ 37.648543821729611, 49.875887812317089 ], [ 37.648315908461655, 49.878144153669851 ], [ 37.649860950599411, 49.878965460143817 ], [ 37.649598367808679, 49.891170248423307 ], [ 37.65505234719982, 49.889644142353973 ], [ 37.664853083813867, 49.882373951959217 ], [ 37.694172057974257, 49.890622405090433 ], [ 37.694764632470942, 49.890166578554521 ], [ 37.697340052398836, 49.889961456613356 ], [ 37.706792368866701, 49.892044560962375 ], [ 37.707960810685556, 49.89194430204455 ], [ 37.733476285687175, 49.900241777853878 ], [ 37.744348, 49.900549 ], [ 37.74841541574763, 49.913368149232319 ], [ 37.759697122511426, 49.914370967611319 ], [ 37.770910455294832, 49.912935114023206 ], [ 37.772128227630738, 49.915557587764155 ], [ 37.771913273673839, 49.917652918669845 ], [ 37.772585617814308, 49.918986211287397 ], [ 37.774796376513471, 49.920592999826482 ], [ 37.775206620395792, 49.921356509274133 ], [ 37.77339470991555, 49.923931929202041 ], [ 37.773147600103371, 49.927037500859704 ], [ 37.773525846040094, 49.929421866189429 ], [ 37.75283369829512, 49.940153020171188 ], [ 37.7475857470736, 49.954049374299345 ], [ 37.733403929765764, 49.955397715010562 ], [ 37.727901149998949, 49.960642996151428 ], [ 37.72780933747714, 49.96135489274976 ], [ 37.730510054125169, 49.962169544446176 ], [ 37.734401463461943, 49.966354302845005 ], [ 37.746174743432221, 49.969669848706879 ], [ 37.752148919968505, 49.9708236596259 ], [ 37.761161473295445, 49.968230662439666 ], [ 37.766475405546387, 49.977887546474605 ], [ 37.775218728288344, 49.982105366389725 ], [ 37.7804197, 49.993807 ], [ 37.779218606140965, 50.007412285880321 ], [ 37.775321289258926, 50.016540212261951 ], [ 37.77429567955312, 50.025309175246548 ], [ 37.765619797646345, 50.038981571811483 ], [ 37.764188301959535, 50.039429474265859 ], [ 37.76354562578242, 50.040116697173019 ], [ 37.762831341431948, 50.050313977239469 ], [ 37.757572651838778, 50.066180434602757 ], [ 37.762475055269803, 50.06719876798244 ], [ 37.762774107108974, 50.069260520578126 ], [ 37.75235288158521, 50.070400807579986 ], [ 37.736835285048791, 50.06889758774301 ], [ 37.724807146633097, 50.08287166125023 ], [ 37.718012287811796, 50.085739146237387 ], [ 37.706964402367369, 50.086179111285716 ], [ 37.69645190288292, 50.090896915932404 ], [ 37.67187510639711, 50.083082374357502 ], [ 37.669245996022916, 50.088244010289806 ], [ 37.668145075002855, 50.093871184079227 ], [ 37.664683642245777, 50.099742799644929 ], [ 37.665375928797182, 50.102152982453568 ], [ 37.66237602040772, 50.106255421276764 ], [ 37.661580775679511, 50.109086974475694 ], [ 37.650455927967514, 50.119395012063734 ], [ 37.663021953688869, 50.139299572750744 ], [ 37.651797362391385, 50.145240512699367 ], [ 37.649052550421459, 50.143274612881008 ], [ 37.633071266368205, 50.139284152282414 ], [ 37.61760815674959, 50.137305755119826 ], [ 37.603477859508729, 50.148158232084342 ], [ 37.605466748851136, 50.159094298695408 ], [ 37.626941205072399, 50.176099442241714 ], [ 37.637889588681816, 50.177125051947527 ], [ 37.640145930034606, 50.189470828781104 ], [ 37.637812667953902, 50.197034700361392 ], [ 37.626159177671774, 50.210303525930179 ], [ 37.616400282333899, 50.215541993558482 ], [ 37.582696704234834, 50.224069364177986 ], [ 37.571516687221305, 50.230419142222004 ], [ 37.559952400212751, 50.229324277657156 ], [ 37.533530982688077, 50.219211449693141 ], [ 37.527664326210889, 50.220055675869112 ], [ 37.522484497809089, 50.226466071239308 ], [ 37.522684822664409, 50.233219880647198 ], [ 37.530211313657084, 50.237541173954796 ], [ 37.5274277, 50.2431466 ], [ 37.54626591991903, 50.243980187161462 ], [ 37.570188368368214, 50.237877281148322 ], [ 37.609900742940248, 50.255201748231251 ], [ 37.628999088120501, 50.25537671748944 ], [ 37.628210397083386, 50.294403521805812 ], [ 37.641286920832336, 50.300249497128874 ], [ 37.638928018508992, 50.316095167083475 ], [ 37.60672387374688, 50.318915593774413 ], [ 37.565730348298231, 50.318454984481782 ], [ 37.557750636043316, 50.327347026976867 ], [ 37.530649273819186, 50.336863763625921 ], [ 37.50882942732828, 50.351760744602664 ], [ 37.490676135535615, 50.357786201624243 ], [ 37.476522721595586, 50.368683304748366 ], [ 37.475317630191277, 50.374349798372926 ], [ 37.468420404919776, 50.393092815746414 ], [ 37.470010099963773, 50.415117784178484 ], [ 37.458348908056429, 50.420844347257784 ], [ 37.450980747742335, 50.425983213062075 ], [ 37.435477842524854, 50.431817589243202 ], [ 37.396127740782312, 50.433777470763545 ], [ 37.377307802680875, 50.437469665704455 ], [ 37.354077742844531, 50.438341433954378 ], [ 37.342437072683687, 50.441059299674762 ], [ 37.322847927302909, 50.438443994924981 ], [ 37.295566709128636, 50.418342044691308 ], [ 37.290182258173196, 50.410547410927229 ], [ 37.244799028691567, 50.394291497090293 ], [ 37.234030126780659, 50.394855582428491 ], [ 37.223127254404147, 50.384601053526943 ], [ 37.194441592136791, 50.375984363841781 ], [ 37.185672629152194, 50.370446071430457 ], [ 37.184800860902264, 50.363702687614847 ], [ 37.1882832, 50.3539652 ], [ 37.1613571, 50.3437785 ], [ 37.158265293003652, 50.334212225564194 ], [ 37.14529846921323, 50.333414464488108 ], [ 37.132756340843116, 50.330137692211231 ], [ 37.127558702059105, 50.323019186920085 ], [ 37.121570118242744, 50.324111444345711 ], [ 37.120929829407032, 50.325354357967974 ], [ 37.112370738630354, 50.327086478478456 ], [ 37.112493082395304, 50.335222338847764 ], [ 37.118029697621751, 50.340005673091021 ], [ 37.132342036302362, 50.346031920956541 ], [ 37.140343290069573, 50.355001401627483 ], [ 37.122484592423362, 50.359333539648048 ], [ 37.105509, 50.351607 ], [ 37.09147258571705, 50.349439754395078 ], [ 37.083214220427273, 50.334240068737067 ], [ 37.07621443330072, 50.332780554985 ], [ 37.067668137022096, 50.346620379019171 ], [ 37.059509815217503, 50.346985249410331 ], [ 37.044856416545912, 50.344805828785489 ], [ 37.032625665157553, 50.348748476285238 ], [ 37.0381007, 50.334422599999989 ], [ 37.0488748, 50.3356774 ], [ 37.049071440934547, 50.333276301623151 ], [ 37.0443708, 50.3313439 ], [ 37.04240248015067, 50.326350314967669 ], [ 37.044434580787005, 50.326793300663709 ], [ 37.047358823166142, 50.324942225868455 ], [ 37.05264587557113, 50.321151995020458 ], [ 37.053913540876934, 50.319889768456243 ], [ 37.052056665428097, 50.319096294987361 ], [ 37.032523459833762, 50.309095380841768 ], [ 37.025933104766246, 50.307955230257072 ], [ 37.021969452185353, 50.306515798530327 ], [ 37.021187152333859, 50.306536659859702 ], [ 37.011386182274677, 50.304024395899404 ], [ 37.010652332857539, 50.302037904053648 ], [ 37.007754985438702, 50.30151227907951 ], [ 37.005032081485489, 50.301913350608892 ], [ 36.988575599201084, 50.301210352815346 ], [ 36.986627425499172, 50.301409718108864 ], [ 36.981969184657984, 50.302994598193884 ], [ 36.976086306591668, 50.30122550685369 ], [ 36.9738615, 50.2990686 ], [ 36.976124390444326, 50.297380857338638 ], [ 36.972829740704569, 50.29555810306703 ], [ 36.969653295216169, 50.29420740595102 ], [ 36.971509887084927, 50.289589839215502 ], [ 36.96385702362182, 50.287867690180541 ], [ 36.961370607263632, 50.286339155534115 ], [ 36.958119923582231, 50.285554507748941 ], [ 36.958271407295847, 50.284379324484632 ], [ 36.952355466472746, 50.283282900317921 ], [ 36.954025396028882, 50.280046726566376 ], [ 36.954299173332224, 50.278861378940519 ], [ 36.956210951731144, 50.275025407997234 ], [ 36.947359666027069, 50.265168576511911 ], [ 36.946503089991182, 50.263200934458467 ], [ 36.94573879294618, 50.262025264424963 ], [ 36.943639605365085, 50.261989598616537 ], [ 36.942632, 50.263060899999985 ], [ 36.942753733935092, 50.264400452620805 ], [ 36.940888243001524, 50.264358827318496 ], [ 36.936812150611054, 50.265377850416115 ], [ 36.935140952730961, 50.266315351665924 ], [ 36.931614329898366, 50.269825954255118 ], [ 36.930610607904093, 50.269632379299082 ], [ 36.926193373584908, 50.274384902360993 ], [ 36.92441778678176, 50.27689123607955 ], [ 36.921954013869211, 50.279632739110141 ], [ 36.9151097, 50.2813232 ], [ 36.8963769, 50.274672 ], [ 36.896822475635084, 50.26737870605826 ], [ 36.905386316678516, 50.268558157219928 ], [ 36.9080605, 50.2672708 ], [ 36.910049207298883, 50.264240928311338 ], [ 36.909242788719894, 50.262217932997544 ], [ 36.905503938944548, 50.260319832241848 ], [ 36.901349661416383, 50.261897682618695 ], [ 36.899773479648339, 50.262381962845552 ], [ 36.8988242, 50.2630026 ], [ 36.897781870127481, 50.262553803032837 ], [ 36.896071285262934, 50.261319664289559 ], [ 36.895802479069943, 50.260601037126456 ], [ 36.895448143633722, 50.259023143798288 ], [ 36.893761995695819, 50.255945320277412 ], [ 36.893505407966138, 50.25475007124777 ], [ 36.893480971039509, 50.2541329047814 ], [ 36.89372534030587, 50.25221104407207 ], [ 36.8992776, 50.2540704 ], [ 36.89920069908456, 50.254634819148286 ], [ 36.900234119433584, 50.255880469671588 ], [ 36.900301884702372, 50.256963617566868 ], [ 36.905655340936683, 50.256638675783982 ], [ 36.908468542745318, 50.254613010253664 ], [ 36.904972435790221, 50.251921977014973 ], [ 36.904550898805752, 50.251453215897421 ], [ 36.904447041867542, 50.251089922859443 ], [ 36.904508134184127, 50.249218724523168 ], [ 36.8887974, 50.2482311 ], [ 36.8809403, 50.2504327 ], [ 36.8684253, 50.2600501 ], [ 36.85675703068646, 50.256994632416351 ], [ 36.848285496308108, 50.257340551062761 ], [ 36.850977721785831, 50.258904605864103 ], [ 36.849631609046966, 50.260237898481641 ], [ 36.849413666984482, 50.260840444183799 ], [ 36.847952173153722, 50.261135306974218 ], [ 36.847900892668427, 50.262519880077051 ], [ 36.849272645649933, 50.263237806871111 ], [ 36.848964962738201, 50.264071114757073 ], [ 36.847516289028754, 50.264532639124674 ], [ 36.84617404551944, 50.263103493502555 ], [ 36.8443, 50.264233 ], [ 36.839324231503689, 50.262878843474063 ], [ 36.837055070029592, 50.260891724669094 ], [ 36.838067859614092, 50.258520002224436 ], [ 36.836093560930429, 50.256417502327558 ], [ 36.833383497228105, 50.25557200678368 ], [ 36.83293981108509, 50.252956069570502 ], [ 36.822583731231113, 50.249754919882385 ], [ 36.809806755237076, 50.248216448951062 ], [ 36.799517754797328, 50.245981923571037 ], [ 36.797581916477625, 50.247033173519483 ], [ 36.78883859373569, 50.246520368666573 ], [ 36.772227, 50.255269 ], [ 36.755070394172229, 50.259725093628752 ], [ 36.746660394584659, 50.263750611724006 ], [ 36.741891309452697, 50.264365977547492 ], [ 36.726485176343665, 50.267796390234778 ], [ 36.720148383689747, 50.276839955594291 ], [ 36.69961054933114, 50.27014785226396 ], [ 36.684687928111757, 50.265455687859919 ], [ 36.669765306892366, 50.246738310729064 ], [ 36.674994046304704, 50.238056657326396 ], [ 36.667448050129977, 50.232729799748697 ], [ 36.662619394546681, 50.224213094042177 ], [ 36.629766528366183, 50.227969653112943 ], [ 36.614899765887394, 50.226664460379261 ], [ 36.613561895014541, 50.223482610650059 ], [ 36.595113740431458, 50.229815750583384 ], [ 36.575053582718681, 50.241882624352414 ], [ 36.568820735121356, 50.244585985460937 ], [ 36.549727329588919, 50.243408548191674 ], [ 36.516911000364246, 50.241302579288366 ], [ 36.505139430324469, 50.237361710923516 ], [ 36.489193898064997, 50.242917914575003 ], [ 36.479450605859903, 50.243994804766089 ], [ 36.465012976676981, 50.251566343478608 ], [ 36.457835881310167, 50.251840719015462 ], [ 36.445426003869997, 50.24868696917013 ], [ 36.42732399256262, 50.25322529211828 ], [ 36.422426706217422, 50.254199621338778 ], [ 36.418849892368449, 50.256084179173186 ], [ 36.417022974884823, 50.258435712051806 ], [ 36.40637591432165, 50.261622471584523 ], [ 36.398145396432625, 50.262699361775589 ], [ 36.383274055698521, 50.268955580980972 ], [ 36.368120706268726, 50.270656687336988 ], [ 36.362351617700206, 50.285775580156091 ], [ 36.342557350378264, 50.291724116449707 ], [ 36.324455339070916, 50.293159970037834 ], [ 36.297845222460971, 50.299048327265275 ], [ 36.286841103110696, 50.307749268102846 ], [ 36.281456652155256, 50.320159145543023 ], [ 36.283345115309061, 50.335675770312129 ], [ 36.271764640435428, 50.35410682680498 ], [ 36.248996104966665, 50.363593716583637 ], [ 36.228027710308808, 50.357911502660237 ], [ 36.2238491, 50.358275 ], [ 36.219057223620275, 50.363758970551274 ], [ 36.221466815288586, 50.367858872792887 ], [ 36.228888023308627, 50.370901364574259 ], [ 36.219041891496794, 50.378368906407914 ], [ 36.218873911034912, 50.379917256763079 ], [ 36.207402905964052, 50.390867073648799 ], [ 36.200811678976208, 50.388874995831699 ], [ 36.198555337623453, 50.391669782280005 ], [ 36.19456827989216, 50.390439050633034 ], [ 36.192222197690135, 50.390926215243304 ], [ 36.189696633789609, 50.390503151239656 ], [ 36.188491542385293, 50.394297907151113 ], [ 36.1897284, 50.3984791 ], [ 36.190506605090569, 50.403422672073731 ], [ 36.184531454423713, 50.406311027857647 ], [ 36.171038211780527, 50.416178605302072 ], [ 36.167299881839192, 50.42152143477945 ], [ 36.166505034317197, 50.428316099080369 ], [ 36.1598385712295, 50.43321338542556 ], [ 36.156056581314743, 50.433420668067342 ], [ 36.145556956076234, 50.435931251145938 ], [ 36.124557597349977, 50.44034137288088 ], [ 36.1157373538801, 50.440674696035252 ], [ 36.077584672824344, 50.455167843190317 ], [ 36.067457459122728, 50.450962268250557 ], [ 36.022908079144599, 50.444523234887733 ], [ 36.004555521984216, 50.443926168787776 ], [ 35.995798657325466, 50.441889415591298 ], [ 35.973709498806173, 50.436338022985808 ], [ 35.970511019538847, 50.432142905295152 ], [ 35.943345182456476, 50.432399307721617 ], [ 35.941011920375786, 50.430719871828352 ], [ 35.934842517540247, 50.428820454201578 ], [ 35.924127820594045, 50.431963423596635 ], [ 35.912974315043478, 50.431822402262085 ], [ 35.903332, 50.433939 ], [ 35.889436572295367, 50.433937722280312 ], [ 35.88645150205982, 50.436339841921772 ], [ 35.86521936311717, 50.428476350596931 ], [ 35.859091067075674, 50.428962237594227 ], [ 35.850399302868368, 50.430219887096783 ], [ 35.840245766780953, 50.426886655552934 ], [ 35.836553571840071, 50.427091777494098 ], [ 35.831066559914042, 50.437194033096226 ], [ 35.794708695843433, 50.419963790038778 ], [ 35.7918369886672, 50.416040832914092 ], [ 35.796965037196195, 50.410271778318972 ], [ 35.801434434438519, 50.411183957343283 ], [ 35.803988922760496, 50.410958329222126 ], [ 35.806018153103594, 50.409743360048552 ], [ 35.805887841636654, 50.404682205422368 ], [ 35.744045676028115, 50.363718858099261 ], [ 35.675891811426553, 50.359478457639256 ], [ 35.643995349576173, 50.356196506580702 ], [ 35.618252545960594, 50.36076046977152 ], [ 35.60806016745763, 50.371938594677545 ], [ 35.597164408481028, 50.383642244362179 ], [ 35.586025577017629, 50.39282316284531 ], [ 35.587408366253243, 50.432635713801432 ], [ 35.590791846087818, 50.439065770809336 ], [ 35.587458614543969, 50.447988575249795 ], [ 35.572843676236324, 50.453475587175816 ], [ 35.56184401214162, 50.456167812653561 ], [ 35.552562244304148, 50.459321562498893 ], [ 35.545818860488517, 50.458629275947487 ], [ 35.534742275665877, 50.464911135395511 ], [ 35.530127031989778, 50.469577659556911 ], [ 35.511614776800094, 50.477115890894538 ], [ 35.507204655065145, 50.482654183305847 ], [ 35.483154107464138, 50.499679304422123 ], [ 35.470539108082797, 50.499730584907418 ], [ 35.45853947452494, 50.514755767097384 ], [ 35.447411609217014, 50.524191376390739 ], [ 35.440078499820544, 50.537062778198518 ], [ 35.442027158261574, 50.545472777786081 ], [ 35.433412036732854, 50.559318508814385 ], [ 35.419463744733989, 50.570036130239991 ], [ 35.402079660220679, 50.576497471386531 ], [ 35.404387282058728, 50.58501003194467 ], [ 35.416643318043043, 50.59362515347339 ], [ 35.431053134409531, 50.602188994516808 ], [ 35.423412342101322, 50.617111615736199 ], [ 35.413002403587456, 50.616701371853878 ], [ 35.405566733220404, 50.629829176088123 ], [ 35.407053867293826, 50.642956980322367 ], [ 35.416181793675442, 50.665110149967632 ], [ 35.414333308421284, 50.678067253984672 ], [ 35.411463989028761, 50.679596887062061 ], [ 35.40665237179001, 50.68924543108708 ], [ 35.404646873897917, 50.689428674549298 ], [ 35.403038403507303, 50.695109221878262 ], [ 35.401175428308029, 50.697827333234507 ], [ 35.397900300669569, 50.699160392200199 ], [ 35.392823532625854, 50.699339873898715 ], [ 35.3876151, 50.7038809 ], [ 35.388515971861501, 50.707852434456854 ], [ 35.431437709765312, 50.718452075786885 ], [ 35.423181579917532, 50.724467311690823 ], [ 35.421643483706042, 50.727633188675433 ], [ 35.415337070417934, 50.729298457903631 ], [ 35.408464080639305, 50.730441488227108 ], [ 35.4046798, 50.7372732 ], [ 35.418925299638467, 50.742415481542324 ], [ 35.419822708131043, 50.745851274056754 ], [ 35.419258622792853, 50.748030694681574 ], [ 35.416284354646024, 50.750979322585749 ], [ 35.416429695852592, 50.755044642256458 ], [ 35.4155463, 50.7589082 ], [ 35.3937989, 50.7812626 ], [ 35.394618349611008, 50.785568009913852 ], [ 35.396695209265253, 50.790875540141364 ], [ 35.392156886317089, 50.792003710817745 ], [ 35.381336703920894, 50.800259868949425 ], [ 35.3786917, 50.8075476 ], [ 35.392736101593066, 50.815768805756711 ], [ 35.396643928779966, 50.827618007851655 ], [ 35.392714997841857, 50.840165688849098 ], [ 35.394695270338943, 50.849155811673448 ], [ 35.384781587164127, 50.86803031989745 ], [ 35.393464538691973, 50.87594986523748 ], [ 35.405259050308672, 50.879488218722493 ], [ 35.394797831309511, 50.885693157442581 ], [ 35.383567405031009, 50.893436510721365 ], [ 35.389567221809941, 50.897128705662254 ], [ 35.409258928161286, 50.900872181088417 ], [ 35.405976977102725, 50.909846266014164 ], [ 35.4005445, 50.9147915 ], [ 35.387646218862074, 50.915277475743757 ], [ 35.3767521, 50.9195643 ], [ 35.354599, 50.9161034 ], [ 35.3471943, 50.9198782 ], [ 35.346159399973629, 50.923654703922992 ], [ 35.337414968270004, 50.925076570145293 ], [ 35.332276914441074, 50.929438205053096 ], [ 35.319370595869145, 50.943385048902194 ], [ 35.3131757, 50.9447507 ], [ 35.312357535048378, 50.949388323770428 ], [ 35.306338994184259, 50.955280775981095 ], [ 35.30010841522153, 50.958537086797008 ], [ 35.29921100672896, 50.961306233002666 ], [ 35.303416006522738, 50.963024129259885 ], [ 35.307569725831236, 50.975408366457394 ], [ 35.325569176168017, 50.987459280500552 ], [ 35.340466157144753, 50.998356383624674 ], [ 35.333902255027624, 51.006458700300499 ], [ 35.348914338064311, 51.011520092880779 ], [ 35.367690634340924, 51.010756521137353 ], [ 35.375560938957925, 51.011727424646985 ], [ 35.384849417163231, 51.010535498881048 ], [ 35.385951947596972, 51.013202084116131 ], [ 35.393387617964017, 51.013432846299935 ], [ 35.392772252140539, 51.016509675417332 ], [ 35.395772160530001, 51.017381443667261 ], [ 35.399977160323779, 51.021176199578726 ], [ 35.411566549999321, 51.022560772681544 ], [ 35.411361428058164, 51.028406748004613 ], [ 35.406053897830645, 51.031534857607298 ], [ 35.411233226844935, 51.036329582981914 ], [ 35.404140086117501, 51.051624313863819 ], [ 35.398129249340151, 51.053220590555235 ], [ 35.37846499674464, 51.069174733810158 ], [ 35.364567985231055, 51.06694403270005 ], [ 35.357670759959547, 51.066405587604493 ], [ 35.354414449143626, 51.064508209648764 ], [ 35.351414540754163, 51.063482599942965 ], [ 35.346696736107482, 51.064918453531085 ], [ 35.340927681512369, 51.067508118038226 ], [ 35.338055974336129, 51.072584886081934 ], [ 35.329398, 51.071234 ], [ 35.306903079522449, 51.061867264656335 ], [ 35.299348942575044, 51.062946040661267 ], [ 35.28972411695031, 51.0650466547443 ], [ 35.287101116172558, 51.066592931361313 ], [ 35.273866599766897, 51.057562877971364 ], [ 35.26160787512724, 51.05737331006457 ], [ 35.24404281964803, 51.06109485234682 ], [ 35.225915168098012, 51.052377169847517 ], [ 35.222505015826222, 51.052428450332812 ], [ 35.222017851215973, 51.050325950435919 ], [ 35.221468787892498, 51.0505655033406 ], [ 35.220658918355788, 51.051377200384366 ], [ 35.220556357385206, 51.052300249119583 ], [ 35.215428308856204, 51.050787474803528 ], [ 35.214274497937176, 51.049223420002178 ], [ 35.197122448803654, 51.049980382758349 ], [ 35.189475925258179, 51.053599447408935 ], [ 35.179868199830679, 51.06551704166499 ], [ 35.166378524676325, 51.077812290551371 ], [ 35.166122122249881, 51.080966040396703 ], [ 35.146507336626449, 51.077607168610193 ], [ 35.149313902781088, 51.095275043430163 ], [ 35.158056076813928, 51.102539973198681 ], [ 35.157631817146779, 51.103136716010567 ], [ 35.155815985771333, 51.103584268064211 ], [ 35.154441384449747, 51.103200652283533 ], [ 35.150775780925507, 51.106280144721268 ], [ 35.155222022237318, 51.109817578320893 ], [ 35.166788768558668, 51.123375001731532 ], [ 35.128995050899945, 51.139118110715557 ], [ 35.116980246869232, 51.124887172210123 ], [ 35.097785434231156, 51.127039164166256 ], [ 35.050168045016548, 51.11269629186215 ], [ 35.046997554921262, 51.112862502247083 ], [ 35.047667235844372, 51.115502553238876 ], [ 35.042838, 51.116499 ], [ 35.041098180620942, 51.11180697504809 ], [ 35.036754277984592, 51.110195917012 ], [ 35.033831290323064, 51.113965032680817 ], [ 35.030561, 51.112242 ], [ 35.028294, 51.106061 ], [ 35.0193974, 51.1068814 ], [ 34.998439496228194, 51.101560904248849 ], [ 34.973151762110831, 51.106406896193214 ], [ 34.965756446100606, 51.115695749059348 ], [ 34.955590089891871, 51.122644254816144 ], [ 34.94692368787787, 51.130387608094921 ], [ 34.936385548150781, 51.130361967852281 ], [ 34.928744755842558, 51.137925839432548 ], [ 34.927625327404762, 51.140259842570316 ], [ 34.922719298821001, 51.141015488671272 ], [ 34.899399777405719, 51.130796647829968 ], [ 34.876695063273218, 51.12886201365756 ], [ 34.863724392870957, 51.121765596491642 ], [ 34.850229513492181, 51.121852284896299 ], [ 34.836952687173472, 51.118016191018725 ], [ 34.809261225116892, 51.130144025789782 ], [ 34.806492078911219, 51.142323141046148 ], [ 34.800910029124402, 51.142593348399878 ], [ 34.786313207949611, 51.152835640530611 ], [ 34.770556887540081, 51.152098479913057 ], [ 34.760519123848738, 51.153989451449625 ], [ 34.744968316684542, 51.166604450830967 ], [ 34.736852593224235, 51.180051882428835 ], [ 34.716773234755351, 51.19291232181785 ], [ 34.690942753137797, 51.180136616194638 ], [ 34.699885789093003, 51.202042677055061 ], [ 34.668678036944101, 51.209867812133105 ], [ 34.665040740955277, 51.230009029377293 ], [ 34.662987029614655, 51.249209993236612 ], [ 34.667150125193686, 51.253614338039299 ], [ 34.609404958432478, 51.258810475166257 ], [ 34.607400734112112, 51.260987904057515 ], [ 34.599104328100793, 51.257091397225423 ], [ 34.597293010224831, 51.252104983921555 ], [ 34.586387308135919, 51.243184948520351 ], [ 34.57781368187657, 51.2434447553767 ], [ 34.565899681749947, 51.249680119928939 ], [ 34.539547843463637, 51.254059721221616 ], [ 34.527933670995239, 51.258525301468183 ], [ 34.517352914878828, 51.258624898840203 ], [ 34.503546036227412, 51.259515665204809 ], [ 34.511210338489562, 51.25188847820786 ], [ 34.504659494183173, 51.24626551553127 ], [ 34.486305995545749, 51.244397380516702 ], [ 34.47873448144658, 51.248368713892233 ], [ 34.476420963249616, 51.248566661973264 ], [ 34.472907384811442, 51.250694603844266 ], [ 34.466919455360468, 51.253168954857067 ], [ 34.447916439582166, 51.263462255070316 ], [ 34.445200839345603, 51.261668350585957 ], [ 34.431616652285335, 51.258736244635791 ], [ 34.424384200352669, 51.269499429701163 ], [ 34.4061823, 51.2686798 ], [ 34.399400602098694, 51.257400095088883 ], [ 34.391829087999554, 51.260480662099837 ], [ 34.383589499126934, 51.25988681785676 ], [ 34.382401810640765, 51.262559116950598 ], [ 34.386113337159962, 51.268757366237665 ], [ 34.3790598, 51.2705593 ], [ 34.374180779400767, 51.272357546961281 ], [ 34.361332850884097, 51.260720755341069 ], [ 34.344162677042235, 51.249568060078843 ], [ 34.297838271924071, 51.242741841426948 ], [ 34.276460387496456, 51.254426156037368 ], [ 34.262265019794498, 51.256371656630755 ], [ 34.255160172430244, 51.266231831259439 ], [ 34.25228867372828, 51.274197871370369 ], [ 34.25774645026938, 51.274711917515106 ], [ 34.261541112596959, 51.274944400667827 ], [ 34.27036373156708, 51.278360337756254 ], [ 34.272580697359572, 51.281414321245911 ], [ 34.272966202202745, 51.282965743175758 ], [ 34.273508203456423, 51.285146967733269 ], [ 34.27868866433888, 51.287499666125306 ], [ 34.281898867571059, 51.287810018099414 ], [ 34.286176579413521, 51.28822357332286 ], [ 34.291583261295209, 51.290553649614964 ], [ 34.294093969992225, 51.29336996132669 ], [ 34.302281882747245, 51.295154361361625 ], [ 34.304862433950241, 51.297204546992454 ], [ 34.307795948605765, 51.301854267500865 ], [ 34.309024900336162, 51.302520740474435 ], [ 34.310171408759061, 51.306801627172817 ], [ 34.309409476034823, 51.308447730654386 ], [ 34.312859346273143, 51.309544902500683 ], [ 34.313617186620583, 51.311094516345406 ], [ 34.318164228705193, 51.313944900935766 ], [ 34.316399704911163, 51.315822535229401 ], [ 34.310314360031782, 51.320211222614539 ], [ 34.314114872818905, 51.322858008305573 ], [ 34.316965257409237, 51.327834870288719 ], [ 34.31701050160909, 51.33152227257623 ], [ 34.31352669822089, 51.334417901366422 ], [ 34.3138434076198, 51.335662116862203 ], [ 34.318435693904249, 51.336680111358753 ], [ 34.319747775699803, 51.338037437354153 ], [ 34.316150861811984, 51.340978310344198 ], [ 34.315902018712826, 51.342222525839979 ], [ 34.317010501609069, 51.343331008736229 ], [ 34.33006345326487, 51.349687818814701 ], [ 34.337732345138896, 51.354483703998454 ], [ 34.339202781633915, 51.357469821188332 ], [ 34.337393013640046, 51.359483188081512 ], [ 34.332122064357897, 51.360365449978524 ], [ 34.331466023460116, 51.361270333975462 ], [ 34.332280419057362, 51.3621752179724 ], [ 34.337483502039738, 51.364007608066188 ], [ 34.336261908643877, 51.366179329658841 ], [ 34.328638260969697, 51.368486783851026 ], [ 34.323978108385475, 51.368237940751868 ], [ 34.312508703724319, 51.372649250236933 ], [ 34.308504592037885, 51.373056448035548 ], [ 34.307079399742712, 51.373735111033248 ], [ 34.306988911343019, 51.374187553031717 ], [ 34.307124643942558, 51.37663073982344 ], [ 34.303541625934393, 51.380668426613511 ], [ 34.287504985451918, 51.374341318583305 ], [ 34.284819253418092, 51.37493408232919 ], [ 34.292080947493496, 51.388190632884289 ], [ 34.281742647828494, 51.388937162181776 ], [ 34.277761158241979, 51.385770068192507 ], [ 34.272784296258834, 51.387172638387753 ], [ 34.262468618693774, 51.389751557779022 ], [ 34.259555152972808, 51.393593207269497 ], [ 34.261760850544391, 51.401052419516269 ], [ 34.245299814766305, 51.403821565721927 ], [ 34.234274510428953, 51.402847236501415 ], [ 34.220595111735562, 51.421094477222908 ], [ 34.221556950077023, 51.428538759631721 ], [ 34.250427863295293, 51.44643564899792 ], [ 34.240428168663747, 51.456589185085335 ], [ 34.278273166807757, 51.490690707803189 ], [ 34.289349751630404, 51.492177841876611 ], [ 34.288211012558236, 51.506399624471548 ], [ 34.279054469914129, 51.508688760132564 ], [ 34.28553223678469, 51.510198615568562 ], [ 34.289615138601789, 51.509207556424435 ], [ 34.296266035979258, 51.51251038301325 ], [ 34.293189430389674, 51.523459479376164 ], [ 34.282466555025991, 51.534770529337855 ], [ 34.262119813941425, 51.536894425049496 ], [ 34.261299326176783, 51.546688997739885 ], [ 34.255504631339015, 51.559303997121226 ], [ 34.243647031557458, 51.569699051619558 ], [ 34.249607375530665, 51.585969849472036 ], [ 34.238992315075635, 51.589662044412911 ], [ 34.220941584253559, 51.588995398104146 ], [ 34.214531523592321, 51.6066358850439 ], [ 34.192378353947049, 51.604533385147008 ], [ 34.184583720182964, 51.612738262793407 ], [ 34.178148019279071, 51.632686371571218 ], [ 34.173490041865278, 51.64402790556781 ], [ 34.170823456630195, 51.643856970616845 ], [ 34.166583560333365, 51.646062796191963 ], [ 34.134995490907542, 51.646506462356889 ], [ 34.12609832670973, 51.651813992584401 ], [ 34.109944973843383, 51.652583199863749 ], [ 34.097779731251457, 51.660526782811942 ], [ 34.082577680102943, 51.661612643608265 ], [ 34.080541691109829, 51.665232179596003 ], [ 34.080473824810063, 51.66627279619248 ], [ 34.080971511008372, 51.667041947589873 ], [ 34.082577680102936, 51.667901587386964 ], [ 34.083595674599486, 51.66941726808183 ], [ 34.088911868081482, 51.670390018378534 ], [ 34.088617780782478, 51.671498501274783 ], [ 34.092259938870143, 51.671815210673707 ], [ 34.096354538956277, 51.671724722274014 ], [ 34.097123690353676, 51.673692844967341 ], [ 34.098526260548923, 51.676565851657614 ], [ 34.101738598738045, 51.67762909035401 ], [ 34.102077930236895, 51.678307753351717 ], [ 34.104046052930229, 51.678986416349417 ], [ 34.106602350221571, 51.679190015248729 ], [ 34.107620344718121, 51.678217264952025 ], [ 34.108547850814979, 51.678420863851329 ], [ 34.109588467411456, 51.679212637348648 ], [ 34.110855305007163, 51.679122148948956 ], [ 34.110629084007932, 51.679959166646121 ], [ 34.111194636506013, 51.680208009745279 ], [ 34.111828055303874, 51.679551968847498 ], [ 34.11334373599874, 51.680841428543133 ], [ 34.114316486295444, 51.68109027164229 ], [ 34.11467843989422, 51.681814178839844 ], [ 34.114655817794294, 51.682311865038152 ], [ 34.11467843989422, 51.682832173336394 ], [ 34.115221370292382, 51.683375103734555 ], [ 34.114814172493759, 51.684121633032028 ], [ 34.115560701791232, 51.684777673929801 ], [ 34.117076382486097, 51.68489078442942 ], [ 34.118750417880428, 51.684664563430182 ], [ 34.119610057677519, 51.684257365631559 ], [ 34.121532936171008, 51.684302609831406 ], [ 34.121193604672158, 51.684936028629259 ], [ 34.121487691971161, 51.68525273802819 ], [ 34.122166354968861, 51.685049139128878 ], [ 34.123795146163346, 51.685230115928263 ], [ 34.124157099762122, 51.684619319230329 ], [ 34.125785890956607, 51.684619319230329 ], [ 34.126736019153384, 51.685003894929032 ], [ 34.126170466655303, 51.685886156826044 ], [ 34.126555042353999, 51.686089755725355 ], [ 34.126306199254842, 51.686745796623129 ], [ 34.127030106452388, 51.686745796623129 ], [ 34.127573036850549, 51.687333971221136 ], [ 34.127233705351699, 51.687560192220374 ], [ 34.127912368349399, 51.687990012118917 ], [ 34.127256327451626, 51.688872274015928 ], [ 34.127980234649172, 51.689596181213474 ], [ 34.128862496546184, 51.689166361314932 ], [ 34.129518537443964, 51.689121117115086 ], [ 34.130332933041203, 51.688827029816082 ], [ 34.131712881136529, 51.689053250815313 ], [ 34.134269178427871, 51.688691297216536 ], [ 34.136169434821433, 51.689256849714624 ], [ 34.136893342018986, 51.689256849714624 ], [ 34.137707737616225, 51.688872274015928 ], [ 34.138725732112775, 51.689234227614698 ], [ 34.139743726609332, 51.689098495015159 ], [ 34.14101056420504, 51.689505692813782 ], [ 34.141282029404117, 51.690206977911402 ], [ 34.143091797397993, 51.690636797809951 ], [ 34.144946809591708, 51.689890268512478 ], [ 34.145037297991401, 51.688849651916001 ], [ 34.14582907148872, 51.688057878418682 ], [ 34.146643467085966, 51.687718546919832 ], [ 34.148634211879212, 51.688261477317994 ], [ 34.149878427374993, 51.688170988918301 ], [ 34.151303619670166, 51.688781785616236 ], [ 34.15168819536887, 51.689143739215005 ], [ 34.152683567765493, 51.688940140315694 ], [ 34.152412102566416, 51.689618803313401 ], [ 34.152909788764731, 51.690048623211943 ], [ 34.154900533557985, 51.690003379012097 ], [ 34.156642435252088, 51.689483070713855 ], [ 34.157298476149869, 51.688170988918301 ], [ 34.157450770392465, 51.68779025331181 ], [ 34.1582033601468, 51.685908778925963 ], [ 34.161189477336691, 51.686089755725348 ], [ 34.162546073267947, 51.687825615035237 ], [ 34.163293332629564, 51.688781785616236 ], [ 34.166121095119998, 51.688487698317232 ], [ 34.169050657060076, 51.690026001112024 ], [ 34.171064023953257, 51.690127800561676 ], [ 34.175102068789585, 51.691767902806134 ], [ 34.177488700331494, 51.69258229840338 ], [ 34.179649110874173, 51.692175100604757 ], [ 34.180531372771192, 51.692491810003681 ], [ 34.183065047962607, 51.692469187903761 ], [ 34.183675844660542, 51.693193095101307 ], [ 34.184377129758168, 51.69326096140108 ], [ 34.184942682256249, 51.694030112798472 ], [ 34.187091781748968, 51.694550421096707 ], [ 34.187046537549122, 51.695432682993719 ], [ 34.189037282342383, 51.695138595694715 ], [ 34.190371986237864, 51.695952991291961 ], [ 34.189602834840464, 51.697174584687822 ], [ 34.190914916636025, 51.697491294086753 ], [ 34.191593579633725, 51.696269700690884 ], [ 34.192950905629132, 51.696450677490276 ], [ 34.193720057026525, 51.697106718388049 ], [ 34.195303604021163, 51.697242450987595 ], [ 34.196095377518482, 51.697038852088284 ], [ 34.196525197417024, 51.694686153696253 ], [ 34.198334965410901, 51.693849135999073 ], [ 34.19903625050852, 51.69423371169777 ], [ 34.200936506902089, 51.693781269699308 ], [ 34.2024974317968, 51.694052734898385 ], [ 34.204035734591592, 51.693984868598612 ], [ 34.205415682686919, 51.694482554796927 ], [ 34.206139589884465, 51.695862502892254 ], [ 34.207429049580099, 51.697446049886892 ], [ 34.208944730274965, 51.699459416780073 ], [ 34.210958097168152, 51.701653760472645 ], [ 34.212609510462556, 51.702897975968426 ], [ 34.213717993358806, 51.703011086468045 ], [ 34.214464522656272, 51.702649132869269 ], [ 34.21704344204754, 51.702626510769349 ], [ 34.217631616645548, 51.702558644469576 ], [ 34.218468634342713, 51.702739621268961 ], [ 34.21916991944034, 51.702694377069115 ], [ 34.21978071613826, 51.703305173767049 ], [ 34.221319018933038, 51.702581266569474 ], [ 34.222020304030664, 51.701676382572536 ], [ 34.224437576295088, 51.701423080348036 ], [ 34.224893310720937, 51.700205946077517 ], [ 34.226569916002724, 51.700412479562935 ], [ 34.228739067707913, 51.700160701877671 ], [ 34.229201110117849, 51.69916545178917 ], [ 34.232222871096113, 51.697287695187399 ], [ 34.234123127489674, 51.696903119488702 ], [ 34.23525423248585, 51.697287695187399 ], [ 34.236407959581939, 51.697038852088241 ], [ 34.237044855821999, 51.697612458561444 ], [ 34.239188160639621, 51.697918125577409 ], [ 34.240660914367538, 51.699052218981421 ], [ 34.24154317626455, 51.699708259879202 ], [ 34.243533921057811, 51.700251190277363 ], [ 34.246395616698123, 51.700477411276594 ], [ 34.24795808703329, 51.701438147203241 ], [ 34.249058869491321, 51.701579743786077 ], [ 34.249868109036363, 51.702275868220504 ], [ 34.250840859333067, 51.702626510769321 ], [ 34.251564766530613, 51.702185379820811 ], [ 34.252379162127859, 51.702445533969929 ], [ 34.252691839113346, 51.702047062355945 ], [ 34.254098441722029, 51.702004403021427 ], [ 34.254426462170912, 51.702524711319661 ], [ 34.255795099216279, 51.70264913286924 ], [ 34.255919520765858, 51.702287179270463 ], [ 34.25568198871666, 51.70199309197146 ], [ 34.256123119665169, 51.701778182022188 ], [ 34.256564250613671, 51.701823426222035 ], [ 34.25700538156218, 51.701597205222804 ], [ 34.258509751207086, 51.701416228423419 ], [ 34.258894326905782, 51.701823426222035 ], [ 34.259867077202486, 51.70163113837269 ], [ 34.260862449599117, 51.701778182022188 ], [ 34.261292269497666, 51.701122141124415 ], [ 34.261507179446937, 51.701054274824642 ], [ 34.261880444095674, 51.7013031179238 ], [ 34.262672217592993, 51.701167385324261 ], [ 34.262830572292451, 51.701721626772382 ], [ 34.264063476738279, 51.701450161573298 ], [ 34.264334941937371, 51.701563272072917 ], [ 34.26401823253844, 51.701936536721654 ], [ 34.264255764587638, 51.702298490320423 ], [ 34.265092782284803, 51.702569955519508 ], [ 34.264606407136455, 51.703406973216673 ], [ 34.266608462979669, 51.703022397517977 ], [ 34.26824856522412, 51.703746304715523 ], [ 34.268339053623812, 51.703305173767014 ], [ 34.269142138171091, 51.703067641717823 ], [ 34.271347792913609, 51.702954531218218 ], [ 34.27367786920572, 51.703452217416526 ], [ 34.274141622254149, 51.703542705816226 ], [ 34.27400588965461, 51.70406301411446 ], [ 34.274582753202658, 51.703938592564882 ], [ 34.277059873144267, 51.704198746713999 ], [ 34.278858330088177, 51.705250674360435 ], [ 34.279684036735382, 51.70502445336119 ], [ 34.279717969885269, 51.705725738458817 ], [ 34.280068612434079, 51.705601316909238 ], [ 34.280181722933698, 51.705250674360428 ], [ 34.282817197574772, 51.70545427325974 ], [ 34.28297555227423, 51.704877409711692 ], [ 34.284864497617839, 51.704911342861578 ], [ 34.286187890463353, 51.704628566612534 ], [ 34.287036219210485, 51.70512625281085 ], [ 34.287748815358071, 51.705092319660963 ], [ 34.288076835806955, 51.704707743962267 ], [ 34.290780176747809, 51.70476429921208 ], [ 34.291185906419472, 51.705339526002881 ], [ 34.291766350863192, 51.705675772421976 ], [ 34.29195652594381, 51.706042447857733 ], [ 34.292488145292012, 51.705827537908462 ], [ 34.294387286015137, 51.707194057365619 ], [ 34.295788123397308, 51.707299631019808 ], [ 34.296695855877765, 51.707546817502639 ], [ 34.2972038, 51.708245 ], [ 34.297736472474234, 51.708225480500339 ], [ 34.297498940425044, 51.709605428595665 ], [ 34.298924132720209, 51.711245530840095 ], [ 34.298426446521894, 51.713292830883162 ], [ 34.294852154733988, 51.718337559166052 ], [ 34.300178949065121, 51.723704848507488 ], [ 34.303535676141834, 51.723420276190907 ], [ 34.3090484, 51.7201572 ], [ 34.309653580213961, 51.720069943454867 ], [ 34.310653691530462, 51.719660952011523 ], [ 34.312339037974752, 51.719853239860868 ], [ 34.312689680523569, 51.719185887913135 ], [ 34.313357032471302, 51.718710823814739 ], [ 34.313526698220734, 51.718088716066845 ], [ 34.314884024216134, 51.717489230418877 ], [ 34.3153464, 51.7167608 ], [ 34.316825345471543, 51.7164013790807 ], [ 34.319284022651225, 51.715769950824701 ], [ 34.322428494540581, 51.715475863525697 ], [ 34.324690704532919, 51.715588974025316 ], [ 34.327450600723573, 51.715340130926158 ], [ 34.329249057667482, 51.715317508826232 ], [ 34.33161306710948, 51.714865066827763 ], [ 34.334915893698295, 51.713700028681707 ], [ 34.337508399681305, 51.713738683236386 ], [ 34.341374503226412, 51.713292830883084 ], [ 34.345299437563121, 51.714209025929989 ], [ 34.348048022703807, 51.714593601628685 ], [ 34.350741029552822, 51.714498960102375 ], [ 34.352561131638517, 51.713971493880791 ], [ 34.354676297981356, 51.712636789985311 ], [ 34.356738567627751, 51.713357165687015 ], [ 34.358227967669329, 51.713145787233586 ], [ 34.359086819333555, 51.713493355553148 ], [ 34.361112285409561, 51.713292830883098 ], [ 34.36190405890688, 51.712421880036047 ], [ 34.3635272, 51.7121714 ], [ 34.36539917334504, 51.712930877284322 ], [ 34.3654498, 51.7124362 ], [ 34.366813054590253, 51.712365324786241 ], [ 34.366995266867725, 51.71290029646665 ], [ 34.368803799383514, 51.712682034185171 ], [ 34.370599829051528, 51.713712388578436 ], [ 34.372593001120684, 51.714401313779334 ], [ 34.374796316761653, 51.714548963969278 ], [ 34.376857266956236, 51.714457869029147 ], [ 34.377773462003134, 51.714978177327382 ], [ 34.380035671995479, 51.715125220976887 ], [ 34.381024603458229, 51.715790581182858 ], [ 34.382750323986286, 51.715860439224393 ], [ 34.384596807928375, 51.716502704881819 ], [ 34.385736441176171, 51.717014166320489 ], [ 34.387410476570501, 51.717353497819339 ], [ 34.390701992109349, 51.718167893416563 ], [ 34.393462312254307, 51.717949294952334 ], [ 34.396086051891118, 51.716493858022233 ], [ 34.398858181907968, 51.71559708793577 ], [ 34.400293762476863, 51.715023421527214 ], [ 34.401537977972652, 51.715521107725529 ], [ 34.401537977972652, 51.717783317717867 ], [ 34.403144147067209, 51.717376119919251 ], [ 34.404388362562997, 51.718484602815494 ], [ 34.407238747153343, 51.717941672417339 ], [ 34.408799672048062, 51.718778690114505 ], [ 34.408071748145488, 51.719138223285647 ], [ 34.40861869524867, 51.720136016109905 ], [ 34.41142383563917, 51.719593085711743 ], [ 34.413505068832123, 51.720543213908527 ], [ 34.413572935131896, 51.721764807304389 ], [ 34.415925633523926, 51.722533958701781 ], [ 34.417825889917488, 51.722352981902397 ], [ 34.42004285570998, 51.721900539903928 ], [ 34.421739513204223, 51.722172005102976 ], [ 34.423051594999784, 51.722386915052255 ], [ 34.423176016549363, 51.722669691301292 ], [ 34.423074217099703, 51.723144755399687 ], [ 34.423639769597791, 51.723800796297461 ], [ 34.423119461299549, 51.724547325594934 ], [ 34.423583214347985, 51.725045011793249 ], [ 34.423323060198861, 51.726232672039224 ], [ 34.424271111670009, 51.727309299417691 ], [ 34.424906607193506, 51.727522131734844 ], [ 34.425754361342932, 51.728821705918079 ], [ 34.426422287888371, 51.729309277628793 ], [ 34.427417660285002, 51.729761719627263 ], [ 34.429126398031428, 51.729773756198725 ], [ 34.429815602876872, 51.729433699178372 ], [ 34.430176762372007, 51.729785789758566 ], [ 34.430787478911732, 51.729792786467932 ], [ 34.431365216721623, 51.729331899728713 ], [ 34.431930769219711, 51.729580742827871 ], [ 34.432552876967605, 51.729478943378219 ], [ 34.43375184826354, 51.730101051126113 ], [ 34.434339987091505, 51.731010853446392 ], [ 34.435154418458794, 51.731752464420531 ], [ 34.43551637205757, 51.73253292686789 ], [ 34.436211448349056, 51.732729790478864 ], [ 34.436161101905384, 51.73353961031448 ], [ 34.435448505757797, 51.733845008663444 ], [ 34.435459816807764, 51.734987424709573 ], [ 34.43654567760408, 51.736141151805668 ], [ 34.436613543903853, 51.736898992153101 ], [ 34.439362129044547, 51.738109274499003 ], [ 34.439916370492668, 51.741389478987898 ], [ 34.440561100340481, 51.743334979581306 ], [ 34.439950303642554, 51.743798732629735 ], [ 34.440221768841631, 51.744409529327669 ], [ 34.438050047248986, 51.746253230471424 ], [ 34.436998119602549, 51.748357085764304 ], [ 34.436930253302776, 51.748820838812733 ], [ 34.436081924555651, 51.749080992961858 ], [ 34.435742593056801, 51.749058370861931 ], [ 34.435459816807757, 51.749748344909598 ], [ 34.4358896367063, 51.750110298508368 ], [ 34.435731282006834, 51.75051749630699 ], [ 34.436319456604842, 51.750540118406917 ], [ 34.43620634610523, 51.751015182505306 ], [ 34.436692721253578, 51.75096993830546 ], [ 34.436704032303538, 51.751603357103313 ], [ 34.436624854953813, 51.75196531070209 ], [ 34.435855703556413, 51.751840889152511 ], [ 34.435810459356567, 51.752146287501475 ], [ 34.436070613505684, 51.75232726430086 ], [ 34.436047991405765, 51.752711839999556 ], [ 34.435516372057563, 51.752474307950365 ], [ 34.435278840008365, 51.7529946162486 ], [ 34.434826398009896, 51.75393343339541 ], [ 34.436319456604842, 51.755200270991125 ], [ 34.436511744454187, 51.756184332337789 ], [ 34.436353389754721, 51.757191015784379 ], [ 34.436930253302769, 51.757790501432346 ], [ 34.438366756647909, 51.757960167181778 ], [ 34.437326140051432, 51.758978161678328 ], [ 34.43654567760408, 51.760290243473882 ], [ 34.436285523454963, 51.761059394871282 ], [ 34.434826398009903, 51.762122633567678 ], [ 34.43518835160868, 51.762937029164924 ], [ 34.436149790855431, 51.764237799910518 ], [ 34.433616115663995, 51.765097439707603 ], [ 34.430528199024451, 51.766047567904387 ], [ 34.430528199024451, 51.766884585601552 ], [ 34.431127684672433, 51.768185356347132 ], [ 34.429770358677033, 51.768513376796022 ], [ 34.427960590683163, 51.768592554145755 ], [ 34.427214061385691, 51.769644481792191 ], [ 34.427756991783852, 51.770651165238782 ], [ 34.428446965831505, 51.772031113334108 ], [ 34.427881413333431, 51.773727770828344 ], [ 34.423877301646989, 51.773999236027429 ], [ 34.42209015575304, 51.774338567526279 ], [ 34.4216082, 51.7751489 ], [ 34.421547225354878, 51.77589949242099 ], [ 34.422169333102772, 51.776374556519386 ], [ 34.422712081127486, 51.776856366897995 ], [ 34.422244599481992, 51.777471843438988 ], [ 34.421445425905219, 51.777946792464057 ], [ 34.420517919808361, 51.778331368162753 ], [ 34.419737457361009, 51.778320057112794 ], [ 34.418425375565455, 51.778727254911423 ], [ 34.416849057991691, 51.778927031004692 ], [ 34.415495813625377, 51.779202319009819 ], [ 34.414432574928973, 51.780446534505607 ], [ 34.413437202532343, 51.78079717705441 ], [ 34.412283475436247, 51.781294863252725 ], [ 34.410473707442378, 51.781430595852264 ], [ 34.409920773913413, 51.782047900096522 ], [ 34.4094202, 51.7821585 ], [ 34.409297358246363, 51.782742677647825 ], [ 34.409862910744451, 51.78492571029043 ], [ 34.409659311845139, 51.785479951738552 ], [ 34.40853951789893, 51.786678923034493 ], [ 34.4082228085, 51.787606429131358 ], [ 34.407476279202534, 51.788296403179018 ], [ 34.40786085490123, 51.788952444076799 ], [ 34.407679878101838, 51.789529307624846 ], [ 34.407114325603757, 51.79017403747266 ], [ 34.40720481400345, 51.790683034720935 ], [ 34.408121009050348, 51.79085270047036 ], [ 34.408471651599157, 51.791214654069137 ], [ 34.408686561548436, 51.791768895517258 ], [ 34.409523579245601, 51.792424936415031 ], [ 34.409342602446216, 51.793307198312043 ], [ 34.408098386950428, 51.793827506610285 ], [ 34.408143631150274, 51.794268637558787 ], [ 34.408686561548436, 51.794540102757871 ], [ 34.410722550541543, 51.795207454705611 ], [ 34.410846972091122, 51.795761696153733 ], [ 34.41031535274292, 51.796723135400477 ], [ 34.410948771540774, 51.79774112989702 ], [ 34.412034632337097, 51.798317993445067 ], [ 34.412792472684529, 51.799347298991584 ], [ 34.413595557231815, 51.800478403987753 ], [ 34.414342086529281, 51.801360665884765 ], [ 34.414364708629208, 51.801801796833274 ], [ 34.413697356681467, 51.802254238831736 ], [ 34.413697356681467, 51.802627503480473 ], [ 34.414149798679937, 51.803306166478173 ], [ 34.414941572177263, 51.803826474776415 ], [ 34.415314836825999, 51.803883030026228 ], [ 34.415348769975886, 51.804256294674957 ], [ 34.41519041527642, 51.805014135022397 ], [ 34.415382703125765, 51.805353466521247 ], [ 34.415326147875959, 51.805919019019328 ], [ 34.415676790424776, 51.806461949417489 ], [ 34.416253653972817, 51.80710667926531 ], [ 34.416197098723011, 51.807762720163083 ], [ 34.416683473871366, 51.808350894761091 ], [ 34.417000183270289, 51.808656293110062 ], [ 34.416830517520864, 51.809131357208443 ], [ 34.416378075522395, 51.810805392602774 ], [ 34.415970877723773, 51.811812076049364 ], [ 34.416038744023545, 51.81320333519465 ], [ 34.413946199780625, 51.814820815339182 ], [ 34.414014066080398, 51.816381740233894 ], [ 34.413369336232584, 51.816596650183165 ], [ 34.412600184835185, 51.816540094933359 ], [ 34.411401213539243, 51.817343179480638 ], [ 34.41142383563917, 51.817840865678953 ], [ 34.411593501388595, 51.818971970675122 ], [ 34.412566251685298, 51.818824927025616 ], [ 34.412905583184148, 51.819356546373818 ], [ 34.414556996478531, 51.819820299422183 ], [ 34.414851083777535, 51.820238808270766 ], [ 34.414824999533323, 51.820554190496253 ], [ 34.414726662227956, 51.821743177915685 ], [ 34.415099926876692, 51.823315413860364 ], [ 34.415099926876692, 51.824797161405343 ], [ 34.415812523024279, 51.825181737104039 ], [ 34.415699412524667, 51.825905644301585 ], [ 34.41468141802811, 51.825973510601358 ], [ 34.414115865530029, 51.826335464200135 ], [ 34.413414580432402, 51.826380708399981 ], [ 34.412747228484662, 51.826640862549098 ], [ 34.41153694613876, 51.826720039898831 ], [ 34.411367280389335, 51.827217726097146 ], [ 34.410790416841287, 51.827692790195535 ], [ 34.41085828314106, 51.828133921144037 ], [ 34.411129748340144, 51.828382764243194 ], [ 34.410722550541522, 51.828823895191704 ], [ 34.409681933945045, 51.829072738290861 ], [ 34.409127692496924, 51.829604357639063 ], [ 34.409082448297077, 51.829841889688254 ], [ 34.408188875350106, 51.830656285285485 ], [ 34.407612011802058, 51.831289704083339 ], [ 34.406503528905809, 51.831753457131768 ], [ 34.405768310658303, 51.831708212931922 ], [ 34.405315868659834, 51.831719523981889 ], [ 34.404908670861211, 51.831459369832764 ], [ 34.403845432164815, 51.831821323431541 ], [ 34.403144147067188, 51.831821323431541 ], [ 34.402872681868111, 51.832092788630618 ], [ 34.402736949268572, 51.832499986429241 ], [ 34.402182707820444, 51.832748829528398 ], [ 34.402137463620598, 51.833144716277054 ], [ 34.402374995669796, 51.833665024575296 ], [ 34.40153797797263, 51.833993045024187 ], [ 34.400893248124817, 51.834230577073377 ], [ 34.400825381825044, 51.83462646382204 ], [ 34.401074224924201, 51.834943173220964 ], [ 34.400938492324663, 51.835452170469246 ], [ 34.40053129452604, 51.835848057217916 ], [ 34.399773454178607, 51.835633147268645 ], [ 34.399106102230867, 51.835587903068799 ], [ 34.398235151383815, 51.836006411917381 ], [ 34.396255717640521, 51.835746257768257 ], [ 34.393224356250784, 51.835599214118758 ], [ 34.38980841916235, 51.835859368267876 ], [ 34.388994023565111, 51.8367981854147 ], [ 34.388496337366796, 51.837544714712166 ], [ 34.387950682002177, 51.838230974011729 ], [ 34.388043895368334, 51.839603325805179 ], [ 34.387819648783768, 51.84013508102489 ], [ 34.387353921320667, 51.840078389903567 ], [ 34.386901479322205, 51.840383788252531 ], [ 34.386482970473622, 51.841299983299429 ], [ 34.387715874919436, 51.843788414291005 ], [ 34.38664132517308, 51.844534943588478 ], [ 34.385182199728007, 51.843788414291005 ], [ 34.384537469880193, 51.844139056839815 ], [ 34.383517707335479, 51.843969254904401 ], [ 34.382263056405662, 51.843997223437839 ], [ 34.381144154891686, 51.844240856289467 ], [ 34.3797528957464, 51.844274789439353 ], [ 34.379068599076376, 51.844095553352531 ], [ 34.378983744349, 51.843471704892075 ], [ 34.377920505652604, 51.839795613654502 ], [ 34.372231047521879, 51.837273249513061 ], [ 34.359788892564019, 51.842159623096506 ], [ 34.351463959792184, 51.841424404849 ], [ 34.345491725412408, 51.84357350434172 ], [ 34.35015187799663, 51.851604349814515 ], [ 34.35406550128338, 51.855472728901411 ], [ 34.3462771, 51.8639982 ], [ 34.346034655810577, 51.864600746220525 ], [ 34.344089155217162, 51.865222853968412 ], [ 34.342731829221762, 51.866150360065276 ], [ 34.340786328628347, 51.866557557863892 ], [ 34.337142219963859, 51.867898711556954 ], [ 34.327886411019193, 51.871850858669433 ], [ 34.324113840984815, 51.875549842583432 ], [ 34.325549, 51.876084 ], [ 34.321783764692711, 51.877789430475843 ], [ 34.319793019899464, 51.87987066366879 ], [ 34.318367827604291, 51.881386344363655 ], [ 34.317236722608122, 51.882132873661128 ], [ 34.315788908213023, 51.882630559859436 ], [ 34.31327785512152, 51.883331844957063 ], [ 34.310563203130712, 51.883625932256066 ], [ 34.30902490033592, 51.883558065956301 ], [ 34.307712818540367, 51.883829531155378 ], [ 34.305925672646417, 51.884621304652697 ], [ 34.304726701350482, 51.885526188649635 ], [ 34.304477858251325, 51.887607421842581 ], [ 34.275498948249471, 51.888308706940222 ], [ 34.272128255360876, 51.885865520148492 ], [ 34.269685068569153, 51.883603310156154 ], [ 34.265929799981869, 51.880798169765654 ], [ 34.26375807838923, 51.879599198469705 ], [ 34.263463991090227, 51.878671692372848 ], [ 34.260070676101712, 51.878309738774085 ], [ 34.256157052814963, 51.87883004707232 ], [ 34.247628521143852, 51.880730303465889 ], [ 34.246610526647295, 51.882743670359069 ], [ 34.254234174321482, 51.88744906714313 ], [ 34.259572989903397, 51.889371945636618 ], [ 34.265364247483781, 51.908872195770577 ], [ 34.256994070512121, 51.920364222531667 ], [ 34.232946778293559, 51.913193016855956 ], [ 34.222585856528653, 51.919097384935952 ], [ 34.221726216731568, 51.922173990525529 ], [ 34.22360385102521, 51.92416473531879 ], [ 34.222789455427964, 51.924685043617025 ], [ 34.223241897426441, 51.926788898909919 ], [ 34.223875316224301, 51.928055736505634 ], [ 34.221703594631656, 51.929051108902257 ], [ 34.219373518339545, 51.930272702298126 ], [ 34.21740539564621, 51.930453679097511 ], [ 34.211161696067364, 51.933371929987615 ], [ 34.21165938226568, 51.935860360979191 ], [ 34.210279434170353, 51.936154448278195 ], [ 34.209781747972038, 51.936855733375822 ], [ 34.208922108174946, 51.937262931174438 ], [ 34.208492288276403, 51.937873727872372 ], [ 34.206840874981999, 51.938258303571068 ], [ 34.205279950087281, 51.939027454968468 ], [ 34.203719025192569, 51.940452647263641 ], [ 34.202949873795177, 51.941628996459656 ], [ 34.203198716894335, 51.942986322455056 ], [ 34.198810029509183, 51.950067039731074 ], [ 34.195190493521437, 51.953641331518973 ], [ 34.194738051522968, 51.956469094009393 ], [ 34.191254248134769, 51.959817164798054 ], [ 34.189874300039442, 51.962690171488326 ], [ 34.189643635147142, 51.967707132895818 ], [ 34.177997697579663, 51.96936369096575 ], [ 34.16650567081858, 51.969227958366211 ], [ 34.149629584275736, 51.967780143971105 ], [ 34.142888198498561, 51.967893254470724 ], [ 34.136689743119554, 51.972802250154096 ], [ 34.126916995952662, 51.983117927719157 ], [ 34.135219306624542, 51.989497359897555 ], [ 34.137730359716038, 51.994021779882232 ], [ 34.139200796211064, 51.997369850670886 ], [ 34.140105680207995, 51.997844914769274 ], [ 34.139969947608456, 51.999179618664755 ], [ 34.137866092315583, 52.000559566760082 ], [ 34.136825475719107, 52.00035596786077 ], [ 34.134201312127992, 52.001238229757782 ], [ 34.132866608232511, 52.002459823153643 ], [ 34.131373549637573, 52.004269591147519 ], [ 34.129122650695194, 52.005027431494945 ], [ 34.126227021905002, 52.006610978489583 ], [ 34.123376637314657, 52.006543112189817 ], [ 34.119915456026376, 52.006724088989202 ], [ 34.116386408438323, 52.005683472392725 ], [ 34.113784866947135, 52.005887071292037 ], [ 34.111975098953259, 52.006724088989202 ], [ 34.111024970756482, 52.005570361893106 ], [ 34.108830627063909, 52.005570361893106 ], [ 34.108287696665748, 52.005434629293568 ], [ 34.107201835869425, 52.005389385093721 ], [ 34.106591039171498, 52.005004809395025 ], [ 34.105188468976245, 52.004326146397325 ], [ 34.103627544081533, 52.004122547498014 ], [ 34.102292840186053, 52.004371390597171 ], [ 34.100731915291341, 52.004258280097552 ], [ 34.100121118593407, 52.004461878996864 ], [ 34.098831658897772, 52.004484501096783 ], [ 34.098537571598769, 52.004235657997633 ], [ 34.097768420201376, 52.004394012697091 ], [ 34.09627536160643, 52.004959565195179 ], [ 34.093130889717074, 52.005434629293582 ], [ 34.089873307328105, 52.011542596272896 ], [ 34.09073294712519, 52.013895294664927 ], [ 34.090009039927644, 52.016157504657265 ], [ 34.089873307328098, 52.018419714649596 ], [ 34.090325749326567, 52.020614058342161 ], [ 34.089488731629402, 52.021835651738037 ], [ 34.088040917234309, 52.026201717023248 ], [ 34.086299015540206, 52.029210456313059 ], [ 34.086841945938374, 52.031857242004087 ], [ 34.086004928241209, 52.033056213300029 ], [ 34.085688218842279, 52.035046958093282 ], [ 34.086140660840748, 52.036110196789686 ], [ 34.086593102839217, 52.037490144885012 ], [ 34.093515465415784, 52.038598627781276 ], [ 34.096999268803984, 52.042987315166414 ], [ 34.093289244416553, 52.046787827953544 ], [ 34.090348371426515, 52.050814561739905 ], [ 34.082023438654709, 52.054841295526266 ], [ 34.08179721765547, 52.062170855901449 ], [ 34.090330188219987, 52.079416319175053 ], [ 34.108175797100905, 52.090492903997699 ], [ 34.089236204533805, 52.104304448035798 ], [ 34.086029236572308, 52.108551647605083 ], [ 34.088801268796175, 52.110235192892063 ], [ 34.091738241640073, 52.110733866994657 ], [ 34.092774820290856, 52.11123253551991 ], [ 34.096523779744544, 52.111603880798576 ], [ 34.098717871222057, 52.111614490618237 ], [ 34.100786709445934, 52.113359771583596 ], [ 34.103067182477659, 52.117051690973319 ], [ 34.106643378822874, 52.119014224795649 ], [ 34.110858798669412, 52.122928426099726 ], [ 34.109891325262019, 52.127510468887884 ], [ 34.110478719830795, 52.129122557081956 ], [ 34.111791719455127, 52.130458849135422 ], [ 34.110927903912788, 52.131455739327123 ], [ 34.110893351291104, 52.132855590028072 ], [ 34.109766270944029, 52.133440976650668 ], [ 34.106401510471038, 52.135188576787826 ], [ 34.099352775645691, 52.143268250141922 ], [ 34.098454407481675, 52.149501956894404 ], [ 34.075561408456466, 52.178045785882837 ], [ 34.072021651886608, 52.201775586990252 ], [ 34.009854013304874, 52.210591800546887 ], [ 34.000315843040894, 52.218155672127082 ], [ 33.994019995297116, 52.229965507997925 ], [ 33.98216255124823, 52.234360305478738 ], [ 33.973923486611639, 52.230086931704562 ], [ 33.972897876905847, 52.231693720243648 ], [ 33.967974950318002, 52.234223557517957 ], [ 33.964214381396737, 52.234462866449306 ], [ 33.962026414024358, 52.236890142753033 ], [ 33.961718731112619, 52.239249045076377 ], [ 33.959120519857926, 52.240821646625271 ], [ 33.95693255248554, 52.242907053027075 ], [ 33.957889788210949, 52.244650589526934 ], [ 33.961752918102796, 52.246770182918922 ], [ 33.960693121406806, 52.247693231654139 ], [ 33.954573650162196, 52.247351361752209 ], [ 33.952454056770208, 52.24875302835013 ], [ 33.942984260486654, 52.248547906408966 ], [ 33.93672804128127, 52.249847012036312 ], [ 33.942215053207285, 52.258034796187587 ], [ 33.9414738738827, 52.266293401954066 ], [ 33.945343162809976, 52.275162478274446 ], [ 33.943958589707144, 52.28182894136215 ], [ 33.944727796986498, 52.283213514464983 ], [ 33.938522858266403, 52.289059489788045 ], [ 33.932574321972766, 52.290367142162935 ], [ 33.925036090635139, 52.295187507780199 ], [ 33.925548895488035, 52.298007934471144 ], [ 33.921600298120708, 52.304725678044143 ], [ 33.910010908445166, 52.308622994926182 ], [ 33.908010969518855, 52.308264031529148 ], [ 33.907908408548273, 52.303546226882467 ], [ 33.905562326346278, 52.302353955599493 ], [ 33.895685734350266, 52.307875587152218 ], [ 33.879563120304248, 52.307892248010802 ], [ 33.876293989367014, 52.30616153163227 ], [ 33.839218198502344, 52.320545707756125 ], [ 33.85402543862984, 52.332353039494144 ], [ 33.850217862597056, 52.337622109357689 ], [ 33.84398728363432, 52.342929639585201 ], [ 33.843718061086548, 52.345583404698964 ], [ 33.839333579594253, 52.346929517437822 ], [ 33.838389944672713, 52.348636091232102 ], [ 33.83752594248778, 52.350198648375063 ], [ 33.838267659391576, 52.35278341940343 ], [ 33.83879513449871, 52.354621590231325 ], [ 33.838602832678873, 52.358852230267743 ], [ 33.835295241377665, 52.361736757565311 ], [ 33.823795592551384, 52.364236681223211 ], [ 33.818564983051807, 52.363159791032118 ], [ 33.80560384039476, 52.366390461605391 ], [ 33.788412057701294, 52.366621223789188 ], [ 33.786642880958787, 52.365621254326037 ], [ 33.785450609675799, 52.365967397601743 ], [ 33.776297043051535, 52.365390492142232 ], [ 33.772527927382718, 52.363467473943857 ], [ 33.762887082713981, 52.362264486296262 ], [ 33.750643980285211, 52.360736788102159 ], [ 33.748374818811129, 52.357313815709055 ], [ 33.740105840558115, 52.356736910249545 ], [ 33.736990551076751, 52.355121574962908 ], [ 33.729567700831026, 52.353967764043887 ], [ 33.724375551695417, 52.353506239676271 ], [ 33.717491146545235, 52.362813647756411 ], [ 33.70879910428858, 52.36304440994023 ], [ 33.707222229365918, 52.363390553215936 ], [ 33.704337702068351, 52.362813647756425 ], [ 33.702530064961884, 52.362852108120393 ], [ 33.70229930277808, 52.362121361205006 ], [ 33.699722458392252, 52.361890599021201 ], [ 33.698337885289426, 52.362313663024842 ], [ 33.697760979829916, 52.362236742296908 ], [ 33.697760979829916, 52.36162137647343 ], [ 33.696914851822626, 52.361044471013919 ], [ 33.696337946363116, 52.360429105190434 ], [ 33.694722611076479, 52.359582977183152 ], [ 33.693491879429523, 52.359582977183152 ], [ 33.691684242323049, 52.359275294271413 ], [ 33.689030477209293, 52.359390675363315 ], [ 33.687838205926298, 52.359352214999348 ], [ 33.686876696827113, 52.359544516819184 ], [ 33.685607504816183, 52.35931375463538 ], [ 33.678838480757904, 52.355660020058465 ], [ 33.677876971658719, 52.354390828047542 ], [ 33.678838480757904, 52.353198556764546 ], [ 33.678530797846165, 52.352006285481558 ], [ 33.681992230603235, 52.350621712378725 ], [ 33.681607626963562, 52.349737124007476 ], [ 33.678915401485838, 52.348006407628937 ], [ 33.673684791986261, 52.347698724717198 ], [ 33.669454151949836, 52.346467993070235 ], [ 33.666569624652276, 52.344506514507898 ], [ 33.664262002814226, 52.344352673052029 ], [ 33.66033904568954, 52.34192967012207 ], [ 33.658492948219099, 52.340160493379564 ], [ 33.655108436189963, 52.339506667192119 ], [ 33.651877765616696, 52.339122063552438 ], [ 33.647531744488369, 52.340045112287662 ], [ 33.645224122650319, 52.33977588973989 ], [ 33.643531866635747, 52.339352825736249 ], [ 33.640147354606611, 52.339468206828151 ], [ 33.636762842577468, 52.339891270831792 ], [ 33.6319937574455, 52.338929761732601 ], [ 33.630416882522837, 52.33850669772896 ], [ 33.62935114097877, 52.338878861442765 ], [ 33.626840068673872, 52.339160523916384 ], [ 33.620532568983201, 52.337545188629747 ], [ 33.617532660593739, 52.336314456982784 ], [ 33.614417371112367, 52.335468328975502 ], [ 33.613071258373509, 52.335468328975502 ], [ 33.612571273641926, 52.334852963152024 ], [ 33.610763636535459, 52.334583740604252 ], [ 33.608879078701051, 52.334968344243926 ], [ 33.606532996499034, 52.334699121696154 ], [ 33.602686960102282, 52.332622262041909 ], [ 33.594917966580851, 52.326930128174723 ], [ 33.59322571056628, 52.326814747082821 ], [ 33.589879658901111, 52.324930189248413 ], [ 33.588956610165887, 52.323584076509547 ], [ 33.586302845052131, 52.322430265590526 ], [ 33.585495177408816, 52.322007201586885 ], [ 33.583572159210441, 52.321699518675146 ], [ 33.582341427563478, 52.320699549211987 ], [ 33.581418378828261, 52.320161104116444 ], [ 33.580533790457011, 52.320622628484053 ], [ 33.578226168618961, 52.318930372469481 ], [ 33.574264751130308, 52.316507369539529 ], [ 33.571149461648943, 52.316007384807953 ], [ 33.569786697852336, 52.314684702299481 ], [ 33.565918852149359, 52.310930616764246 ], [ 33.564149675406853, 52.310122949120931 ], [ 33.560980477138997, 52.305269222044032 ], [ 33.559880575006467, 52.303584687246456 ], [ 33.558649843359504, 52.30308470251488 ], [ 33.55484226732672, 52.303277004334717 ], [ 33.536342832258356, 52.304200053069927 ], [ 33.531689128218289, 52.305776927992596 ], [ 33.526696833363616, 52.307350257280127 ], [ 33.525343168163651, 52.307776866918907 ], [ 33.517933188078032, 52.307081746835827 ], [ 33.504843794168977, 52.305853848720531 ], [ 33.501582834301757, 52.309017175058791 ], [ 33.498420913386404, 52.312084427683267 ], [ 33.494901790083382, 52.311392141131854 ], [ 33.492276870242605, 52.310690239489446 ], [ 33.490949987685724, 52.311017152583169 ], [ 33.490017323859512, 52.310565243306556 ], [ 33.488488524391805, 52.310757545126393 ], [ 33.488216887248718, 52.310925678313346 ], [ 33.483113688527347, 52.314084366609578 ], [ 33.48244063215791, 52.317718871004494 ], [ 33.483094458345363, 52.319757270294772 ], [ 33.484171348536449, 52.319949572114609 ], [ 33.485479000911347, 52.31979573065874 ], [ 33.487709702021462, 52.321680288493148 ], [ 33.48905581476032, 52.324410974334839 ], [ 33.488959663850402, 52.328276240913588 ], [ 33.491440357326304, 52.33158383221479 ], [ 33.49640648386233, 52.332264186921954 ], [ 33.512074342594872, 52.334410668966378 ], [ 33.516189601539395, 52.344371903233956 ], [ 33.51484348880053, 52.347064128711686 ], [ 33.517958778281894, 52.355486948420562 ], [ 33.508112925106225, 52.358602237901934 ], [ 33.506497589819588, 52.357429196800929 ], [ 33.50601457939041, 52.357298683590273 ], [ 33.49817092102063, 52.355179265508831 ], [ 33.495690227544728, 52.355467718238586 ], [ 33.491190364960531, 52.357006132797281 ], [ 33.482921386707517, 52.358294554990202 ], [ 33.480133010319875, 52.358083022988382 ], [ 33.474056272813009, 52.358794539721778 ], [ 33.471094824787514, 52.359044532087573 ], [ 33.45563375847258, 52.365928937237747 ], [ 33.452172325715502, 52.365678944871966 ], [ 33.450345458427044, 52.362996334485217 ], [ 33.445960976934749, 52.361957904658098 ], [ 33.444961007471598, 52.362304047933804 ], [ 33.444576403831924, 52.361304078470646 ], [ 33.441461114350552, 52.361380999198587 ], [ 33.439365024514331, 52.360515641009322 ], [ 33.437442006315955, 52.358188788989288 ], [ 33.436365116124868, 52.357438811891925 ], [ 33.434980543022036, 52.354342752592544 ], [ 33.433307517189448, 52.353958148952856 ], [ 33.432019094996534, 52.354573514776341 ], [ 33.431499880082974, 52.355573484239493 ], [ 33.43050642107081, 52.355719122209862 ], [ 33.427826915324076, 52.356111929335036 ], [ 33.424230871293119, 52.355823476605288 ], [ 33.422019400364988, 52.353765847133026 ], [ 33.4212447288512, 52.353637857926401 ], [ 33.419807929436857, 52.353400473675329 ], [ 33.417192624687068, 52.352592806032014 ], [ 33.416711870137455, 52.356054238789106 ], [ 33.418231054514173, 52.360361799553473 ], [ 33.415577289400417, 52.362380968661761 ], [ 33.413615810838074, 52.362342508297793 ], [ 33.410239600394185, 52.362366063254377 ], [ 33.405346832585067, 52.362400198843737 ], [ 33.404404553667867, 52.363342477760938 ], [ 33.40515453076523, 52.36509242432146 ], [ 33.406388837697726, 52.36542011642743 ], [ 33.409500551893558, 52.366246235240482 ], [ 33.4081544391547, 52.36813079307489 ], [ 33.395492001188963, 52.374062435037828 ], [ 33.374040096315539, 52.373534474212306 ], [ 33.373030511761385, 52.371688376741844 ], [ 33.373549726674945, 52.369303834175859 ], [ 33.371511327384674, 52.364938582865548 ], [ 33.369434467730429, 52.362246357387825 ], [ 33.368511418995205, 52.361996365022037 ], [ 33.367126845892379, 52.361919444294102 ], [ 33.365280748421938, 52.361034855922853 ], [ 33.364280778958779, 52.360861784284999 ], [ 33.361203949841382, 52.364303986860087 ], [ 33.360102773652905, 52.36485812321763 ], [ 33.358857867639365, 52.363092485395107 ], [ 33.35568488761205, 52.360996395558878 ], [ 33.35516567269849, 52.358650313356861 ], [ 33.354146473053348, 52.353900458406876 ], [ 33.352973431952343, 52.353304322765375 ], [ 33.34885817300782, 52.352381274030158 ], [ 33.346992845355395, 52.351823598752631 ], [ 33.344146778421802, 52.351438995112957 ], [ 33.343646793690226, 52.351650527114778 ], [ 33.342896816592855, 52.352227432574288 ], [ 33.341204560578291, 52.352227432574288 ], [ 33.336608547084175, 52.351823598752638 ], [ 33.33578164925887, 52.352660111668932 ], [ 33.331781771406256, 52.352669726759906 ], [ 33.326916535364369, 52.353842767860918 ], [ 33.32287819714778, 52.354496594048364 ], [ 33.321675638729396, 52.355198086459083 ], [ 33.319416764390702, 52.356515763156658 ], [ 33.317609127284236, 52.35768880425767 ], [ 33.315763029813795, 52.358188788989246 ], [ 33.315205354536268, 52.358900305722642 ], [ 33.31532073562817, 52.360361799553409 ], [ 33.313974622889305, 52.360669482465148 ], [ 33.312532359240521, 52.361534840654414 ], [ 33.308782473753695, 52.361554070836398 ], [ 33.304744135537106, 52.361707912292275 ], [ 33.301628846055742, 52.359034916996535 ], [ 33.301596162643094, 52.358544665806804 ], [ 33.301551925327807, 52.357881106077507 ], [ 33.303051879522535, 52.357361891163947 ], [ 33.304609524263221, 52.355861936969212 ], [ 33.304282611169498, 52.355285031509702 ], [ 33.302724966428812, 52.355708095513343 ], [ 33.301609615873758, 52.355208110781767 ], [ 33.301417314053914, 52.354054299862746 ], [ 33.304590294081237, 52.352188972210321 ], [ 33.304359531897433, 52.351400534748976 ], [ 33.29241675471841, 52.356632817610723 ], [ 33.288763854308634, 52.359650282819977 ], [ 33.26055317733848, 52.364803971591598 ], [ 33.242697953366573, 52.368121177983788 ], [ 33.241004178736254, 52.368643329791276 ], [ 33.219929417897816, 52.375140194407855 ], [ 33.190584160190618, 52.381716916646297 ], [ 33.181892117933963, 52.381524614826461 ], [ 33.177739097813564, 52.379187509945055 ], [ 33.167309937676507, 52.373318518137019 ], [ 33.167738703993926, 52.365448182688048 ], [ 33.167007957078532, 52.346987207983673 ], [ 33.151431509671696, 52.343102711222961 ], [ 33.137278095731659, 52.345948778156554 ], [ 33.133932044066491, 52.345333412333076 ], [ 33.132893614239364, 52.343295013042798 ], [ 33.129509102210228, 52.342295043579639 ], [ 33.12981678512196, 52.338833610822569 ], [ 33.124547715258416, 52.335449098793433 ], [ 33.122137281053163, 52.333144121084665 ], [ 33.118394057023615, 52.32956466310641 ], [ 33.118451747569566, 52.328814686009039 ], [ 33.116471038825239, 52.328045478729692 ], [ 33.114874933720593, 52.326910897992647 ], [ 33.110048158042666, 52.324334053606826 ], [ 33.108009758752395, 52.324295593242859 ], [ 33.107221321291057, 52.324930189248327 ], [ 33.106690232039256, 52.325638308250738 ], [ 33.10629827255584, 52.32616092089529 ], [ 33.090587213875118, 52.322507186318383 ], [ 33.08545693941052, 52.314795775844573 ], [ 33.081337496340936, 52.308603764744134 ], [ 33.079645240326364, 52.30694996909353 ], [ 33.079606779962397, 52.305296173442933 ], [ 33.078587580317254, 52.304469275617627 ], [ 33.073491582091563, 52.304719267983415 ], [ 33.068876338415464, 52.303969290886052 ], [ 33.066895629671137, 52.302757789421072 ], [ 33.065876430026002, 52.303200083606697 ], [ 33.065299524566484, 52.303834679612159 ], [ 33.064145455937897, 52.304742546933319 ], [ 33.063857260917707, 52.304969260349203 ], [ 33.063145744184311, 52.305738467628551 ], [ 33.061741916851744, 52.306465751668313 ], [ 33.060838122346262, 52.306411523997987 ], [ 33.056722863401738, 52.307680716008917 ], [ 33.047701506256558, 52.307665680413663 ], [ 33.04518475421149, 52.30766148582692 ], [ 33.030223672628139, 52.301623208684013 ], [ 33.02617091177504, 52.289825492036989 ], [ 32.999993826549691, 52.28131613650919 ], [ 33.000070747277626, 52.278700831759409 ], [ 32.99905154763249, 52.276758583379049 ], [ 32.996412205155224, 52.272066418975008 ], [ 32.986316359613767, 52.271931807701122 ], [ 32.983374141770256, 52.273624063715687 ], [ 32.980547305018646, 52.273816365535524 ], [ 32.978412754818457, 52.273720214625605 ], [ 32.977951230450842, 52.273027928074193 ], [ 32.975355155883044, 52.272354871704763 ], [ 32.972586009677393, 52.272297181158812 ], [ 32.971682191124152, 52.272758705526421 ], [ 32.970241747980204, 52.272789572165223 ], [ 32.968989965646429, 52.272816396072372 ], [ 32.967336169995832, 52.272624094252535 ], [ 32.96597082707499, 52.27291254698229 ], [ 32.965336231069521, 52.273450992077834 ], [ 32.964624714336125, 52.273585603351719 ], [ 32.965211234886624, 52.271576049334428 ], [ 32.964922347124158, 52.271337791386003 ], [ 32.964278571060412, 52.27080684205508 ], [ 32.963653590145945, 52.269874178228868 ], [ 32.962884382866591, 52.269739566954975 ], [ 32.961345968307896, 52.268778057855791 ], [ 32.95926910865365, 52.26872036730984 ], [ 32.958480671192319, 52.268528065490003 ], [ 32.956980716997592, 52.269143431313474 ], [ 32.955923056988489, 52.26897035967562 ], [ 32.952692386415222, 52.26750886584486 ], [ 32.952134711137688, 52.266970420749317 ], [ 32.950115542029401, 52.266239673833937 ], [ 32.947654078735482, 52.26498971200499 ], [ 32.945961822720911, 52.264316655635561 ], [ 32.94523107580553, 52.263874361449936 ], [ 32.944173415796428, 52.263585908720181 ], [ 32.942961914331455, 52.262835931622817 ], [ 32.941788873230443, 52.262605169439006 ], [ 32.940250458671748, 52.262143645071397 ], [ 32.939538941938352, 52.261778271613707 ], [ 32.938096678289568, 52.26137443779205 ], [ 32.937519772830058, 52.26100906433436 ], [ 32.935769826269535, 52.260470619238816 ], [ 32.934654475714481, 52.26012447596311 ], [ 32.93230839351245, 52.259412959229685 ], [ 32.928808500391412, 52.257451480667342 ], [ 32.925097075268546, 52.256489971568158 ], [ 32.924039415259436, 52.25641305084023 ], [ 32.918453047393164, 52.253624674452588 ], [ 32.914299328084681, 52.25065361133607 ], [ 32.916491568830821, 52.248942125139521 ], [ 32.915645440823539, 52.244249960735495 ], [ 32.913972414990958, 52.243480753456147 ], [ 32.909453322224778, 52.243211530908368 ], [ 32.906741866565071, 52.242192331263226 ], [ 32.904838078548686, 52.242884617814646 ], [ 32.901992011615093, 52.24275000654076 ], [ 32.901030502515901, 52.244346111645406 ], [ 32.896203726837989, 52.245211469834679 ], [ 32.892453841351163, 52.245038398196819 ], [ 32.884607927101797, 52.24615374875188 ], [ 32.884454085645928, 52.246903725849243 ], [ 32.885569436200981, 52.248422910225962 ], [ 32.881300335800596, 52.256364975385246 ], [ 32.882124678109534, 52.258327068101401 ], [ 32.887319382761504, 52.270691460963121 ], [ 32.884473315827911, 52.273825980626469 ], [ 32.872021772993442, 52.27417212390219 ], [ 32.856195333220832, 52.274749029361693 ], [ 32.844637993848615, 52.277037421017752 ], [ 32.83665746832537, 52.278479684666536 ], [ 32.834547722484594, 52.276944137693775 ], [ 32.827330830063261, 52.271691430426309 ], [ 32.825167434590092, 52.268912669129641 ], [ 32.818129187984056, 52.259297578137776 ], [ 32.807928183899051, 52.262637372749197 ], [ 32.798687473998498, 52.265662768374405 ], [ 32.782072596764564, 52.262432097801138 ], [ 32.762823184598858, 52.256528431932125 ], [ 32.762092437683471, 52.258162997400746 ], [ 32.762092437683471, 52.259499495048622 ], [ 32.761784754771732, 52.260393698510867 ], [ 32.76090978149147, 52.262355177073204 ], [ 32.760813630581552, 52.263383991809334 ], [ 32.759909812028312, 52.264249349998607 ], [ 32.7586310049264, 52.265124323278862 ], [ 32.757044514912742, 52.266662737837564 ], [ 32.755784937992807, 52.267056956568226 ], [ 32.754275368707091, 52.266912730203344 ], [ 32.726478140649618, 52.256989956299726 ], [ 32.725305099548613, 52.257566861759244 ], [ 32.72455512245125, 52.258047616308836 ], [ 32.722651334434858, 52.258047616308836 ], [ 32.721382142423934, 52.258393759584543 ], [ 32.717093811841558, 52.25916296686389 ], [ 32.712267036163645, 52.255143858829292 ], [ 32.706767204116304, 52.251701656254205 ], [ 32.706478751386548, 52.251817037346107 ], [ 32.705837575100119, 52.251388171088301 ], [ 32.700671236427461, 52.247932540585396 ], [ 32.70035266808005, 52.252918827762215 ], [ 32.700228942241836, 52.254855406099537 ], [ 32.696042650363914, 52.255322508140651 ], [ 32.691094605799563, 52.255874605744673 ], [ 32.690056175972444, 52.255855375562689 ], [ 32.689014032661717, 52.259242341322555 ], [ 32.688748523597553, 52.260105245781091 ], [ 32.686133218847765, 52.264412806545444 ], [ 32.685114019202629, 52.266355054925803 ], [ 32.68000840588595, 52.269210736950384 ], [ 32.67684504094963, 52.271326056968597 ], [ 32.663249302287127, 52.285767923638375 ], [ 32.646903647600958, 52.284556422173402 ], [ 32.640019981072633, 52.286566136309261 ], [ 32.63853851843804, 52.286998655285338 ], [ 32.636240511690978, 52.288325537842212 ], [ 32.634080356063492, 52.289878642435696 ], [ 32.630971441827434, 52.292113883693006 ], [ 32.628259986167727, 52.295498395722134 ], [ 32.627836922164093, 52.296998349916862 ], [ 32.624240878133136, 52.297036810280829 ], [ 32.620721754830114, 52.297959859016046 ], [ 32.618817966813722, 52.298767526659361 ], [ 32.614318104229532, 52.300055948852275 ], [ 32.611741259843711, 52.301478982319082 ], [ 32.610702830016592, 52.303421230699435 ], [ 32.608895192910119, 52.304401969980603 ], [ 32.607318317987456, 52.305517320535664 ], [ 32.606145276886451, 52.305151947077974 ], [ 32.605741443064794, 52.304728883074326 ], [ 32.604731858510654, 52.304988490531123 ], [ 32.604164760613756, 52.3047647167664 ], [ 32.602953066677159, 52.304286588888715 ], [ 32.601789640667143, 52.304382739798633 ], [ 32.601280040844571, 52.304171207796813 ], [ 32.600280311412554, 52.304356871834194 ], [ 32.599933928105706, 52.304421200162608 ], [ 32.599387033004113, 52.304187412943605 ], [ 32.598674351185778, 52.303882755067065 ], [ 32.597740553272011, 52.30385529042254 ], [ 32.597203242264023, 52.303839487157596 ], [ 32.595631174886861, 52.303522189154876 ], [ 32.594174488601588, 52.304252936070263 ], [ 32.593203364411409, 52.303954868249519 ], [ 32.593129385142227, 52.303584971903597 ], [ 32.592991832409588, 52.30289720824041 ], [ 32.592622892888357, 52.302953712491409 ], [ 32.591924557309497, 52.303060664787274 ], [ 32.591467840487383, 52.302733751693552 ], [ 32.590631327571089, 52.302752981875535 ], [ 32.59032543756544, 52.302349640186677 ], [ 32.590088074930044, 52.302036657596645 ], [ 32.589627812574896, 52.302166212926231 ], [ 32.589439056288093, 52.302219344325479 ], [ 32.589121740834081, 52.3020331509599 ], [ 32.588857343283088, 52.301878008595267 ], [ 32.58867840062581, 52.301916583060311 ], [ 32.588054483185267, 52.302051080233127 ], [ 32.586944916189672, 52.30166487735621 ], [ 32.58631415171574, 52.301445329500645 ], [ 32.585601885380193, 52.301532903230424 ], [ 32.585141110614728, 52.301589555865519 ], [ 32.585005436161943, 52.301474292613598 ], [ 32.584054605332646, 52.300666507130302 ], [ 32.583856178500056, 52.300739528204694 ], [ 32.582852718958662, 52.301108801315927 ], [ 32.582030628678858, 52.300748235403695 ], [ 32.580698938576489, 52.30121456731684 ], [ 32.580532901950271, 52.301092540398777 ], [ 32.579900886024163, 52.300628046766334 ], [ 32.579646086112881, 52.300748235403695 ], [ 32.576415415539614, 52.301805895412798 ], [ 32.575035649982269, 52.304426007708095 ], [ 32.574189521974986, 52.306041342994725 ], [ 32.573314548694725, 52.306579788090275 ], [ 32.571184806040023, 52.310012375574338 ], [ 32.566569562363924, 52.312243076684446 ], [ 32.56310812960686, 52.31455069852251 ], [ 32.536878161381061, 52.326819554628138 ], [ 32.53193571211235, 52.327271914391716 ], [ 32.525532354010657, 52.327857984455257 ], [ 32.505725266567424, 52.327281078995739 ], [ 32.502763818541936, 52.326550332080359 ], [ 32.50187923017068, 52.323665804782806 ], [ 32.498997402648776, 52.321416214931517 ], [ 32.48680276749544, 52.311896933408754 ], [ 32.484264383473587, 52.312435378504297 ], [ 32.476803072863902, 52.320935118941101 ], [ 32.471995527367973, 52.324550393154041 ], [ 32.465418805129538, 52.324550393154041 ], [ 32.459688210898385, 52.326088807712743 ], [ 32.433804385948292, 52.322358152407915 ], [ 32.430458334283131, 52.323396582235034 ], [ 32.421997054210294, 52.322204310952046 ], [ 32.403189936230206, 52.3298194630176 ], [ 32.394613275065467, 52.333934721962116 ], [ 32.389855288603577, 52.33626199794891 ], [ 32.387536568095456, 52.337396154719187 ], [ 32.376652285092675, 52.337319233991238 ], [ 32.370523184874344, 52.334471988344355 ], [ 32.360336672210451, 52.329739890188662 ], [ 32.355499084910569, 52.327492610997531 ], [ 32.353922209987907, 52.324800385519815 ], [ 32.352787629250862, 52.319512085474294 ], [ 32.351960731425564, 52.317877520005673 ], [ 32.351864580515645, 52.316512177084832 ], [ 32.352739672763597, 52.315558824554543 ], [ 32.354229892899639, 52.31393533269901 ], [ 32.354902949269075, 52.313377657421483 ], [ 32.355864458368259, 52.311550790133026 ], [ 32.3577105558387, 52.309108557021084 ], [ 32.363095006794147, 52.302166461324958 ], [ 32.366825662098989, 52.293339807794439 ], [ 32.366248756639479, 52.290801423772585 ], [ 32.366633360279152, 52.288532262298503 ], [ 32.367017963918826, 52.28407086007828 ], [ 32.369633268668615, 52.276878772016374 ], [ 32.372863939241881, 52.275571119641455 ], [ 32.382402109505811, 52.279532537130102 ], [ 32.385209716075437, 52.279282544764314 ], [ 32.386363526994458, 52.278667178940829 ], [ 32.387113504091822, 52.27909024294447 ], [ 32.391036461216501, 52.278897941124633 ], [ 32.394401743063653, 52.279186393854388 ], [ 32.383459769514914, 52.270167438504039 ], [ 32.384575120069968, 52.263167652261963 ], [ 32.386267376084533, 52.260763879513988 ], [ 32.387440417185545, 52.260090823144559 ], [ 32.387478877549512, 52.258994702771481 ], [ 32.388190394282908, 52.25857163876784 ], [ 32.388363465920762, 52.257917812580395 ], [ 32.38919036374606, 52.258167804946183 ], [ 32.390671087758811, 52.257763971124525 ], [ 32.390209563391196, 52.257398597666835 ], [ 32.389536507021766, 52.257167835483031 ], [ 32.389363435383913, 52.255994794382019 ], [ 32.388786529924403, 52.255937103836068 ], [ 32.389998031389375, 52.254514070369275 ], [ 32.389901880479457, 52.254033315819683 ], [ 32.391363374310224, 52.253302568904303 ], [ 32.39207489104362, 52.253667942361993 ], [ 32.392863328504951, 52.252494901260981 ], [ 32.394670965611425, 52.252014146711389 ], [ 32.393978679060012, 52.246745076847866 ], [ 32.392401804137343, 52.244471107828261 ], [ 32.390714355668273, 52.243605749638988 ], [ 32.389921110661447, 52.242884617814603 ], [ 32.387599066186908, 52.241774074805043 ], [ 32.383589573243306, 52.241096210890113 ], [ 32.381714630499893, 52.240346233792749 ], [ 32.377330149007598, 52.240129894245435 ], [ 32.375685968447989, 52.239726060423777 ], [ 32.373998519978919, 52.239596256695386 ], [ 32.373392769246429, 52.238788589052071 ], [ 32.372498565784191, 52.236884801035679 ], [ 32.352304291322561, 52.240414787717967 ], [ 32.347085880292695, 52.241326973073924 ], [ 32.341417870695757, 52.237753662675857 ], [ 32.336470819837679, 52.234634869743587 ], [ 32.3335513270993, 52.232096600023937 ], [ 32.327745124762565, 52.227048562951012 ], [ 32.324572144735249, 52.215452763214827 ], [ 32.329363179842318, 52.208363765567718 ], [ 32.330946950062852, 52.206020358951811 ], [ 32.330860414243922, 52.203366593838055 ], [ 32.342975428893673, 52.196991788510459 ], [ 32.345571503461478, 52.195145691040011 ], [ 32.346927231291325, 52.18542483404724 ], [ 32.347013767110248, 52.182828759479435 ], [ 32.345600348734443, 52.180261530184609 ], [ 32.344677299999226, 52.180376911276511 ], [ 32.344850371637079, 52.181415341103637 ], [ 32.344129239812695, 52.182165318201001 ], [ 32.342860047801764, 52.18210762765505 ], [ 32.341965844339519, 52.180376911276511 ], [ 32.340062056323134, 52.181069197827924 ], [ 32.340062056323134, 52.179251945630462 ], [ 32.338879400131141, 52.178386587441189 ], [ 32.339196698133868, 52.176771252154559 ], [ 32.338273649398651, 52.175588595962559 ], [ 32.336052563379532, 52.176684716335629 ], [ 32.334783371368601, 52.176078965603146 ], [ 32.336629468839043, 52.175098226321978 ], [ 32.336398706655238, 52.174088641767831 ], [ 32.333110345536021, 52.170771435375634 ], [ 32.333658405722559, 52.169675315002557 ], [ 32.33244690425758, 52.169184945361977 ], [ 32.333110345536021, 52.16756961007534 ], [ 32.332360715507107, 52.167290901474843 ], [ 32.330860414243922, 52.166733097159046 ], [ 32.330023901327635, 52.164598546958857 ], [ 32.328927780954565, 52.163098592764129 ], [ 32.329648912778957, 52.159031409274576 ], [ 32.331177712246657, 52.157127621258176 ], [ 32.333427643538755, 52.156377644160806 ], [ 32.336492453792417, 52.156666096890561 ], [ 32.365453107859935, 52.156060346158064 ], [ 32.367039597873593, 52.147897133905964 ], [ 32.36565502477076, 52.144378010602942 ], [ 32.360232113451346, 52.140397362932305 ], [ 32.334704046867934, 52.140830042026934 ], [ 32.329540743005296, 52.133070663596492 ], [ 32.320223719834182, 52.136589786899521 ], [ 32.319762195466566, 52.132464912864009 ], [ 32.319617969101692, 52.130301517390834 ], [ 32.318118014906958, 52.126695858268882 ], [ 32.318608384547538, 52.12306135387395 ], [ 32.317685335812321, 52.12205176931981 ], [ 32.315723857249978, 52.121503709133272 ], [ 32.312839329952418, 52.122686365325272 ], [ 32.31015671956569, 52.122340222049566 ], [ 32.304214593332709, 52.121330637495419 ], [ 32.302902133412317, 52.121071030038642 ], [ 32.302325227952807, 52.121604667588691 ], [ 32.301272375489198, 52.121647935498153 ], [ 32.300652202120219, 52.122152727775223 ], [ 32.299801266567435, 52.1214748638603 ], [ 32.299282051653876, 52.120479701942642 ], [ 32.298113818098365, 52.120811422581859 ], [ 32.297493644729393, 52.120623928307516 ], [ 32.29732057309154, 52.11977299275474 ], [ 32.296585018630658, 52.119542230570936 ], [ 32.295128332345385, 52.119888373846642 ], [ 32.292288829891554, 52.117748748758196 ], [ 32.29529419266504, 52.112446293418984 ], [ 32.297404374851347, 52.111032869501742 ], [ 32.296650935587834, 52.110319084936307 ], [ 32.294839879615616, 52.110210784763325 ], [ 32.295272558710252, 52.109273313391618 ], [ 32.294162015700692, 52.109129087026744 ], [ 32.293022627418154, 52.109431962392989 ], [ 32.291493827950447, 52.108451223111814 ], [ 32.291695744861279, 52.107340680102254 ], [ 32.292200537138349, 52.106864733098156 ], [ 32.291205375220692, 52.105653231633184 ], [ 32.291082784880871, 52.105043994792872 ], [ 32.290729428216594, 52.103287919249183 ], [ 32.289950605846258, 52.103071579701869 ], [ 32.289173484750528, 52.103235184143074 ], [ 32.28775836510011, 52.103533104069477 ], [ 32.286604554181082, 52.103287919249183 ], [ 32.286993965366257, 52.102206221512596 ], [ 32.285926690266159, 52.101225482231428 ], [ 32.284080592795718, 52.100807225773281 ], [ 32.281542208773864, 52.099855331765085 ], [ 32.280835499585962, 52.099307271578546 ], [ 32.279623998120989, 52.099941867584008 ], [ 32.277565105058322, 52.099443868178959 ], [ 32.263643716892496, 52.096076601005286 ], [ 32.244548146182645, 52.089961403134453 ], [ 32.239125234863231, 52.088865282761375 ], [ 32.221558463621079, 52.089124890218159 ], [ 32.213337560823035, 52.08093283269308 ], [ 32.206703148038649, 52.077817543211715 ], [ 32.143070475854465, 52.070894677697552 ], [ 32.141301239874196, 52.063280244364755 ], [ 32.140791699289395, 52.061087284885858 ], [ 32.130955461204714, 52.052116404990443 ], [ 32.129772805012706, 52.048337674230645 ], [ 32.125359478247439, 52.046491576760204 ], [ 32.114946334703255, 52.046953101127805 ], [ 32.108081159735057, 52.045828135481756 ], [ 32.099081434566671, 52.046635803125071 ], [ 32.095908454539348, 52.044155109649168 ], [ 32.09602383563125, 52.03740531577288 ], [ 32.096052680904222, 52.033453513375221 ], [ 32.083216534430072, 52.035530373029466 ], [ 32.075226393815832, 52.034665014840186 ], [ 32.06438057117699, 52.034982312842935 ], [ 32.04586190592665, 52.042539774362545 ], [ 32.038857678223621, 52.044450018281559 ], [ 32.020478065708105, 52.049462639876701 ], [ 31.9983195213823, 52.049905408246516 ], [ 31.988719420161956, 52.050097235882163 ], [ 31.984146832906792, 52.051240382695951 ], [ 31.964886013365835, 52.050227039610547 ], [ 31.957169902844864, 52.048640549596897 ], [ 31.955439186466329, 52.048554013777967 ], [ 31.955093043190619, 52.048150179956309 ], [ 31.955439186466329, 52.047659810315722 ], [ 31.954444024548668, 52.047991530954945 ], [ 31.953477707903986, 52.047948263045477 ], [ 31.954155571818912, 52.047371357585966 ], [ 31.953477707903986, 52.046736761580505 ], [ 31.951328735067303, 52.046390618304805 ], [ 31.950722984334814, 52.046030052392609 ], [ 31.949266298049544, 52.045813712845295 ], [ 31.949223030140082, 52.047039636946757 ], [ 31.948343249314327, 52.046794452126463 ], [ 31.946670223481739, 52.046808874762952 ], [ 31.946670223481739, 52.047688655588708 ], [ 31.946367348115498, 52.047674232952218 ], [ 31.944852971284277, 52.046938678491337 ], [ 31.944578941191008, 52.047111750129197 ], [ 31.94502604292213, 52.047904995136022 ], [ 31.944679899646424, 52.048063644137386 ], [ 31.943670315092277, 52.047558851860309 ], [ 31.943179945451693, 52.047126172765672 ], [ 31.941175198979884, 52.047847304590064 ], [ 31.940999508276231, 52.048154763321456 ], [ 31.940886746250129, 52.048352096867134 ], [ 31.941665568620472, 52.048914579690162 ], [ 31.941348270617741, 52.049289568238841 ], [ 31.940511757701447, 52.049073228691526 ], [ 31.939352760197757, 52.048011899516794 ], [ 31.939228143054034, 52.047897783817767 ], [ 31.938924466773305, 52.047974742875212 ], [ 31.938175290590426, 52.048164602592792 ], [ 31.937990067282254, 52.047893678948007 ], [ 31.937692132268083, 52.047457893404889 ], [ 31.936581513949029, 52.047771479753798 ], [ 31.935853246115887, 52.047977108318449 ], [ 31.93547104624896, 52.047804036680596 ], [ 31.935556781118919, 52.047682578948155 ], [ 31.935730653705743, 52.047436259450159 ], [ 31.936855619351789, 52.046859353990648 ], [ 31.935586427340862, 52.046051686347333 ], [ 31.931908655036469, 52.044869030155333 ], [ 31.927610709363115, 52.04478249433641 ], [ 31.925166072478433, 52.043268117505193 ], [ 31.924235812424968, 52.043455611779535 ], [ 31.921019564488191, 52.044912298064801 ], [ 31.918812901105557, 52.044739226426948 ], [ 31.916678350905364, 52.04544593561485 ], [ 31.920428236392191, 52.048316040275928 ], [ 31.920067670479998, 52.04886410046246 ], [ 31.919130199108288, 52.049282356920607 ], [ 31.919216734927215, 52.050580394204509 ], [ 31.919620568748876, 52.050897692207243 ], [ 31.919231157563704, 52.05192169939788 ], [ 31.919880176205655, 52.052585140676314 ], [ 31.920933028669264, 52.052513027493873 ], [ 31.922043571678827, 52.05294570658851 ], [ 31.924380038789845, 52.05482064933193 ], [ 31.92324065050731, 52.058296504725483 ], [ 31.9234858353276, 52.058570534818749 ], [ 31.924711759429066, 52.058584957455238 ], [ 31.925432891253454, 52.059277244006651 ], [ 31.924956944249356, 52.059839726829679 ], [ 31.926182868350821, 52.059724345737777 ], [ 31.927307833996867, 52.059118595005273 ], [ 31.927899162092867, 52.059695500464791 ], [ 31.928894324010525, 52.059753191010742 ], [ 31.933523990323113, 52.059147440278252 ], [ 31.935318913179007, 52.058905491429336 ], [ 31.942725632402333, 52.057907093540287 ], [ 31.943360228407794, 52.058512844272769 ], [ 31.944139050778137, 52.061310835751407 ], [ 31.946158219886431, 52.062262729759603 ], [ 31.953542609768188, 52.0667625923438 ], [ 31.958417460901064, 52.068666380360192 ], [ 31.958677068357844, 52.06973365546029 ], [ 31.959571271820089, 52.070656704195507 ], [ 31.960003950914722, 52.072387420574046 ], [ 31.959196283271407, 52.073973910587704 ], [ 31.95936935490926, 52.075185412052676 ], [ 31.955129099781843, 52.076771902066334 ], [ 31.952885515870648, 52.077312155696774 ], [ 31.951436904840968, 52.07951220299902 ], [ 31.951523440659894, 52.081531372107314 ], [ 31.950167712830041, 52.082512111388482 ], [ 31.946550501970354, 52.081855448493954 ], [ 31.943561223034457, 52.081312779394821 ], [ 31.941369904572465, 52.083867839218328 ], [ 31.93415498066944, 52.092182489153551 ], [ 31.924355633942632, 52.094626357759175 ], [ 31.908050008626514, 52.099970712856965 ], [ 31.904877028599198, 52.101614893416574 ], [ 31.902655942580076, 52.102912930700484 ], [ 31.898588759090515, 52.103879247345169 ], [ 31.896334581898518, 52.104820066397288 ], [ 31.893439877864367, 52.106028220181848 ], [ 31.876709619538513, 52.109619456667303 ], [ 31.865445540441538, 52.112734746148661 ], [ 31.860729338310023, 52.112071304870227 ], [ 31.84847009729538, 52.113167425243304 ], [ 31.840248078824455, 52.107565610460917 ], [ 31.837970417932254, 52.106013797545351 ], [ 31.835737524564536, 52.105805394164364 ], [ 31.831480231512742, 52.105408046812862 ], [ 31.827367056828002, 52.102644507571547 ], [ 31.825941939101426, 52.101687006599008 ], [ 31.821095933241526, 52.100417814588077 ], [ 31.8201812498226, 52.100510109451129 ], [ 31.801942671985728, 52.102350447877448 ], [ 31.794967183658198, 52.106161402539747 ], [ 31.794659240559387, 52.107124340554911 ], [ 31.794096757736362, 52.108710830568576 ], [ 31.790678592888753, 52.111263637226912 ], [ 31.789510359333242, 52.11132132777287 ], [ 31.787909446683095, 52.112417448145948 ], [ 31.785828, 52.112313 ], [ 31.784794157201727, 52.112633787693262 ], [ 31.781823175051503, 52.111908810007009 ], [ 31.783130746460127, 52.11569619417417 ], [ 31.799860754183523, 52.1202191643048 ], [ 31.781944051044203, 52.137050006647797 ], [ 31.782486981442368, 52.185913742482334 ], [ 31.695518037342204, 52.191636182827921 ], [ 31.71274828039963, 52.277787398115066 ], [ 31.554407408145977, 54.750539882221339 ], [ 46.942389495778968, 54.270745146400301 ], [ 47.837144338695708, 43.292165645198772 ], [ 31.390393220561805, 44.024976920614179 ], [ 31.511785667352292, 46.57681437778249 ], [ 31.512979861653484, 46.577852807609609 ], [ 31.516095151134849, 46.573802931283836 ], [ 31.523312238433341, 46.5636782404694 ], [ 31.531983127489806, 46.556409231679552 ], [ 31.541484760407968, 46.550542103156317 ], [ 31.556022777987668, 46.544155759719523 ], [ 31.570612717058726, 46.539171296549334 ], [ 31.580373957433665, 46.537198279877799 ], [ 31.589719825877758, 46.537354044351872 ], [ 31.609138463644928, 46.539171296549334 ], [ 31.623520716750569, 46.539586668480183 ], [ 31.638577949243828, 46.5393270610234 ], [ 31.652233301470478, 46.537405965843227 ], [ 31.664434851939152, 46.536938672421023 ], [ 31.670042373005611, 46.537925180756794 ], [ 31.673573034417824, 46.538392474178998 ], [ 31.683334274792767, 46.541092391729514 ], [ 31.689097560333291, 46.541040470238158 ], [ 31.690603283582618, 46.541975057082567 ], [ 31.709035413014021, 46.545401875512063 ], [ 31.713656425744713, 46.544415367176299 ], [ 31.723936881033215, 46.544674974633082 ], [ 31.730167459995958, 46.546076854899695 ], [ 31.751974486365508, 46.546907598761393 ], [ 31.76744709078962, 46.544207681210878 ], [ 31.769202493963451, 46.542730573662169 ], [ 31.775962215372015, 46.537042515403741 ], [ 31.78977333207273, 46.533511853991527 ], [ 31.806492052289389, 46.528423547838628 ], [ 31.812203416338562, 46.529046605734898 ], [ 31.83868337693016, 46.523439084668439 ], [ 31.857063584870211, 46.517104662723 ], [ 31.864644122608198, 46.516793133774861 ], [ 31.8714977594672, 46.513781687276207 ], [ 31.879182140187897, 46.514716274120616 ], [ 31.884062760375368, 46.51783156360198 ], [ 31.892474041975053, 46.519389208342659 ], [ 31.902962183228979, 46.51835077851554 ], [ 31.906181315693058, 46.514716274120616 ], [ 31.917084828877833, 46.511600984639252 ], [ 31.936711152610428, 46.505370405676523 ], [ 31.954883674585055, 46.498620611800234 ], [ 31.968954398742547, 46.495089950388021 ], [ 31.971031258396788, 46.497322574516332 ], [ 31.974717684283071, 46.496076458723785 ], [ 31.976379172006464, 46.493272698190559 ], [ 31.985673118959202, 46.490780466605464 ], [ 31.988840329931922, 46.492649640294289 ], [ 32.006805165941124, 46.488859371425292 ], [ 32.01350303832605, 46.488521881731465 ], [ 32.016540445570385, 46.48795074532655 ], [ 32.020564361150477, 46.48644502207722 ], [ 32.022044123654126, 46.485847924926624 ], [ 32.023627729140486, 46.485847924926624 ], [ 32.025626706557695, 46.486652708042648 ], [ 32.028897760513125, 46.486808472516714 ], [ 32.035517750661022, 46.487613255632738 ], [ 32.038581118651031, 46.487820941598159 ], [ 32.04016442563168, 46.487366068874437 ], [ 32.043280013618755, 46.486470982822901 ], [ 32.045564559238429, 46.486678668788329 ], [ 32.053794115618359, 46.489767997524012 ], [ 32.055330805293515, 46.489964272529249 ], [ 32.061725123422988, 46.491663131958482 ], [ 32.065437510054949, 46.492441954328825 ], [ 32.068812406993089, 46.493688070121372 ], [ 32.071434442306575, 46.494285167271975 ], [ 32.073317810129566, 46.495211550558615 ], [ 32.080248115464272, 46.497932652039729 ], [ 32.08910072974048, 46.496712496992863 ], [ 32.096032248836522, 46.498192259496506 ], [ 32.099666753231446, 46.498789356647102 ], [ 32.101821495122721, 46.498010534276759 ], [ 32.103223375389334, 46.49759516234591 ], [ 32.110544305670544, 46.497802848311323 ], [ 32.118072921917175, 46.497906691294041 ], [ 32.129885061200682, 46.496115399842253 ], [ 32.133493604849932, 46.495622145674375 ], [ 32.138789596968245, 46.494350069136154 ], [ 32.141645278992833, 46.493337600054709 ], [ 32.152886281871425, 46.491572269348602 ], [ 32.158026509515672, 46.492221287990546 ], [ 32.161193720488392, 46.491182858163427 ], [ 32.165191675322809, 46.488950234035116 ], [ 32.170254020730027, 46.487600275259858 ], [ 32.176692285658177, 46.486847413635203 ], [ 32.180196986324717, 46.484952279200705 ], [ 32.182896903875232, 46.485159965166133 ], [ 32.189490933277455, 46.483109066257562 ], [ 32.195098454343906, 46.481966793447732 ], [ 32.197460882200609, 46.480772599146547 ], [ 32.199875231548667, 46.480902402874932 ], [ 32.204314519059615, 46.479863973047813 ], [ 32.211972939034631, 46.479007268440441 ], [ 32.216619912511, 46.479163032914506 ], [ 32.218099675014642, 46.479967816030523 ], [ 32.222149551340422, 46.481032206603324 ], [ 32.227341700476025, 46.480123580504596 ], [ 32.230976204870949, 46.479266875897217 ], [ 32.239101918268169, 46.481136049586041 ], [ 32.242684501171738, 46.480538952435445 ], [ 32.245488261704963, 46.478877464712049 ], [ 32.249927549215911, 46.478617857255266 ], [ 32.256495617872453, 46.478436132035526 ], [ 32.258468634543988, 46.477605388173828 ], [ 32.264231920084512, 46.477060212514587 ], [ 32.272617240938516, 46.474931431368987 ], [ 32.275888294893953, 46.473321865136946 ], [ 32.280898718809816, 46.471426730702454 ], [ 32.282196756093718, 46.471322887719737 ], [ 32.285779338997287, 46.470336379383973 ], [ 32.287388905229328, 46.470388300875328 ], [ 32.291932035722979, 46.469946968198805 ], [ 32.295280971915446, 46.468726813151939 ], [ 32.297980889465968, 46.468207598238372 ], [ 32.301200021930043, 46.46724705064829 ], [ 32.304990290799033, 46.467091286174217 ], [ 32.308079619534723, 46.466338424549548 ], [ 32.312441024808635, 46.465741327398959 ], [ 32.319502347633062, 46.465196151739718 ], [ 32.323136852027986, 46.465144230248363 ], [ 32.326693474185873, 46.464339447132339 ], [ 32.336247028595395, 46.463664467744721 ], [ 32.3420362748816, 46.463975996692859 ], [ 32.34774763893077, 46.462963527611414 ], [ 32.355847391582316, 46.463768310727431 ], [ 32.363791379759796, 46.463742349981757 ], [ 32.371813250174313, 46.464573093843448 ], [ 32.375058343384062, 46.466649953497679 ], [ 32.385079191215787, 46.469142185082774 ], [ 32.386896443413249, 46.469687360742014 ], [ 32.388687734865037, 46.469012381354382 ], [ 32.394554863388272, 46.470621947586423 ], [ 32.401408500247271, 46.471738259650579 ], [ 32.406756413856947, 46.474490098692449 ], [ 32.414155226375186, 46.478332289052801 ], [ 32.418568553140453, 46.479915894539161 ], [ 32.41926949327376, 46.480564913181112 ], [ 32.418101259718249, 46.482044675684762 ], [ 32.418023377481212, 46.483654241916803 ], [ 32.420749255777402, 46.484355182050109 ], [ 32.422955919160039, 46.48500420069206 ], [ 32.426226973115469, 46.484926318455031 ], [ 32.428407675752425, 46.485757062316729 ], [ 32.431782572690565, 46.489209841491906 ], [ 32.431860454927602, 46.490507878775809 ], [ 32.432898884754721, 46.492480895447336 ], [ 32.432665238043619, 46.494505833610226 ], [ 32.436533389149652, 46.500658530335919 ], [ 32.437130486300248, 46.502579625516091 ], [ 32.439311188937197, 46.503202683412361 ], [ 32.446346551015949, 46.502475782533381 ], [ 32.451062753147461, 46.502856540136683 ], [ 32.457570246730754, 46.504137270256798 ], [ 32.463939283003768, 46.507114102427884 ], [ 32.469581418397794, 46.510990907115797 ], [ 32.475292782446964, 46.514452339872868 ], [ 32.480727231875562, 46.52033677555989 ], [ 32.487961626337842, 46.526567354522626 ], [ 32.497549795074931, 46.532105646933942 ], [ 32.504957261175065, 46.537678553672826 ], [ 32.510530167913949, 46.539997713620053 ], [ 32.514476201257004, 46.540828457481751 ], [ 32.521918281684712, 46.539963099292486 ], [ 32.53039879193954, 46.537332410397113 ], [ 32.533237166800333, 46.536847809811121 ], [ 32.543517622088835, 46.539582341689204 ], [ 32.551825060705802, 46.540655385843898 ], [ 32.558920997857804, 46.541970730291588 ], [ 32.567089979164493, 46.546193678255221 ], [ 32.577647349073558, 46.552181956924954 ], [ 32.582077983002613, 46.554916488803045 ], [ 32.594192997652357, 46.558481764542819 ], [ 32.599246689477681, 46.55938173705966 ], [ 32.602085064338482, 46.561077839110631 ], [ 32.611638618748003, 46.564608500522837 ], [ 32.618976856192994, 46.569385277727591 ], [ 32.627630438085674, 46.57201596662297 ], [ 32.644176086664473, 46.582365650566615 ], [ 32.648156734335103, 46.580184947929659 ], [ 32.653487340780991, 46.578211931258124 ], [ 32.675986653701955, 46.590500017545729 ], [ 32.681317260147843, 46.594134521940653 ], [ 32.683774877405369, 46.594688351181787 ], [ 32.685332522146048, 46.593926835975232 ], [ 32.686232494662889, 46.594376822233649 ], [ 32.686301723318032, 46.595692166681339 ], [ 32.689719888165641, 46.598902645563527 ], [ 32.69155444752689, 46.601567948786467 ], [ 32.691589061854458, 46.601567948786467 ], [ 32.690619860682482, 46.602675607268729 ], [ 32.688335315062815, 46.602675607268729 ], [ 32.687123813597836, 46.603333279492574 ], [ 32.685531554529582, 46.604198637681847 ], [ 32.684700810667884, 46.606206268680943 ], [ 32.685670011839868, 46.606863940904788 ], [ 32.685062425440343, 46.607284577642922 ], [ 32.68432005306461, 46.607798527749196 ], [ 32.676947201292052, 46.614929079228766 ], [ 32.678158702757024, 46.616832867245151 ], [ 32.683852759642399, 46.619671242105944 ], [ 32.685912312132857, 46.620294300002215 ], [ 32.687071892106474, 46.621488494303406 ], [ 32.687193042252972, 46.622405773984028 ], [ 32.688802608485013, 46.622821145914877 ], [ 32.689217980415862, 46.623374975156011 ], [ 32.690256410242981, 46.623894190069571 ], [ 32.696002388619718, 46.624655705276126 ], [ 32.698442698713457, 46.62555567779296 ], [ 32.700138800764421, 46.62697486522336 ], [ 32.702129124599736, 46.627805609085058 ], [ 32.706923208968284, 46.628532509964046 ], [ 32.708446239381395, 46.629086339205173 ], [ 32.712496115707168, 46.630107461868512 ], [ 32.716182541593447, 46.630315147833933 ], [ 32.71739404305842, 46.630176690523648 ], [ 32.71933244540238, 46.630418990816644 ], [ 32.723174635762732, 46.631336270497265 ], [ 32.724749587667198, 46.631042048712914 ], [ 32.727605269691779, 46.63131896333347 ], [ 32.729872508147665, 46.63078244125613 ], [ 32.732728190172246, 46.63078244125613 ], [ 32.734701206843781, 46.630990127221551 ], [ 32.738820311824696, 46.632443928979519 ], [ 32.738998849051413, 46.632423589295463 ], [ 32.740187577763741, 46.632288164505454 ], [ 32.741710608176852, 46.631059355876694 ], [ 32.742125980107701, 46.630730519764768 ], [ 32.743631703357032, 46.631145891695617 ], [ 32.743960539468951, 46.63060936961827 ], [ 32.745552798537204, 46.630228612015003 ], [ 32.74949883188026, 46.629380560989517 ], [ 32.751021862293378, 46.629397868153305 ], [ 32.750623797526309, 46.630592062454497 ], [ 32.751957400702032, 46.631560679497916 ], [ 32.753912158645541, 46.631630492281609 ], [ 32.756335161575493, 46.63190740690218 ], [ 32.758446635557306, 46.632876608074156 ], [ 32.763015726796638, 46.63457271012512 ], [ 32.765577187036868, 46.634884239073259 ], [ 32.771392394068755, 46.63599189755552 ], [ 32.775788413670234, 46.633984266556418 ], [ 32.786588083872303, 46.627580615955836 ], [ 32.794237850265425, 46.629380560989517 ], [ 32.797249296764079, 46.632392007488171 ], [ 32.796833924833237, 46.634780396090548 ], [ 32.801974152477491, 46.637168784692932 ], [ 32.802839510666765, 46.638536050631977 ], [ 32.805885571492986, 46.640595603122435 ], [ 32.808516260388359, 46.643278213509163 ], [ 32.814842028751904, 46.645709870021015 ], [ 32.820691850111352, 46.648790545174805 ], [ 32.833499151312516, 46.655124967120251 ], [ 32.83394913757094, 46.656163396947377 ], [ 32.836406754828459, 46.658171027946473 ], [ 32.840456631154233, 46.660767102514278 ], [ 32.84710258204781, 46.663743934685364 ], [ 32.856136921543765, 46.670320656923806 ], [ 32.86015218354197, 46.675062819800992 ], [ 32.862990558402771, 46.679493453730046 ], [ 32.872267198191722, 46.686139404623631 ], [ 32.874845965595739, 46.687714356528097 ], [ 32.876420917500205, 46.686952841321542 ], [ 32.878480469990663, 46.686831691175044 ], [ 32.880851551429259, 46.686952841321542 ], [ 32.882772646609432, 46.68627786193391 ], [ 32.885697557289156, 46.687662435036742 ], [ 32.890630098967982, 46.693391106249685 ], [ 32.889851276597639, 46.69706887855407 ], [ 32.898020257904321, 46.703714829447648 ], [ 32.89660107047392, 46.705791689101908 ], [ 32.89916253071415, 46.711710739116498 ], [ 32.901325926187319, 46.711278060021861 ], [ 32.905029659237393, 46.711156909875356 ], [ 32.90698536874514, 46.711381903004565 ], [ 32.910429494338423, 46.712506868650614 ], [ 32.91555241481889, 46.71487795008921 ], [ 32.921315700359415, 46.717283645855375 ], [ 32.924621368642413, 46.718131696880853 ], [ 32.92799626558056, 46.718131696880853 ], [ 32.931111555061925, 46.717612481967294 ], [ 32.935594110482334, 46.716175987373113 ], [ 32.939245922041046, 46.714324120848076 ], [ 32.942205447048337, 46.713078005055536 ], [ 32.947051452908234, 46.71203957522841 ], [ 32.952866659940121, 46.711278060021854 ], [ 32.961451013177651, 46.710879995254793 ], [ 32.975764037628146, 46.710447316160156 ], [ 32.980938879599968, 46.710343473177446 ], [ 32.986598322157775, 46.712887626253895 ], [ 32.990561662664625, 46.7140645133913 ], [ 32.995251904050455, 46.714947178744353 ], [ 33.002486298512736, 46.715518315149268 ], [ 33.009530314173375, 46.716816352433177 ], [ 33.012316767542821, 46.716764430941815 ], [ 33.019464626186171, 46.71743941032944 ], [ 33.023549116839519, 46.724119975550586 ], [ 33.037671762488365, 46.728446766496937 ], [ 33.041098580917868, 46.732617792969208 ], [ 33.044352327709518, 46.738069549561587 ], [ 33.046481108855119, 46.737481105992885 ], [ 33.049007954767781, 46.736459983329546 ], [ 33.051811715301007, 46.73365622279632 ], [ 33.057523079350176, 46.732254342529714 ], [ 33.06512092425195, 46.733465843994686 ], [ 33.070261151896197, 46.735127331718083 ], [ 33.07043422353405, 46.736321526019267 ], [ 33.071565888419087, 46.736262585139841 ], [ 33.071732260817953, 46.736702283622549 ], [ 33.072320704386655, 46.736961891079332 ], [ 33.073895656291121, 46.737048426898255 ], [ 33.076820566970845, 46.736494597657128 ], [ 33.07810129709096, 46.736321526019275 ], [ 33.080230078236561, 46.736858048096614 ], [ 33.084453026200194, 46.739679115793628 ], [ 33.09051053352507, 46.743555920481555 ], [ 33.093002765110164, 46.745771237446078 ], [ 33.09660265517752, 46.747051967566193 ], [ 33.105349896075815, 46.747645000847434 ], [ 33.112646396006554, 46.749613427806437 ], [ 33.116903958297748, 46.750651857633557 ], [ 33.13196119079101, 46.755047877235036 ], [ 33.139437885546286, 46.759547739819233 ], [ 33.153145159264291, 46.763389930179585 ], [ 33.175471400547401, 46.7660898477301 ], [ 33.183225009923241, 46.766920591591798 ], [ 33.191999741962412, 46.768582079315188 ], [ 33.207178124602173, 46.767110970393432 ], [ 33.224173759439388, 46.765016803575406 ], [ 33.227254434593185, 46.764514895825627 ], [ 33.229417830066353, 46.763891837929357 ], [ 33.233761928176477, 46.763338008688223 ], [ 33.239507906553214, 46.761416913508043 ], [ 33.243350096913566, 46.759634275638156 ], [ 33.246093911382225, 46.757423545123402 ], [ 33.247901880989119, 46.756709364958404 ], [ 33.251259470763479, 46.75440751217495 ], [ 33.257991957475987, 46.752071045063936 ], [ 33.267008989808154, 46.750807622107601 ], [ 33.272841504003821, 46.75008072122862 ], [ 33.280802799345082, 46.749146134384205 ], [ 33.286202634446113, 46.748869219763641 ], [ 33.291446705073071, 46.749128827220424 ], [ 33.298179191785579, 46.749405741840988 ], [ 33.304703992532659, 46.750046106901046 ], [ 33.307940432160521, 46.750496093159462 ], [ 33.30896155482386, 46.750548014650818 ], [ 33.312821052347992, 46.75130952985738 ], [ 33.319086245638296, 46.752694102960199 ], [ 33.322314031684265, 46.75307486056348 ], [ 33.324434159247971, 46.753524846821897 ], [ 33.326900430087385, 46.75380176144246 ], [ 33.328968636159736, 46.754364244265489 ], [ 33.33214450071435, 46.75467577321362 ], [ 33.333927138584244, 46.755584399312355 ], [ 33.337016467319927, 46.756268032281874 ], [ 33.338470269077902, 46.756120921389709 ], [ 33.339975992327233, 46.756640136303268 ], [ 33.341897087507405, 46.75714204405304 ], [ 33.345895042341823, 46.758699688793726 ], [ 33.350446826417375, 46.7601361833879 ], [ 33.354444781251793, 46.761676520964798 ], [ 33.356902398509312, 46.762541879154064 ], [ 33.358147622826344, 46.763756357191667 ], [ 33.356296647776816, 46.76544948267 ], [ 33.35764660655208, 46.76859938647894 ], [ 33.370488522080812, 46.776785674949409 ], [ 33.370938508339236, 46.777201046880258 ], [ 33.374624934225515, 46.776145309889337 ], [ 33.387012536704901, 46.781700909464448 ], [ 33.391200870340953, 46.781804752447165 ], [ 33.405721580756861, 46.770918546426174 ], [ 33.407677290264608, 46.771489682831096 ], [ 33.408144583686813, 46.772856948770141 ], [ 33.410082986030773, 46.774795351114101 ], [ 33.410740658254618, 46.776422224509922 ], [ 33.412955975219141, 46.778499084164167 ], [ 33.412644446271003, 46.779433671008576 ], [ 33.413561725951624, 46.780160571887556 ], [ 33.418061588535821, 46.781562452154176 ], [ 33.420207676845202, 46.7830681754035 ], [ 33.420709584594981, 46.785058499238822 ], [ 33.424084481533122, 46.786789215617354 ], [ 33.426559405954428, 46.788018024246114 ], [ 33.429484316634152, 46.789367983021371 ], [ 33.432166927020887, 46.790977549253412 ], [ 33.432755370589589, 46.791860214606459 ], [ 33.435351445157394, 46.793106330399006 ], [ 33.436718711096439, 46.794248603208842 ], [ 33.438934028060963, 46.795840862277096 ], [ 33.44201470321476, 46.796515841664721 ], [ 33.444472320472279, 46.797415814181555 ], [ 33.447864524574207, 46.799890738602862 ], [ 33.451637486279417, 46.801881062438177 ], [ 33.453472045640659, 46.803352171359933 ], [ 33.45570466976897, 46.806242467712096 ], [ 33.458664194776269, 46.809686593305386 ], [ 33.460792975921869, 46.812317282200759 ], [ 33.462887142739895, 46.814065305743078 ], [ 33.463579429291315, 46.816194086888679 ], [ 33.465552445962842, 46.816436387181668 ], [ 33.470121537202175, 46.817249823879585 ], [ 33.472233011183988, 46.8171113665693 ], [ 33.473479126976535, 46.818617089818623 ], [ 33.487151786366979, 46.820754524546089 ], [ 33.496636112121351, 46.82165449706293 ], [ 33.512558702803879, 46.821446811097509 ], [ 33.528931279744832, 46.820616067235818 ], [ 33.537965619240786, 46.819750709046552 ], [ 33.550565234476529, 46.818193064305866 ], [ 33.556655125844983, 46.818055179973001 ], [ 33.55973803128277, 46.817985378340445 ], [ 33.56901467107172, 46.818227678633441 ], [ 33.575349093017159, 46.819577637408699 ], [ 33.58542186234024, 46.82366212806204 ], [ 33.591513983992684, 46.825254387130293 ], [ 33.595321560025461, 46.82587744502657 ], [ 33.599302207696091, 46.82691587485369 ], [ 33.603248241039154, 46.825427458768146 ], [ 33.611036464742568, 46.824839015199444 ], [ 33.615536327326765, 46.825046701164872 ], [ 33.621420763013788, 46.826846646198547 ], [ 33.62405145190916, 46.828923505852792 ], [ 33.625955239925553, 46.832004181006589 ], [ 33.627582113321374, 46.83477332721224 ], [ 33.630178187889179, 46.837300173124902 ], [ 33.63374346362896, 46.83892704652073 ], [ 33.636339538196765, 46.839203961141294 ], [ 33.637516425334169, 46.843599980742773 ], [ 33.637170282058463, 46.84550376875918 ], [ 33.639108684402423, 46.849553645084953 ], [ 33.639662513643557, 46.853707364393436 ], [ 33.640493257505256, 46.858137998322491 ], [ 33.641704758970228, 46.861322516458998 ], [ 33.641704758970228, 46.865510850095049 ], [ 33.638658698144006, 46.867899238697433 ], [ 33.636858753110324, 46.871879886368063 ], [ 33.637066439075753, 46.873575988419027 ], [ 33.636443381179483, 46.878560451589216 ], [ 33.635474180007506, 46.882333413294425 ], [ 33.635418083928009, 46.88411446381852 ], [ 33.635335722697221, 46.886729432895905 ], [ 33.635785708955638, 46.890156251325408 ], [ 33.635924166265923, 46.893479226772193 ], [ 33.639350984695426, 46.897494488770391 ], [ 33.644196990555322, 46.899813648717632 ], [ 33.649181453725511, 46.901336679130743 ], [ 33.656208162222363, 46.902825095216286 ], [ 33.657698694894258, 46.902801435967525 ], [ 33.66275027013323, 46.902721252233576 ], [ 33.66520788739075, 46.901855894044303 ], [ 33.671057708750197, 46.89922520514893 ], [ 33.673342254369864, 46.898463689942375 ], [ 33.677253673385358, 46.898394461287232 ], [ 33.681580464331695, 46.898705990235371 ], [ 33.684211153227068, 46.899986720355486 ], [ 33.687084142415436, 46.903205852819561 ], [ 33.690857104120646, 46.906390370956068 ], [ 33.691168633068784, 46.907324957800476 ], [ 33.69324549272303, 46.910405632954273 ], [ 33.69009558891409, 46.915909311038014 ], [ 33.689091773414539, 46.917536184433835 ], [ 33.689749445638384, 46.92144760344933 ], [ 33.691826305292629, 46.923732149068996 ], [ 33.693626250326304, 46.927089738843357 ], [ 33.695495424015128, 46.928370468963472 ], [ 33.697745355307219, 46.931381915462126 ], [ 33.698472256186207, 46.933666461081792 ], [ 33.697883812617505, 46.934566433598633 ], [ 33.697672445962922, 46.936327822386787 ], [ 33.697468440686656, 46.938027866355704 ], [ 33.696049253256255, 46.942631571922611 ], [ 33.696914611445521, 46.947235277489511 ], [ 33.700064515254454, 46.951769754401276 ], [ 33.701760617305425, 46.954711972244787 ], [ 33.702383675201695, 46.956408074295759 ], [ 33.699822214961465, 46.958069562019148 ], [ 33.69854148484135, 46.960734865242095 ], [ 33.698576099168918, 46.967346201808098 ], [ 33.699406843030616, 46.974095995684387 ], [ 33.700410658530167, 46.981053475526103 ], [ 33.699095314082477, 46.992303131986588 ], [ 33.701276016719433, 46.995799179071234 ], [ 33.709687298319118, 47.002722044585376 ], [ 33.717198607401961, 47.008121879686414 ], [ 33.729452079361991, 47.016013946372532 ], [ 33.73910947675423, 47.019440764802027 ], [ 33.750670662162847, 47.025013671540918 ], [ 33.75859734317654, 47.028994319211549 ], [ 33.763858720967285, 47.034567225950433 ], [ 33.767112467758935, 47.038236344672931 ], [ 33.77635449322031, 47.042805435912264 ], [ 33.792242469575271, 47.048274499668437 ], [ 33.797123089762742, 47.052047461373654 ], [ 33.810138076929334, 47.063124046196286 ], [ 33.818168600925738, 47.071223798847832 ], [ 33.82661449685299, 47.079981223723223 ], [ 33.828206755921244, 47.08254268396346 ], [ 33.831737417333457, 47.08500030122098 ], [ 33.83772569600319, 47.091369337493994 ], [ 33.841256357415403, 47.096042271716037 ], [ 33.843506288707495, 47.10088827757594 ], [ 33.847071564447283, 47.107257313848955 ], [ 33.849252267084239, 47.116395496327627 ], [ 33.851467584048763, 47.123629890789907 ], [ 33.851882955979612, 47.127368238167541 ], [ 33.851744498669326, 47.132006558062024 ], [ 33.851744498669326, 47.135191076198524 ], [ 33.85475594516798, 47.138825580593455 ], [ 33.86313261244009, 47.143498514815498 ], [ 33.872132337608477, 47.147686848451556 ], [ 33.885216553430212, 47.151702110449754 ], [ 33.896708510183686, 47.156375044671798 ], [ 33.905258249093656, 47.16021723503215 ], [ 33.906781279506767, 47.161532579479839 ], [ 33.9127695581765, 47.164890169254193 ], [ 33.918515536553237, 47.168732359614552 ], [ 33.923673071361272, 47.171813034768348 ], [ 33.930976694478694, 47.17987817309232 ], [ 33.938314931923685, 47.18967402779483 ], [ 33.941713221982944, 47.192232013403071 ], [ 33.946553141885495, 47.196873807929499 ], [ 33.954202908278624, 47.202204414375387 ], [ 33.960087343965647, 47.205112017891331 ], [ 33.96932936942703, 47.212207955043326 ], [ 33.973690774700941, 47.217469332834078 ], [ 33.976148391958461, 47.219130820557467 ], [ 33.977636808044011, 47.221103837229002 ], [ 33.980302111266951, 47.223249925538383 ], [ 33.982690499869335, 47.225984457416473 ], [ 33.984317373265156, 47.229757419121682 ], [ 33.987121133798382, 47.232803479947904 ], [ 33.986636533212398, 47.234603424981579 ], [ 33.987467277074089, 47.238964830255483 ], [ 33.988055720642791, 47.24214934839199 ], [ 33.988851850176921, 47.243533921494823 ], [ 33.98989028000404, 47.246268453372906 ], [ 33.990063351641894, 47.247445340510311 ], [ 33.992797883519984, 47.247929941096302 ], [ 33.990755638193306, 47.249418357181845 ], [ 33.990271037607322, 47.250733701629528 ], [ 33.990513337900317, 47.251633674146369 ], [ 33.990617180883028, 47.252949018594059 ], [ 33.991863296675575, 47.254783577955308 ], [ 33.991759453692865, 47.256341222695994 ], [ 33.992797883519984, 47.257379652523113 ], [ 33.992867112175126, 47.258452696677807 ], [ 33.99383631334711, 47.259318054867073 ], [ 33.992936340830269, 47.261014156918037 ], [ 33.99314402679569, 47.263437159847989 ], [ 33.993178641123265, 47.264752504295679 ], [ 33.994632442881233, 47.266587063656928 ], [ 33.995947787328923, 47.270394639689698 ], [ 33.996813145518189, 47.271502298171967 ], [ 33.99771311803503, 47.274479130343046 ], [ 33.998716933534581, 47.275863703445872 ], [ 33.999893820671979, 47.279878965444077 ], [ 34.001797608688371, 47.281401995857188 ], [ 34.002282209274362, 47.282544268667024 ], [ 34.003147567463628, 47.283617312821711 ], [ 34.004843669514592, 47.287078745578789 ], [ 34.007889730340821, 47.296113085074737 ], [ 34.008512788237091, 47.29839763069441 ], [ 34.012043449649305, 47.302759035968315 ], [ 34.014535681234399, 47.305216653225841 ], [ 34.015124124803101, 47.306670454983809 ], [ 34.016612540888644, 47.307812727793639 ], [ 34.019104772473739, 47.309231915224039 ], [ 34.019623987387298, 47.309889587447884 ], [ 34.020558574231707, 47.310270345051165 ], [ 34.022323904937814, 47.312001061429697 ], [ 34.024366150264484, 47.312554890670832 ], [ 34.028139111969693, 47.31207029008484 ], [ 34.028416026590257, 47.312970262601681 ], [ 34.027308368107995, 47.314527907342359 ], [ 34.027239139452853, 47.315358651204058 ], [ 34.028796784193538, 47.316777838634458 ], [ 34.028969855831392, 47.317954725771862 ], [ 34.03335551383126, 47.322925138171712 ], [ 34.025811298440573, 47.334578256587683 ], [ 34.025668778896581, 47.334977311310858 ], [ 34.02449595399289, 47.335495536268297 ], [ 34.023838281769045, 47.336187822819717 ], [ 34.022696008959215, 47.336845495043555 ], [ 34.022696008959215, 47.337537781594975 ], [ 34.02113836421853, 47.338714668732379 ], [ 34.017953846082023, 47.341829958213744 ], [ 34.01674234461705, 47.343110688333859 ], [ 34.016776958944618, 47.344495261436684 ], [ 34.017192330875467, 47.345222162315672 ], [ 34.018542289650732, 47.348856666710603 ], [ 34.020134548718985, 47.352837314381233 ], [ 34.023595981476056, 47.35858329275797 ], [ 34.026226670371429, 47.362494711773465 ], [ 34.027542014819119, 47.365263857979123 ], [ 34.027818929439682, 47.366475359444095 ], [ 34.030034246404213, 47.369348348632464 ], [ 34.030138089386924, 47.37021370682173 ], [ 34.033339914687211, 47.374869333880007 ], [ 34.034949480919252, 47.377430794120237 ], [ 34.035572538815522, 47.378884595878212 ], [ 34.037476326831914, 47.382069114014712 ], [ 34.037545555487057, 47.384561345599799 ], [ 34.038203227710895, 47.386240140486983 ], [ 34.038757056952029, 47.392418797958356 ], [ 34.040089708563499, 47.395984073698138 ], [ 34.04090314526141, 47.397576332766391 ], [ 34.041006988244128, 47.398562841102155 ], [ 34.042633861639942, 47.402941553539854 ], [ 34.043101155062146, 47.404810727228679 ], [ 34.045628000974808, 47.405866464219585 ], [ 34.047202952879282, 47.406524136443423 ], [ 34.047722167792841, 47.407493337615406 ], [ 34.042962697751868, 47.40988172621779 ], [ 34.042910776260513, 47.411075920518982 ], [ 34.044399192346056, 47.412893172716444 ], [ 34.046960652586286, 47.415610397430747 ], [ 34.051287443532622, 47.418448772291541 ], [ 34.054835412108623, 47.419919881213296 ], [ 34.060062175571801, 47.421737133410758 ], [ 34.067210034215151, 47.422585184436244 ], [ 34.076123223564608, 47.42222173399675 ], [ 34.081574980157001, 47.421823669229688 ], [ 34.088532459998717, 47.421737133410765 ], [ 34.093534230332679, 47.420906389549067 ], [ 34.100595553157106, 47.419331437644587 ], [ 34.104489665008813, 47.418535308110457 ], [ 34.107795333291811, 47.417618028429835 ], [ 34.111152923066172, 47.416648827257852 ], [ 34.117089280244549, 47.415835390559941 ], [ 34.120931470604901, 47.416025769361589 ], [ 34.124358289034397, 47.416960356205998 ], [ 34.130156188902497, 47.418639151093167 ], [ 34.133202249728718, 47.420404481799274 ], [ 34.137909798278336, 47.422204426832955 ], [ 34.142201974897105, 47.423139013677364 ], [ 34.146528765843442, 47.423554385608213 ], [ 34.151063242755207, 47.422342884143234 ], [ 34.155943862942678, 47.421546754609111 ], [ 34.161516769681562, 47.419573737937576 ], [ 34.164112844249367, 47.419262208989444 ], [ 34.173354869710749, 47.415939233542659 ], [ 34.180831564466025, 47.413412387629997 ], [ 34.189831289634412, 47.411577828268747 ], [ 34.202794355309642, 47.410210562329716 ], [ 34.208003811609039, 47.410660548588133 ], [ 34.212244066736446, 47.412287421983962 ], [ 34.215618963674594, 47.413775838069498 ], [ 34.217332372889352, 47.415506554448029 ], [ 34.217557366018561, 47.416510369947581 ], [ 34.220239976405288, 47.418085321852054 ], [ 34.225795575980392, 47.419989109868439 ], [ 34.230866574969497, 47.421512140281543 ], [ 34.233999171614649, 47.422602491600017 ], [ 34.238204812414487, 47.424177443504483 ], [ 34.241025880111501, 47.425648552426239 ], [ 34.245144985092416, 47.427275425822074 ], [ 34.248087202935928, 47.428417698631904 ], [ 34.252587065520117, 47.430927237380786 ], [ 34.255858119475548, 47.43262333943175 ], [ 34.258921487465564, 47.434163677008648 ], [ 34.262902135136194, 47.435219413999555 ], [ 34.26631164640191, 47.435859779059612 ], [ 34.270863430477462, 47.436188615171531 ], [ 34.273753726829611, 47.436154000843963 ], [ 34.276799787655833, 47.435513635783906 ], [ 34.279118947603067, 47.434734813413563 ], [ 34.280918892636748, 47.43331562598317 ], [ 34.281593872024374, 47.432536803612827 ], [ 34.28273614483421, 47.431775288406271 ], [ 34.283489006458872, 47.430689263878719 ], [ 34.286811981905664, 47.428162417966057 ], [ 34.288646541266907, 47.427297059776791 ], [ 34.290342643317871, 47.425981715329108 ], [ 34.293790327464343, 47.424591739902468 ], [ 34.295413642306983, 47.426864380682161 ], [ 34.29932506132247, 47.427279752613011 ], [ 34.302682651096823, 47.428525868405551 ], [ 34.306178698181469, 47.429079697646685 ], [ 34.311336232989497, 47.431900765343691 ], [ 34.317532197624651, 47.43344110292059 ], [ 34.32713767352552, 47.436573699565734 ], [ 34.328003031714786, 47.437889044013424 ], [ 34.331170242687506, 47.440502425745009 ], [ 34.333783624419091, 47.443081193149027 ], [ 34.336293163167966, 47.446040718156326 ], [ 34.342004527217135, 47.449190621965258 ], [ 34.343008342716686, 47.449848294189096 ], [ 34.343371793156173, 47.452011689662264 ], [ 34.342887192570188, 47.453257805454818 ], [ 34.341173783355437, 47.458605719064494 ], [ 34.339754595925037, 47.464542076242857 ], [ 34.339737288761256, 47.466584321569528 ], [ 34.34011804636453, 47.468107351982638 ], [ 34.341987220053348, 47.46980345403361 ], [ 34.343856393742165, 47.471309177282933 ], [ 34.347369747990584, 47.476691705220176 ], [ 34.34956775779132, 47.477418606099164 ], [ 34.351263859842284, 47.480014680666962 ], [ 34.350519651799516, 47.480481974089166 ], [ 34.350571573290871, 47.481208874968154 ], [ 34.353219569350031, 47.482195383303917 ], [ 34.3575117459688, 47.48297420567426 ], [ 34.359052083545691, 47.482853055527762 ], [ 34.360488578139879, 47.483303041786179 ], [ 34.361855844078924, 47.483354963277534 ], [ 34.36334426016446, 47.482212690467705 ], [ 34.372932428901542, 47.486920239017316 ], [ 34.3735727939616, 47.488512498085569 ], [ 34.373520872470237, 47.489741306714329 ], [ 34.373001657556678, 47.490814350869016 ], [ 34.37225744951391, 47.49065858639495 ], [ 34.371063255212718, 47.488997098671554 ], [ 34.367722972602152, 47.48872018405099 ], [ 34.367186450524805, 47.489810535369465 ], [ 34.367082607542088, 47.490831658032803 ], [ 34.368311416170847, 47.49188739502371 ], [ 34.370613268954301, 47.492839289031906 ], [ 34.371097869540293, 47.493670032893597 ], [ 34.371893999074416, 47.493600804238461 ], [ 34.372690128608539, 47.494241169298533 ], [ 34.374282387676793, 47.495175756142942 ], [ 34.376843847917023, 47.495348827780795 ], [ 34.378193806692281, 47.495660356728933 ], [ 34.379820680088102, 47.498602574572438 ], [ 34.379716837105391, 47.501060191829957 ], [ 34.381205253190927, 47.499606390071989 ], [ 34.382555211966185, 47.498983332175719 ], [ 34.383039812552177, 47.499814076037417 ], [ 34.386293559343819, 47.502098621657083 ], [ 34.388024275722358, 47.502583222243068 ], [ 34.39096649356587, 47.504452395931885 ], [ 34.38850887630835, 47.506113883655281 ], [ 34.374393163111684, 47.503900283176712 ], [ 34.373278572177242, 47.503725495052905 ], [ 34.372759357263682, 47.505456211431436 ], [ 34.373347800832384, 47.50704847049969 ], [ 34.380509236581283, 47.509029895410457 ], [ 34.384447461873378, 47.512332924508776 ], [ 34.386847388584947, 47.512286772072017 ], [ 34.391370327387513, 47.509471473429599 ], [ 34.394785607707824, 47.505779278488724 ], [ 34.395800961316567, 47.505410058994642 ], [ 34.397462449039956, 47.503610113960967 ], [ 34.399954680625051, 47.501948626237571 ], [ 34.400739272049982, 47.501810168927285 ], [ 34.402539217083657, 47.501302492122917 ], [ 34.413569649469522, 47.499179480031913 ], [ 34.418461807766178, 47.497379534998238 ], [ 34.419523313811681, 47.497471839871757 ], [ 34.421000191788032, 47.496825705757104 ], [ 34.428107667049211, 47.497056467940908 ], [ 34.432169081484176, 47.496410333826255 ], [ 34.435815123988284, 47.496191109751635 ], [ 34.446799403937383, 47.496698786556003 ], [ 34.459675933793683, 47.497483377980942 ], [ 34.468952573582627, 47.497160310923611 ], [ 34.478644585302426, 47.497344920670656 ], [ 34.484829011828381, 47.498083359658835 ], [ 34.490459609113216, 47.497991054785317 ], [ 34.501397736625556, 47.498498731589684 ], [ 34.505736065681084, 47.501314030232102 ], [ 34.507997535082367, 47.503298585012821 ], [ 34.50901288869111, 47.506483103149321 ], [ 34.51132051052916, 47.508283048182996 ], [ 34.51321276043636, 47.509298401791739 ], [ 34.515612687147922, 47.509390706665265 ], [ 34.516904955377228, 47.508467657930041 ], [ 34.51639727857286, 47.506806170206652 ], [ 34.517689546802167, 47.504590853242128 ], [ 34.518612595537384, 47.504406243495083 ], [ 34.519351034525563, 47.505098530046496 ], [ 34.519397186962323, 47.506667712896366 ], [ 34.520550997881344, 47.507729218941869 ], [ 34.519351034525563, 47.509990688343152 ], [ 34.519812558893172, 47.512298310181201 ], [ 34.523735516017851, 47.518805803764494 ], [ 34.530243009601136, 47.526328650956522 ], [ 34.532642936312705, 47.528913187415128 ], [ 34.540904222492912, 47.531451571436982 ], [ 34.545150246674922, 47.531774638494305 ], [ 34.554057666969776, 47.529467016656263 ], [ 34.557472947290087, 47.527344004565258 ], [ 34.571780202685964, 47.523467199877352 ], [ 34.571872507559483, 47.523559504750871 ], [ 34.578333848706016, 47.519313480568869 ], [ 34.582210653393936, 47.521298035349588 ], [ 34.58761048849496, 47.520374986614364 ], [ 34.589041214034559, 47.520882663418732 ], [ 34.588902756724281, 47.523374895003826 ], [ 34.592364189481344, 47.526190193646244 ], [ 34.596240994169264, 47.525036382727215 ], [ 34.597394805088285, 47.525313297347779 ], [ 34.599471664742531, 47.527851681369633 ], [ 34.598640920880833, 47.53071313244881 ], [ 34.599610122052816, 47.533482278654468 ], [ 34.60496380471708, 47.536205272423359 ], [ 34.612671261656153, 47.541189735593548 ], [ 34.61904029792916, 47.544466558603574 ], [ 34.627624651166691, 47.544374253730048 ], [ 34.632009132658979, 47.545158845154987 ], [ 34.637501272633529, 47.544328101293289 ], [ 34.640593485896517, 47.542528156259614 ], [ 34.64248573580371, 47.542205089202284 ], [ 34.646454845365156, 47.540405144168609 ], [ 34.648070180651786, 47.535789900492517 ], [ 34.650562412236873, 47.530620827575291 ], [ 34.655131503476206, 47.526928632634416 ], [ 34.661500539749213, 47.525267144911027 ], [ 34.664777362759239, 47.521574949970152 ], [ 34.671515618526335, 47.51659048679997 ], [ 34.674561679352557, 47.512206005307682 ], [ 34.681946069234307, 47.506667712896373 ], [ 34.681946069234307, 47.50177555459971 ], [ 34.677976959672868, 47.495729585384034 ], [ 34.67945383764922, 47.492683524557812 ], [ 34.685176739807574, 47.492175847753444 ], [ 34.68808434332351, 47.490468207593288 ], [ 34.69159192851734, 47.490468207593288 ], [ 34.696207172193432, 47.489037482053696 ], [ 34.70059165368572, 47.490514360030048 ], [ 34.704791525430963, 47.489222091800741 ], [ 34.70991444591143, 47.490237445409484 ], [ 34.716375787057956, 47.490329750283003 ], [ 34.718821866206291, 47.49157586607555 ], [ 34.725606274410147, 47.491714323385828 ], [ 34.734559847141767, 47.490191292972725 ], [ 34.742544218701411, 47.490098988099206 ], [ 34.744436468608605, 47.491437408765272 ], [ 34.749836303709635, 47.49194508556964 ], [ 34.759943687360277, 47.484791457871694 ], [ 34.766681943127374, 47.478376269161927 ], [ 34.777481613329428, 47.473899482796121 ], [ 34.782881448430459, 47.471730318268357 ], [ 34.789388942013751, 47.468591952568609 ], [ 34.796219502654367, 47.46619202585704 ], [ 34.800650136583414, 47.465638196615913 ], [ 34.809557556878275, 47.465592044179154 ], [ 34.818049605242287, 47.463469032088149 ], [ 34.821141818505268, 47.463238269904345 ], [ 34.822618696481619, 47.463930556455757 ], [ 34.826403196296013, 47.462361373605887 ], [ 34.82769546452532, 47.460192209078123 ], [ 34.833187604499869, 47.457838434803314 ], [ 34.839279726152313, 47.455853880022595 ], [ 34.84020277488753, 47.456269251953444 ], [ 34.841310433369792, 47.455253898344701 ], [ 34.857648395983162, 47.449623301059873 ], [ 34.864063584692929, 47.44893101450846 ], [ 34.86710964551915, 47.449807910806918 ], [ 34.869186505173396, 47.448884862071701 ], [ 34.870894145333544, 47.448838709634941 ], [ 34.873340224481879, 47.446900307290981 ], [ 34.874124815906811, 47.44348502697067 ], [ 34.873109462298068, 47.438085191869646 ], [ 34.871447974574679, 47.43642370414625 ], [ 34.864848176117867, 47.428993161827741 ], [ 34.862586706716577, 47.421285704888668 ], [ 34.8629097737739, 47.419762674475557 ], [ 34.869924944161561, 47.413255180892264 ], [ 34.872694090367219, 47.413532095512835 ], [ 34.875394007917741, 47.408916851836729 ], [ 34.881486129570185, 47.406055400757552 ], [ 34.890901226669413, 47.402547815563722 ], [ 34.898839445792291, 47.400794022966807 ], [ 34.909085286753218, 47.397378742646502 ], [ 34.918408078978921, 47.394424986693799 ], [ 34.931238456398461, 47.392301974602802 ], [ 34.943699614323911, 47.38925591377658 ], [ 34.963545162131112, 47.388794389408972 ], [ 34.973237173850912, 47.390086657638278 ], [ 34.973883307965565, 47.392301974602802 ], [ 34.990959709567107, 47.396732608531849 ], [ 35.003974696733685, 47.403470864298946 ], [ 35.019389610611832, 47.411132168801259 ], [ 35.029266232078669, 47.41777811969483 ], [ 35.036281402466329, 47.424239460841363 ], [ 35.040250512027768, 47.429685448379153 ], [ 35.045973414186122, 47.435777570031597 ], [ 35.050219438368131, 47.439838984466554 ], [ 35.055573121032396, 47.44186969168404 ], [ 35.057603828249874, 47.443069655039821 ], [ 35.060742193949622, 47.447500288968868 ], [ 35.067941974084327, 47.450269435174526 ], [ 35.079941607642176, 47.450269435174526 ], [ 35.094156558164542, 47.451100179036224 ], [ 35.118986569141924, 47.450269435174526 ], [ 35.144555019107479, 47.446208020739569 ], [ 35.155539299056578, 47.445192667130826 ], [ 35.176215590725469, 47.445469581751389 ], [ 35.197445711635503, 47.444731142763217 ], [ 35.20695311360825, 47.446577240233651 ], [ 35.223567990842184, 47.453038581380184 ], [ 35.243136624028814, 47.462730593099977 ], [ 35.254859342966093, 47.468176580637767 ], [ 35.262982171836015, 47.472884129187385 ], [ 35.268428159373805, 47.473530263302038 ], [ 35.271105000705937, 47.471314946337515 ], [ 35.269258903235503, 47.463653641835201 ], [ 35.267597415512107, 47.460792190756017 ], [ 35.266858976523935, 47.456176947079925 ], [ 35.269997342223675, 47.453038581380184 ], [ 35.271843439694116, 47.452669361886095 ], [ 35.273135707923423, 47.457746129929802 ], [ 35.282366195275607, 47.46882271475242 ], [ 35.283104634263779, 47.471407251211033 ], [ 35.279597049069949, 47.47814550697813 ], [ 35.274427976152722, 47.4906989697771 ], [ 35.273781842038069, 47.494760384212064 ], [ 35.278212475967116, 47.501037115611545 ], [ 35.28430459761956, 47.505560054414119 ], [ 35.299811816371232, 47.510821432204864 ], [ 35.315503644869949, 47.513405968663477 ], [ 35.32408799810748, 47.515805895375046 ], [ 35.328357098507865, 47.518944261074779 ], [ 35.328772470438714, 47.520144224430567 ], [ 35.330226272196683, 47.52042113905113 ], [ 35.33271850378177, 47.522105702992903 ], [ 35.335863323488553, 47.526470486841717 ], [ 35.336810686507903, 47.527928602097589 ], [ 35.337021204233366, 47.528165434538735 ], [ 35.337152, 47.530162 ], [ 35.330884403857439, 47.550411519614904 ], [ 35.330881034127017, 47.550423972966463 ], [ 35.330459910183954, 47.553363002781076 ], [ 35.329655144538179, 47.558124951081254 ], [ 35.328100759147986, 47.564005246839095 ], [ 35.326018126413359, 47.56731047773777 ], [ 35.343384487016763, 47.56967185635299 ], [ 35.348355536682348, 47.572804665456147 ], [ 35.346688, 47.5778414 ], [ 35.359922038259235, 47.57892937615199 ], [ 35.364255937958013, 47.578389746617503 ], [ 35.37617837798539, 47.579603913070073 ], [ 35.377190183362522, 47.568541507613283 ], [ 35.391970973580328, 47.566593782262281 ], [ 35.402360950046926, 47.56693737450496 ], [ 35.403063128893571, 47.558294339450292 ], [ 35.400806458150655, 47.553340782780737 ], [ 35.396487050661989, 47.540732008310563 ], [ 35.402983842732247, 47.537566561541453 ], [ 35.417566487730362, 47.536377690223283 ], [ 35.431991183643397, 47.537711765535299 ], [ 35.449499378362006, 47.542555327695446 ], [ 35.463843936167599, 47.540045484715442 ], [ 35.480930799474152, 47.543839754879741 ], [ 35.487520181992835, 47.547811090985057 ], [ 35.492723754300592, 47.545875812739553 ], [ 35.506565618911196, 47.54677601748341 ], [ 35.51269487991155, 47.544459211349483 ], [ 35.527074934431667, 47.545970693370947 ], [ 35.539211015868503, 47.552120373664103 ], [ 35.568687819143349, 47.555914540982144 ], [ 35.587643990852236, 47.552879572226942 ], [ 35.594905043773828, 47.540927061519547 ], [ 35.590604178573201, 47.526411407258351 ], [ 35.593070454180001, 47.516995293467275 ], [ 35.610603626439982, 47.506147731361736 ], [ 35.627400934988898, 47.507296831449956 ], [ 35.634168723842947, 47.510488120135484 ], [ 35.639151865325374, 47.508660546673028 ], [ 35.639353392036064, 47.506646873777122 ], [ 35.636211305948052, 47.502804723052762 ], [ 35.63957493692849, 47.500605037589423 ], [ 35.650490409333024, 47.50000961069842 ], [ 35.670484, 47.502209 ], [ 35.681998008650091, 47.507453815328155 ], [ 35.696843743173531, 47.507990225610669 ], [ 35.710579220896818, 47.505641892010672 ], [ 35.721517324691035, 47.493857046065074 ], [ 35.732320169209729, 47.4914219125599 ], [ 35.739200445774323, 47.491485150395953 ], [ 35.743171781879617, 47.490865419602436 ], [ 35.745815123427413, 47.489606986664612 ], [ 35.764416123130658, 47.486222718359343 ], [ 35.784042617562939, 47.484899790171326 ], [ 35.79924002828637, 47.473179377798985 ], [ 35.818060794010705, 47.469650706546197 ], [ 35.84176905399039, 47.471102014884011 ], [ 35.886439470918326, 47.467267430599229 ], [ 35.917671057208125, 47.472446609373463 ], [ 35.924353278516556, 47.494684949492459 ], [ 35.93257542469722, 47.493234467036061 ], [ 35.936682646696148, 47.526569455865037 ], [ 35.940380673297682, 47.529154232332445 ], [ 35.943462867440843, 47.530353138319683 ], [ 35.962604701628678, 47.518226850324425 ], [ 35.970650925795823, 47.516803999012829 ], [ 35.99054393667501, 47.517583973425552 ], [ 35.992224497836844, 47.523321846197028 ], [ 35.994587967691722, 47.525918951220589 ], [ 35.997808243441995, 47.525742936148525 ], [ 35.9987761, 47.5257009 ], [ 36.004763789613065, 47.522992880711961 ], [ 36.030125789815813, 47.522554265199311 ], [ 36.031762389629407, 47.526465159418635 ], [ 36.036037732978563, 47.528560834085319 ], [ 36.045904563155979, 47.530990873314416 ], [ 36.06016684491874, 47.538668932848381 ], [ 36.063919132129215, 47.555373708022032 ], [ 36.070712499909284, 47.564805086121183 ], [ 36.082013948510173, 47.570811344750702 ], [ 36.08748923489987, 47.578848650906707 ], [ 36.087070112112187, 47.581364118306091 ], [ 36.075711333614194, 47.58854730470842 ], [ 36.068674146935493, 47.589510902884342 ], [ 36.071700955956594, 47.593539362558218 ], [ 36.079361326704806, 47.591642498849268 ], [ 36.089274707938898, 47.588094705565183 ], [ 36.096457894341235, 47.587247907168155 ], [ 36.108516149681684, 47.592050737151133 ], [ 36.107307841030554, 47.596375210218319 ], [ 36.1051201664201, 47.601208444822824 ], [ 36.100986478929414, 47.614576154215783 ], [ 36.093583998561463, 47.622093105929636 ], [ 36.10538726622719, 47.631785013215499 ], [ 36.119479960810843, 47.633947249749077 ], [ 36.126831565025057, 47.637190604549453 ], [ 36.12980782001835, 47.637979184932284 ], [ 36.143900514602002, 47.645000094147257 ], [ 36.152902260267354, 47.651199531425647 ], [ 36.15842217400462, 47.652459743036076 ], [ 36.162001442246776, 47.651624667886097 ], [ 36.170902058306694, 47.654254828520507 ], [ 36.169015203938528, 47.659419854114141 ], [ 36.159428459017469, 47.666948212451757 ], [ 36.161105662900276, 47.670588507242861 ], [ 36.166972982826422, 47.673814697404431 ], [ 36.169069611227826, 47.678694460017063 ], [ 36.1670987, 47.6923228 ], [ 36.158009094268749, 47.697034225426243 ], [ 36.152605295400562, 47.697638013261219 ], [ 36.147539292035859, 47.699966161025266 ], [ 36.142754746684162, 47.700874430250273 ], [ 36.138039157610848, 47.707911062201461 ], [ 36.136231204487871, 47.712952770419825 ], [ 36.146892536305799, 47.724840240647744 ], [ 36.152148647446815, 47.722708720882629 ], [ 36.160573336226008, 47.728250490857732 ], [ 36.163179768037679, 47.734926627614442 ], [ 36.164814964942273, 47.741496615177539 ], [ 36.162770968811529, 47.748592201745694 ], [ 36.189050919063952, 47.759308581459734 ], [ 36.191830175930022, 47.761308556905483 ], [ 36.197181976271963, 47.761845953608194 ], [ 36.209884174593888, 47.76199522948486 ], [ 36.229412581236929, 47.760397571245115 ], [ 36.241601783696225, 47.7644818707167 ], [ 36.249280608487098, 47.778862065721086 ], [ 36.270900600616734, 47.781291775602156 ], [ 36.29519196631518, 47.779099064152526 ], [ 36.303473463183281, 47.802644291424073 ], [ 36.348884096669522, 47.805994728814696 ], [ 36.363714739380484, 47.796869241338186 ], [ 36.364563307494933, 47.797664501567944 ], [ 36.378925459322822, 47.79408636114907 ], [ 36.418648372878785, 47.8074625432209 ], [ 36.451240642262142, 47.807324050511966 ], [ 36.454531599678127, 47.821627589071056 ], [ 36.457353528194098, 47.824951859473195 ], [ 36.490641984475261, 47.830746030752245 ], [ 36.525071037957765, 47.840958705165264 ], [ 36.572100174138235, 47.84918149620961 ], [ 36.582034632066048, 47.859787784161668 ], [ 36.59009763048671, 47.874683768454105 ], [ 36.574293095260217, 47.896117951509638 ], [ 36.624859583984559, 47.903194802221684 ], [ 36.630115520447895, 47.909566076665051 ], [ 36.629261430772601, 47.921293630031442 ], [ 36.621370844022728, 47.923440243526322 ], [ 36.61172336073151, 47.924115345375775 ], [ 36.607789134425957, 47.935198504932842 ], [ 36.6350992981221, 47.938553549730869 ], [ 36.677243986910909, 47.947565517788178 ], [ 36.691584032152825, 47.950014292831497 ], [ 36.732086386784296, 47.960054651587811 ], [ 36.742112546224092, 47.974167085159365 ], [ 36.739257967283955, 47.97472859031609 ], [ 36.73947994477561, 47.975997430058342 ], [ 36.741289915092196, 47.977437696845591 ], [ 36.741170388750525, 47.979140817628682 ], [ 36.740436155508895, 47.980409548943598 ], [ 36.740542817639813, 47.984143552980854 ], [ 36.740047543176182, 47.986628147071883 ], [ 36.741324065475524, 47.988946956835164 ], [ 36.73982144860895, 47.992135265063816 ], [ 36.739872674183943, 47.995734731162315 ], [ 36.741375291050552, 48.002293112648019 ], [ 36.734989169367509, 48.007114248092748 ], [ 36.737721200034038, 48.013077209256757 ], [ 36.741153313558875, 48.016138385060991 ], [ 36.748427345208519, 48.027285011649674 ], [ 36.761353265299583, 48.031076142630539 ], [ 36.7636035, 48.0339218 ], [ 36.764698327410677, 48.054366597061339 ], [ 36.776857539332212, 48.067214906157169 ], [ 36.800882334006111, 48.060002876849069 ], [ 36.816478988229981, 48.064952849402054 ], [ 36.839303142947138, 48.077779575235709 ], [ 36.848281962420096, 48.079652987290508 ], [ 36.868445848292808, 48.083489907375522 ], [ 36.875156553540648, 48.088475818449758 ], [ 36.890573602410697, 48.091021716815064 ], [ 36.892373842259857, 48.09489209551392 ], [ 36.902022887800236, 48.09866515924201 ], [ 36.903182694324983, 48.11423863270862 ], [ 36.909318412328957, 48.114048377886803 ], [ 36.915669465223147, 48.114872263825958 ], [ 36.912641334551786, 48.128449318905844 ], [ 36.904349077807417, 48.133597592646368 ], [ 36.906818968246917, 48.138984075716181 ], [ 36.907008, 48.164655 ], [ 36.916535799291353, 48.167810052434028 ], [ 36.923941740368278, 48.173529914706684 ], [ 36.935920369847871, 48.187328015301027 ], [ 36.93243447098893, 48.192839484586791 ], [ 36.930140503682793, 48.198775508654229 ], [ 36.928715441973971, 48.20988910118794 ], [ 36.93078255181706, 48.220171769618773 ], [ 36.954937632663224, 48.233548085551952 ], [ 36.947353788974468, 48.237246773299759 ], [ 36.942742519799552, 48.237066106787815 ], [ 36.941838349373093, 48.2400972049346 ], [ 36.963910348580733, 48.238776759362445 ], [ 36.982433246290313, 48.250760231180905 ], [ 36.980942163312513, 48.257582093437179 ], [ 36.983492385884254, 48.258640921831784 ], [ 36.9874519, 48.2591455 ], [ 36.988616069148996, 48.262870094762583 ], [ 36.995798028570917, 48.264340550157662 ], [ 37.008777323852037, 48.262043065705598 ], [ 37.019921126896747, 48.253497620770752 ], [ 37.036511443452149, 48.245390788373385 ], [ 37.045996122203576, 48.252112738264692 ], [ 37.050666020285895, 48.254739205679947 ], [ 37.051110614519452, 48.254859463546531 ], [ 37.050998801623422, 48.256148829631883 ], [ 37.05056692680283, 48.261128977419439 ], [ 37.05105504024025, 48.261500958812341 ], [ 37.05229146683601, 48.261898130283861 ], [ 37.057807315162137, 48.26939008181801 ], [ 37.055612131134033, 48.280116595272979 ], [ 37.092348896906415, 48.28412810368571 ], [ 37.102551883301381, 48.295700400209725 ], [ 37.087356299420819, 48.302086022411729 ], [ 37.087749919439773, 48.303182901574594 ], [ 37.063142455319309, 48.318097058370334 ], [ 37.063545591887063, 48.320645622879084 ], [ 37.055240146186556, 48.322383016830535 ], [ 37.047925429517832, 48.329599679453743 ], [ 37.036651394515914, 48.348755267478886 ], [ 37.039416617568335, 48.349770028232072 ], [ 37.064175547438779, 48.34080286995421 ], [ 37.068883236664064, 48.349455019826657 ], [ 37.068706075643732, 48.351595677969271 ], [ 37.075251970260041, 48.353527142048392 ], [ 37.081601911497152, 48.356789977826544 ], [ 37.086396404500434, 48.357473165790502 ], [ 37.085314374530135, 48.362658585342018 ], [ 37.102836583962848, 48.365551277479526 ], [ 37.122315019965477, 48.361081910314539 ], [ 37.141764867265557, 48.362902057710123 ], [ 37.146062702215261, 48.363883603164254 ], [ 37.162091434777118, 48.361120028584622 ], [ 37.176338304099794, 48.360031940640638 ], [ 37.182275058775929, 48.360605431938765 ], [ 37.18213211526318, 48.366370820285908 ], [ 37.178491820472082, 48.375576382506338 ], [ 37.177862869016032, 48.378368545788518 ], [ 37.18855457383173, 48.390658347335574 ], [ 37.188852615395433, 48.393061232889195 ], [ 37.22159805465278, 48.403297614741746 ], [ 37.227443075695057, 48.41467229005557 ], [ 37.224566750615885, 48.416434403429193 ], [ 37.220031342306072, 48.429322903811297 ], [ 37.221314084050256, 48.430498750410145 ], [ 37.234757771639671, 48.442811591993674 ], [ 37.224510333155514, 48.452710606400373 ], [ 37.243605063821541, 48.453700830309607 ], [ 37.244394159647207, 48.454684101279142 ], [ 37.267623577918783, 48.456753014739817 ], [ 37.281179687019993, 48.466750223721057 ], [ 37.294966831640892, 48.471081962686284 ], [ 37.308641310019013, 48.475120292984514 ], [ 37.313874574467853, 48.473785903289887 ], [ 37.31806043267683, 48.474239211924704 ], [ 37.341373817196704, 48.47372677221108 ], [ 37.351338706631246, 48.474505652651409 ], [ 37.367274841165354, 48.48181172097695 ], [ 37.376196715267575, 48.48510895769757 ], [ 37.374859671173347, 48.488771677021063 ], [ 37.3806387, 48.4933927 ], [ 37.383674437734633, 48.492789737398233 ], [ 37.389880092898395, 48.495880402526225 ], [ 37.415901425423421, 48.493345460507932 ], [ 37.437204100818029, 48.490260772027838 ], [ 37.446482387737532, 48.490364049659284 ], [ 37.449344433444999, 48.486687092656815 ], [ 37.459465144574473, 48.480069704610621 ], [ 37.464102141923355, 48.470575958891899 ], [ 37.470239462310516, 48.465573787677293 ], [ 37.471476210344775, 48.461438411437761 ], [ 37.475968020011109, 48.459427039080261 ], [ 37.484978364362753, 48.454379335464665 ], [ 37.486627207414159, 48.451275356059078 ], [ 37.507228004047604, 48.445423092398435 ], [ 37.524939949800149, 48.445573987688384 ], [ 37.534015871413857, 48.444774318814581 ], [ 37.57364499555684, 48.443860103245598 ], [ 37.587379067842122, 48.443139784769102 ], [ 37.598503986534759, 48.444364326179148 ], [ 37.607936398397513, 48.442496355193647 ], [ 37.635406851402969, 48.449975291273908 ], [ 37.635500311509574, 48.464286199172662 ], [ 37.630517845760501, 48.477426484490181 ], [ 37.614957321251374, 48.491386424147272 ], [ 37.614912143453154, 48.494503692226047 ], [ 37.626200139042709, 48.498892392626786 ], [ 37.62918187372675, 48.506482262731609 ], [ 37.64198009857185, 48.507224469417046 ], [ 37.65040716109722, 48.498430053128274 ], [ 37.653896599071473, 48.49559060850217 ], [ 37.660195780890504, 48.494638154893792 ], [ 37.660319992225993, 48.497037195511908 ], [ 37.665576460773522, 48.504404752505749 ], [ 37.67940519002611, 48.495847921728192 ], [ 37.6863436, 48.4964505 ], [ 37.689876847394757, 48.491907827247111 ], [ 37.700839062239901, 48.491101329025419 ], [ 37.702860003666416, 48.490320762315903 ], [ 37.703746555714794, 48.490421085269034 ], [ 37.705633683555099, 48.48894356657236 ], [ 37.706090706240751, 48.488886566714882 ], [ 37.727529425451472, 48.479467223768076 ], [ 37.734813864305814, 48.479964590288006 ], [ 37.742402004840471, 48.48101214101149 ], [ 37.748352797185532, 48.47818639494232 ], [ 37.749365136119977, 48.478969857248103 ], [ 37.754726130998876, 48.479973393235277 ], [ 37.7799668, 48.4917466 ], [ 37.771836349193457, 48.497768970343728 ], [ 37.769512579003894, 48.501563592180432 ], [ 37.770102389501815, 48.504354402829108 ], [ 37.7738057, 48.5114247 ], [ 37.769367315206601, 48.519274108032363 ], [ 37.7708795, 48.5223588 ], [ 37.756009927285966, 48.518886393422292 ], [ 37.75294972406342, 48.52164762269328 ], [ 37.747228222994615, 48.522330622950207 ], [ 37.742256334689564, 48.525395310817899 ], [ 37.741505718804802, 48.529632158907077 ], [ 37.74364208709224, 48.53175809712743 ], [ 37.743480415978603, 48.536713174969641 ], [ 37.741898348652235, 48.540635601007281 ], [ 37.769977461714824, 48.544185398256104 ], [ 37.793326851089596, 48.550658731672669 ], [ 37.795712805166104, 48.563889931551458 ], [ 37.814216440749242, 48.566163578826149 ], [ 37.813666255047586, 48.567300146657196 ], [ 37.819261712203513, 48.571634214874372 ], [ 37.815985914971137, 48.575783165354778 ], [ 37.819626, 48.5824618 ], [ 37.813177591525992, 48.586739792375724 ], [ 37.81346773549194, 48.588266865880712 ], [ 37.818134037367315, 48.590435107364485 ], [ 37.817532560399009, 48.593163546365638 ], [ 37.7844991, 48.5890699 ], [ 37.783306635134657, 48.595641263349115 ], [ 37.786487607869972, 48.596730228362205 ], [ 37.784679300767365, 48.597592073208226 ], [ 37.783076592157144, 48.597165884776288 ], [ 37.773741509863846, 48.600492686447424 ], [ 37.767919776265472, 48.60082504262288 ], [ 37.760868323398292, 48.606156225163502 ], [ 37.75850987864947, 48.615168684554945 ], [ 37.763488690943753, 48.61959827237493 ], [ 37.7764591, 48.619809 ], [ 37.788989206318412, 48.623757641867101 ], [ 37.784480648221979, 48.63261431675275 ], [ 37.790000441077154, 48.639167643171824 ], [ 37.786936307965284, 48.651732965535075 ], [ 37.787428578530822, 48.652801504071547 ], [ 37.787137234726757, 48.65574816381784 ], [ 37.789759328963477, 48.658999908224516 ], [ 37.801213548251013, 48.663984327539815 ], [ 37.811571965728085, 48.665829674528048 ], [ 37.806178497776401, 48.678406172457905 ], [ 37.796456872730197, 48.679609527878469 ], [ 37.78734123296816, 48.69023804267713 ], [ 37.803447398310801, 48.693356948706864 ], [ 37.805383989361445, 48.701203992976538 ], [ 37.810933483375806, 48.709491755429902 ], [ 37.808876855770279, 48.71016054796452 ], [ 37.807029673014632, 48.715947425191175 ], [ 37.798183399348943, 48.720449933158051 ], [ 37.798443159423961, 48.722528013758144 ], [ 37.811739668407284, 48.731943040394434 ], [ 37.817330995132011, 48.737606668757849 ], [ 37.808931954771793, 48.740426432666446 ], [ 37.809956227986461, 48.743354649033058 ], [ 37.817849156875901, 48.740872292771641 ], [ 37.840584347612101, 48.758408158198598 ], [ 37.837556624146586, 48.762553792769275 ], [ 37.833351125367571, 48.762483551604298 ], [ 37.832193229287292, 48.765289818493947 ], [ 37.8389682, 48.764865 ], [ 37.849143329478999, 48.761433905584219 ], [ 37.856701683810726, 48.761142524439279 ], [ 37.867004564142697, 48.762686903791845 ], [ 37.887140914589494, 48.769579179774787 ], [ 37.870142457574552, 48.781916558412625 ], [ 37.878625114544171, 48.782422299478547 ], [ 37.892777823136761, 48.777521634544371 ], [ 37.9004187, 48.7740565 ], [ 37.902532874024899, 48.778146488648289 ], [ 37.907291437690773, 48.780675193977984 ], [ 37.910923578073422, 48.780675193977984 ], [ 37.918943970375288, 48.784526290142978 ], [ 37.92073920082224, 48.784883805525908 ], [ 37.930486562033131, 48.795571567192887 ], [ 37.935470738952596, 48.795816929573547 ], [ 37.935498696990571, 48.804858960106628 ], [ 37.931178709207508, 48.813650663785062 ], [ 37.93005053853112, 48.819496639108131 ], [ 37.919914255972593, 48.840373759178533 ], [ 37.906744162855482, 48.833153705143303 ], [ 37.889698306164973, 48.826621131570803 ], [ 37.860646003101508, 48.82000887978478 ], [ 37.857683439972462, 48.820049195112389 ], [ 37.85833955973326, 48.828937769234876 ], [ 37.86830122417841, 48.827413532305705 ], [ 37.871834176736527, 48.838410256711946 ], [ 37.87874866960027, 48.839440037801694 ], [ 37.875965134577115, 48.846156099916115 ], [ 37.895158948991579, 48.851337280297599 ], [ 37.901674563864511, 48.851035196655673 ], [ 37.907746075743816, 48.853064881492891 ], [ 37.910422, 48.8591431 ], [ 37.908556950045401, 48.862269777016898 ], [ 37.907158202753905, 48.862737789549506 ], [ 37.891901508425484, 48.862681595463577 ], [ 37.892980816209565, 48.864908184225477 ], [ 37.896832539465322, 48.864852092032365 ], [ 37.907106259171172, 48.869513160241659 ], [ 37.906856159542059, 48.870253748541778 ], [ 37.903835727423633, 48.871911474076519 ], [ 37.900260378706712, 48.875156682538638 ], [ 37.899298054985266, 48.877650295101532 ], [ 37.90056944617929, 48.878570473258534 ], [ 37.904439813847326, 48.877467664322275 ], [ 37.908401496904986, 48.878352721175581 ], [ 37.910354241390856, 48.879778646105905 ], [ 37.913669692460381, 48.879322069157773 ], [ 37.9163466, 48.8796124 ], [ 37.922626945855683, 48.88279799383033 ], [ 37.926774399416374, 48.885654302312737 ], [ 37.931630494743935, 48.892101332147831 ], [ 37.931422753492924, 48.893440520166337 ], [ 37.93264553135446, 48.895364597095508 ], [ 37.932753423518712, 48.897792170791206 ], [ 37.931171005109661, 48.900633331116531 ], [ 37.938013166526069, 48.908887081681883 ], [ 37.937481158904895, 48.919915658084008 ], [ 37.939673976394765, 48.924039824866682 ], [ 37.947210965850942, 48.931165720405815 ], [ 37.949732049432107, 48.93392608461189 ], [ 37.953723765102275, 48.93530620948227 ], [ 37.954012639262615, 48.937876590344246 ], [ 37.965813434713596, 48.939624517977528 ], [ 37.9653286, 48.9419142 ], [ 37.954322412387583, 48.945751203843685 ], [ 37.95364434119606, 48.945638708369081 ], [ 37.953245553604425, 48.945220203069972 ], [ 37.953966717255426, 48.944437134844073 ], [ 37.954418043738571, 48.942880868863583 ], [ 37.952032460899169, 48.941970377829314 ], [ 37.950968619903215, 48.94130337967011 ], [ 37.950162679754769, 48.940128170748565 ], [ 37.948663631078638, 48.939768191308517 ], [ 37.946261929436247, 48.940212871415987 ], [ 37.945584939711551, 48.941165744019841 ], [ 37.943102644054321, 48.941462189564149 ], [ 37.942538485950408, 48.940466972555754 ], [ 37.939008468100205, 48.940594022640532 ], [ 37.935043242569819, 48.941229268213277 ], [ 37.934785341722318, 48.940054057546682 ], [ 37.936381103216242, 48.939757603638633 ], [ 37.93518831179653, 48.938105899631772 ], [ 37.93441460925402, 48.935469412682814 ], [ 37.934833698131222, 48.935215286101077 ], [ 37.935333381023248, 48.934008167171072 ], [ 37.935204430599505, 48.932493932856332 ], [ 37.936187677580619, 48.932292737427879 ], [ 37.936719598078582, 48.932652770779761 ], [ 37.938121933936898, 48.932398629859712 ], [ 37.937880151892365, 48.931413821575184 ], [ 37.937557775832971, 48.931101432093335 ], [ 37.936058727156848, 48.931344990162316 ], [ 37.934856374680024, 48.931342286585711 ], [ 37.934728925911905, 48.930868462393839 ], [ 37.935446212644024, 48.930640786409953 ], [ 37.93539785623512, 48.930090123924238 ], [ 37.935994251944976, 48.929708892491817 ], [ 37.936816310896404, 48.928935830929156 ], [ 37.936010370747944, 48.928205117900873 ], [ 37.930705, 48.9150088 ], [ 37.919875485096853, 48.912570119874111 ], [ 37.914488446680672, 48.914709424371573 ], [ 37.912216188770522, 48.913971164936264 ], [ 37.890897813995608, 48.925228435915294 ], [ 37.881591768959126, 48.930172612464524 ], [ 37.879629281278142, 48.950518113423662 ], [ 37.8829035, 48.9599471 ], [ 37.967112130842906, 48.9703830012688 ], [ 37.964578840273482, 48.983940890733322 ], [ 37.967484124795362, 48.985357517070419 ], [ 37.972622396594403, 48.98516543214334 ], [ 37.97609193058954, 48.9864500000931 ], [ 37.978806178049197, 48.989802629063291 ], [ 37.967880299957429, 49.00206890572521 ], [ 37.966703779779152, 49.001900831414027 ], [ 37.956422, 49.009206 ], [ 37.949139322715077, 49.009121838584967 ], [ 37.945682485573258, 49.008755862248719 ], [ 37.939924662551512, 49.014182737883175 ], [ 37.939535796800996, 49.019480165550966 ], [ 37.94156, 49.019807 ], [ 37.939883921837421, 49.022411900032367 ], [ 37.940352888139174, 49.023178878255202 ], [ 37.951000836991433, 49.024860982852438 ], [ 37.954245021210951, 49.027041870943272 ], [ 37.960511355620902, 49.033466345180628 ], [ 37.956116161305104, 49.036385687419497 ], [ 37.954839300694744, 49.038466727201829 ], [ 37.960714736881997, 49.04375971067239 ], [ 37.969204619885005, 49.049937183543776 ], [ 37.966109517036017, 49.061585219846023 ], [ 37.953593983506828, 49.068536293144255 ], [ 37.941239777240853, 49.071822509951247 ], [ 37.926109077261358, 49.077840708044675 ], [ 37.911614550883876, 49.081513275857702 ], [ 37.898800641378969, 49.080583865345943 ], [ 37.866995945664748, 49.071419818045428 ], [ 37.862420414751917, 49.079309482256761 ], [ 37.855268694241694, 49.080621624509106 ], [ 37.843211929968781, 49.079118221763025 ], [ 37.822777395188552, 49.069758583558993 ], [ 37.803855529208953, 49.070015197016296 ], [ 37.78978230697431, 49.069907149244813 ], [ 37.779706852284257, 49.070744519473749 ], [ 37.744726386269186, 49.063721414327851 ], [ 37.739945272381405, 49.063924003899359 ], [ 37.73786535278051, 49.063356753099114 ], [ 37.733032482844081, 49.063675805346278 ], [ 37.729730358524719, 49.06432956439609 ], [ 37.713338508655653, 49.06753009827235 ], [ 37.712555162312455, 49.070987626959557 ], [ 37.714990301094488, 49.072460995258879 ], [ 37.715607511856625, 49.074485673561071 ], [ 37.720712769058821, 49.079064197877351 ], [ 37.724575476889058, 49.084520610336838 ], [ 37.72392850809576, 49.087473434126146 ], [ 37.721415605253235, 49.088444844001522 ], [ 37.713563677645745, 49.08887537374693 ], [ 37.710198348914496, 49.089901631069971 ], [ 37.7069264, 49.0892393 ], [ 37.682081728417963, 49.094420050169802 ], [ 37.682469500138495, 49.096983652100015 ], [ 37.713292081878848, 49.102304598222972 ], [ 37.714781115229492, 49.106802086710623 ], [ 37.71216770975694, 49.10823034318981 ], [ 37.707487890654924, 49.107926458832537 ], [ 37.703987061817351, 49.110220400169318 ], [ 37.69686419675233, 49.10535030767997 ], [ 37.67847689314241, 49.105994212628296 ], [ 37.678913319031786, 49.116672420085294 ], [ 37.684772534948699, 49.122497713763813 ], [ 37.7003972, 49.1302842 ], [ 37.701790058956021, 49.128727343087938 ], [ 37.710967366545681, 49.126417821972645 ], [ 37.712415180087007, 49.127708835809969 ], [ 37.725132685759377, 49.133103806663868 ], [ 37.732505170367496, 49.132525897553826 ], [ 37.740679659578163, 49.130307541745722 ], [ 37.747030842645181, 49.128089185937618 ], [ 37.753777075376661, 49.136810666991373 ], [ 37.747288831159757, 49.138543701487912 ], [ 37.746477441395399, 49.144008608092292 ], [ 37.764093949306094, 49.160194568283558 ], [ 37.763015159837778, 49.167837259869025 ], [ 37.750657398219268, 49.175717778193238 ], [ 37.751056320527326, 49.178025828689833 ], [ 37.753682405930952, 49.181478280422766 ], [ 37.77610294258281, 49.182798649161157 ], [ 37.79548479015795, 49.183309487324884 ], [ 37.800502380702191, 49.181618892190514 ], [ 37.806835284156641, 49.181132200499725 ], [ 37.813057839539923, 49.185001755774536 ], [ 37.841637028151347, 49.190235882472557 ], [ 37.862309373576949, 49.190856499932472 ], [ 37.889841296345935, 49.197086129256576 ], [ 37.890205957574665, 49.203437312323594 ], [ 37.88048165814191, 49.2073270320967 ], [ 37.884740552093596, 49.214674075125281 ], [ 37.882973868656464, 49.220699794691207 ], [ 37.87849121560177, 49.221776733285047 ], [ 37.876396, 49.226102 ], [ 37.878908893686535, 49.226639075761355 ], [ 37.888352846842331, 49.22640760632126 ], [ 37.917901126343367, 49.231014050164895 ], [ 37.916522342914575, 49.240389650168062 ], [ 37.91691659783335, 49.243967832786694 ], [ 37.918640697853526, 49.245180315661571 ], [ 37.920979365976407, 49.244918733614796 ], [ 37.92269425524492, 49.244082157720761 ], [ 37.948612531042677, 49.236287211344859 ], [ 37.954975272586232, 49.239206429412228 ], [ 37.9479743738924, 49.241574799161405 ], [ 37.950956095771566, 49.249808562845807 ], [ 37.975553706705185, 49.246168210046868 ], [ 37.984440496765224, 49.247743651614073 ], [ 38.011136737551709, 49.260126939172977 ], [ 38.010802464758711, 49.288995953113975 ], [ 38.003736294246742, 49.288231873722737 ], [ 37.999277, 49.28581 ], [ 37.997978544881761, 49.282857489097026 ], [ 37.983346524046382, 49.280631263547633 ], [ 37.967787633986632, 49.287810804120589 ], [ 37.963548447202662, 49.296456314085027 ], [ 37.963133622985303, 49.303231405940359 ], [ 37.961584, 49.311489 ], [ 37.962250804907995, 49.31772179162612 ], [ 37.965842774100089, 49.322666339899861 ], [ 37.9638675257778, 49.334836908408668 ], [ 37.957422728625417, 49.334829380508182 ], [ 37.941395277557412, 49.339015318321167 ], [ 37.94148644286458, 49.349738637578447 ], [ 37.943446496968996, 49.349890579757087 ], [ 37.953873355524379, 49.360810505024602 ], [ 37.950010399086139, 49.362858844703823 ], [ 37.93951879165126, 49.377141409495692 ], [ 37.934315020959588, 49.380241823719139 ], [ 37.916114967242748, 49.379138077178929 ], [ 37.916211727427893, 49.380510518467212 ], [ 37.906398900851705, 49.382509939374778 ], [ 37.88964377151364, 49.382155501390706 ], [ 37.876599539302482, 49.377312360034857 ], [ 37.85934650109342, 49.38092476974375 ], [ 37.847008796188106, 49.381031129268806 ], [ 37.84714554414888, 49.387093622196431 ], [ 37.833880991953869, 49.395222528753521 ], [ 37.830219185448719, 49.401512934949089 ], [ 37.81788148054337, 49.39054270965152 ], [ 37.800360463610616, 49.395631916959154 ], [ 37.786415746099088, 49.399914796506607 ], [ 37.768130391861227, 49.403913062898781 ], [ 37.7645106, 49.3973763 ], [ 37.722188296437722, 49.412460368919824 ], [ 37.722758079607608, 49.417964474340963 ], [ 37.721944054470754, 49.419640498638998 ], [ 37.721752654069753, 49.425467558382081 ], [ 37.725205427799651, 49.427678228407338 ], [ 37.72125554232354, 49.436209509580081 ], [ 37.722692938688951, 49.442317415577648 ], [ 37.73769513262382, 49.448652397427978 ], [ 37.773489466416891, 49.465562403523819 ], [ 37.778039419689279, 49.481691143159175 ], [ 37.743505784100527, 49.490019254005112 ], [ 37.731854977354281, 49.499808200966697 ], [ 37.733753, 49.510818 ], [ 37.725910879814343, 49.515196073005271 ], [ 37.71268627713323, 49.513634410711184 ], [ 37.711795451418915, 49.50997306061462 ], [ 37.706165993700424, 49.50530083862153 ], [ 37.698189029321981, 49.501927722255793 ], [ 37.69461079101508, 49.502657044713253 ], [ 37.691881436791213, 49.527105928220571 ], [ 37.701053139389316, 49.552953704396536 ], [ 37.705277131955427, 49.555293613947555 ], [ 37.744189523904375, 49.557572746627095 ], [ 37.75915582850007, 49.555852001454078 ], [ 37.75958886370919, 49.557834846885292 ], [ 37.753835182841179, 49.562593288236528 ], [ 37.762205164557933, 49.569847051293394 ], [ 37.76734150334633, 49.57125378413177 ], [ 37.773135166003982, 49.575169067172354 ], [ 37.784728975112884, 49.576991444330723 ], [ 37.795241805872081, 49.585115645515359 ], [ 37.790812798359291, 49.593918284244339 ], [ 37.794384096214237, 49.60027294405468 ], [ 37.788874267768016, 49.603781370766285 ], [ 37.789229700059948, 49.607512012771757 ], [ 37.81908562230899, 49.614300359021257 ], [ 37.800032073107907, 49.627428163255495 ], [ 37.800030915920438, 49.637233817542835 ], [ 37.779018416785256, 49.642615768488135 ], [ 37.770309114011589, 49.654581002955673 ], [ 37.748500639132075, 49.65589040359351 ], [ 37.736606136330742, 49.6549432667791 ], [ 37.725252921987334, 49.642670860785969 ], [ 37.708318063808861, 49.641441189015758 ], [ 37.708310018261479, 49.648935404419412 ], [ 37.71738199426192, 49.654851380802008 ], [ 37.71757164930191, 49.656163161495293 ], [ 37.7137469, 49.6586836 ], [ 37.711597515542095, 49.665171775895011 ], [ 37.740162592668348, 49.668124522017131 ], [ 37.758254131429162, 49.666423170517739 ], [ 37.777709400986005, 49.673414831684482 ], [ 37.773206681469532, 49.691471791550995 ], [ 37.77532627486152, 49.693842089537732 ], [ 37.7756004, 49.6953775 ], [ 37.769446112548266, 49.703072576889923 ], [ 37.774411552525379, 49.723094919655253 ], [ 37.768890807719181, 49.734609214392691 ], [ 37.755642570603655, 49.738944185770656 ], [ 37.75189643533308, 49.740950131884787 ], [ 37.742180268615506, 49.742118307503169 ], [ 37.732916016628977, 49.73995101200223 ], [ 37.728933930931532, 49.737848776701121 ], [ 37.719636174063346, 49.73622166924919 ], [ 37.708548598998028, 49.735594070660582 ], [ 37.699077647793771, 49.738125689833737 ], [ 37.687477105728092, 49.746763550356988 ], [ 37.685625310425941, 49.747794857894505 ], [ 37.681887532831475, 49.750296206010304 ], [ 37.677431828442948, 49.752495569046076 ], [ 37.67502734346602, 49.754740514735438 ], [ 37.6691991, 49.7517112 ], [ 37.661711542416803, 49.751599715808112 ], [ 37.657147547594917, 49.752016951183407 ], [ 37.65443537970625, 49.753692113702876 ], [ 37.652726030196582, 49.754786097389065 ], [ 37.648167764837481, 49.756267533630798 ], [ 37.638481450949378, 49.772381001675235 ], [ 37.63392318559027, 49.773702898629374 ], [ 37.632145462100219, 49.776825310400362 ], [ 37.622026113003002, 49.776551814478815 ], [ 37.610972319507162, 49.783457586497839 ], [ 37.612197, 49.79171 ], [ 37.605597668551169, 49.796504370802609 ], [ 37.605612115162742, 49.797013836261733 ], [ 37.606478323225105, 49.797375537241955 ], [ 37.60958060163005, 49.797137952152973 ], [ 37.611766953723283, 49.801823178995534 ], [ 37.617446796710354, 49.804646090332803 ], [ 37.618440498430601, 49.804532241556316 ], [ 37.625065703159798, 49.814508287882539 ], [ 37.615969191904632, 49.816204689827593 ], [ 37.619124051299487, 49.823549424037026 ], [ 37.633881270561439, 49.824682359915379 ] ] ] ] } }
]
}
